customerID,gender,SeniorCitizen,Partner,Dependents,tenure,PhoneService,MultipleLines,InternetService,OnlineSecurity,OnlineBackup,DeviceProtection,TechSupport,StreamingTV,StreamingMovies,Contract,PaperlessBilling,PaymentMethod,MonthlyCharges,TotalCharges,Churn
8270-TOKH,Female,0,No,No,58,Yes,Yes,DSL,No,No,No,No,No,Yes,Month-to-month,No,Credit card (automatic),81.42,4709.71,No
6734-ZSWK,Male,1,Yes,No,44,No,No phone service,Fiber optic,Yes,No,No,Yes,Yes,No,Month-to-month,Yes,Bank transfer (automatic),90.88,4005.88,Yes
6578-XUDH,Male,0,No,No,25,No,No phone service,DSL,No,No,No,Yes,Yes,Yes,Month-to-month,No,Electronic check,73.38,1822.27,No
9322-VUBX,Female,0,No,No,64,Yes,No,No,No internet service,No internet service,No internet service,No internet service,No internet service,No internet service,Two year,Yes,Electronic check,36.47,2313.39,No
7949-BUAL,Male,1,Yes,No,10,Yes,No,DSL,No,Yes,Yes,Yes,No,No,Month-to-month,Yes,Bank transfer (automatic),75.8,724.63,No
4385-VLYQ,Female,0,Yes,No,49,Yes,No,Fiber optic,No,Yes,No,No,No,Yes,Two year,Yes,Mailed check,97.21,4740.92,No
9666-JPOO,Female,0,Yes,No,57,Yes,Yes,Fiber optic,No,Yes,Yes,Yes,No,No,Month-to-month,Yes,Credit card (automatic),114.78,6547.39,No
4005-SLWT,Female,0,Yes,Yes,33,Yes,No,Fiber optic,Yes,No,No,Yes,No,No,Month-to-month,No,Mailed check,87.9,2898.16,Yes
2528-CESG,Female,0,No,Yes,15,Yes,Yes,Fiber optic,Yes,Yes,No,Yes,Yes,No,Month-to-month,Yes,Electronic check,118.75,1778.19,Yes
6393-DYNR,Male,0,Yes,Yes,58,Yes,No,Fiber optic,No,No,Yes,No,No,No,One year,No,Bank transfer (automatic),91.16,5274.76,No
8513-UBTO,Male,0,Yes,No,0,Yes,Yes,DSL,No,No,No,Yes,Yes,Yes,Month-to-month,Yes,Electronic check,91.9, ,Yes
8099-GLHO,Female,0,Yes,No,40,Yes,Yes,DSL,No,No,Yes,Yes,Yes,No,One year,Yes,Credit card (automatic),95.84,3832.69,No
9226-NQDR,Female,0,Yes,No,27,Yes,Yes,No,No internet service,No internet service,No internet service,No internet service,No internet service,No internet service,Month-to-month,Yes,Electronic check,43.09,1170.21,No
4943-DBFV,Male,0,No,No,14,Yes,No,DSL,Yes,No,No,No,No,Yes,Two year,No,Electronic check,72.03,1023.05,No
4843-VRZL,Male,0,Yes,No,45,Yes,Yes,Fiber optic,No,No,Yes,No,Yes,No,Two year,Yes,Bank transfer (automatic),112.1,5012.21,No
1161-JDNP,Female,0,No,No,31,Yes,No,Fiber optic,No,No,Yes,Yes,Yes,Yes,Two year,No,Electronic check,113.0,3503.43,No
8629-WYHU,Male,0,Yes,No,38,Yes,No,Fiber optic,No,No,No,No,No,No,Two year,No,Bank transfer (automatic),85.71,3245.64,No
7863-MROU,Male,0,No,No,64,Yes,Yes,Fiber optic,No,No,Yes,No,Yes,No,Month-to-month,No,Mailed check,107.06,6850.7,No
5887-ZYMI,Male,1,No,No,72,Yes,No,Fiber optic,Yes,Yes,No,No,Yes,Yes,Month-to-month,No,Electronic check,114.32,8197.84,Yes
6276-OMAY,Female,0,Yes,No,10,Yes,Yes,Fiber optic,Yes,No,Yes,Yes,No,Yes,One year,No,Mailed check,118.75,1195.2,No
9006-IXAL,Male,0,No,No,69,Yes,Yes,No,No internet service,No internet service,No internet service,No internet service,No internet service,No internet service,Month-to-month,Yes,Mailed check,37.17,2588.05,No
3695-XKSQ,Male,0,Yes,No,33,Yes,Yes,Fiber optic,Yes,Yes,No,No,No,No,Month-to-month,Yes,Mailed check,104.48,3463.53,Yes
1391-CCAE,Male,0,Yes,No,49,Yes,No,Fiber optic,Yes,Yes,No,No,No,Yes,Month-to-month,No,Mailed check,104.37,5113.13,No
4561-GZIG,Male,0,Yes,Yes,43,Yes,No,Fiber optic,No,Yes,Yes,No,No,Yes,Two year,No,Bank transfer (automatic),103.68,4480.16,No
9392-HLBA,Male,0,Yes,Yes,13,Yes,No,DSL,No,Yes,No,No,No,No,Month-to-month,Yes,Mailed check,63.7,847.81,No
8215-WWXE,Female,0,Yes,Yes,71,Yes,Yes,No,No internet service,No internet service,No internet service,No internet service,No internet service,No internet service,Month-to-month,No,Bank transfer (automatic),44.26,3107.05,No
3731-HVCA,Male,0,Yes,No,24,Yes,No,No,No internet service,No internet service,No internet service,No internet service,No internet service,No internet service,Month-to-month,Yes,Electronic check,34.2,827.8,No
9110-NCAE,Male,0,Yes,No,67,Yes,Yes,DSL,No,No,No,Yes,No,No,Month-to-month,No,Credit card (automatic),75.94,5057.08,No
8385-WNGI,Male,0,No,No,49,No,No phone service,No,No internet service,No internet service,No internet service,No internet service,No internet service,No internet service,Two year,No,Electronic check,18.8,980.99,No
1206-OZJM,Male,0,Yes,No,31,Yes,Yes,DSL,No,No,No,No,Yes,No,Month-to-month,Yes,Credit card (automatic),78.55,2466.34,No
8858-GQTD,Female,0,Yes,Yes,54,Yes,Yes,DSL,No,No,Yes,No,Yes,Yes,Two year,Yes,Electronic check,96.57,5210.29,No
2757-EWGM,Female,1,No,Yes,24,Yes,No,Fiber optic,No,No,Yes,Yes,No,Yes,Month-to-month,No,Credit card (automatic),108.67,2599.21,Yes
2678-KDMG,Female,0,Yes,No,51,Yes,Yes,Fiber optic,No,No,No,No,Yes,No,Month-to-month,Yes,Credit card (automatic),99.69,5093.16,No
4157-BJMY,Male,0,Yes,No,55,Yes,No,Fiber optic,No,No,Yes,No,Yes,No,One year,No,Electronic check,95.57,5259.93,No
3693-LLTK,Male,0,Yes,No,21,Yes,Yes,No,No internet service,No internet service,No internet service,No internet service,No internet service,No internet service,Two year,No,Electronic check,46.88,997.41,No
2663-ZWYG,Female,0,No,No,46,Yes,No,Fiber optic,No,No,No,Yes,No,Yes,Month-to-month,Yes,Bank transfer (automatic),94.71,4308.53,Yes
8392-AYYT,Female,0,Yes,Yes,69,Yes,Yes,DSL,Yes,Yes,No,No,No,No,Month-to-month,No,Bank transfer (automatic),86.98,5998.25,No
6864-CGFH,Female,0,No,Yes,50,Yes,No,DSL,No,No,No,Yes,No,Yes,Month-to-month,No,Bank transfer (automatic),75.43,3775.29,No
6530-IEAS,Female,0,Yes,No,65,Yes,Yes,No,No internet service,No internet service,No internet service,No internet service,No internet service,No internet service,Month-to-month,Yes,Electronic check,46.81,3042.78,No
1663-OVXI,Female,0,Yes,No,69,Yes,Yes,Fiber optic,Yes,No,No,Yes,No,No,One year,Yes,Mailed check,99.22,6863.84,No
4763-QQZT,Female,0,Yes,No,64,No,No phone service,No,No internet service,No internet service,No internet service,No internet service,No internet service,No internet service,Month-to-month,Yes,Bank transfer (automatic),22.86,1478.06,No
2291-GBCQ,Male,1,No,No,21,Yes,Yes,Fiber optic,Yes,Yes,No,No,No,No,Month-to-month,Yes,Electronic check,104.93,2187.97,Yes
2636-QXQQ,Male,0,No,No,40,Yes,No,DSL,Yes,Yes,Yes,No,No,Yes,Two year,Yes,Bank transfer (automatic),90.03,3621.22,No
5737-VWEA,Female,0,Yes,No,46,Yes,Yes,No,No internet service,No internet service,No internet service,No internet service,No internet service,No internet service,Two year,Yes,Mailed check,41.2,1888.87,No
7528-SBUL,Male,0,Yes,No,59,No,No phone service,DSL,No,No,Yes,Yes,Yes,No,One year,No,Electronic check,63.97,3759.93,No
6791-FWDW,Male,0,No,No,21,Yes,Yes,No,No internet service,No internet service,No internet service,No internet service,No internet service,No internet service,Month-to-month,Yes,Credit card (automatic),42.26,871.68,No
1202-XQFX,Female,0,Yes,No,3,Yes,Yes,Fiber optic,No,No,No,Yes,Yes,No,Month-to-month,No,Electronic check,108.51,304.66,Yes
9004-TBFV,Female,0,No,Yes,43,Yes,Yes,Fiber optic,No,Yes,No,No,No,No,One year,Yes,Electronic check,93.89,4060.57,No
2930-PPAI,Male,1,No,No,40,Yes,No,DSL,Yes,Yes,Yes,Yes,Yes,No,Month-to-month,Yes,Bank transfer (automatic),100.13,3992.72,No
5282-FPCT,Male,0,Yes,No,37,Yes,No,Fiber optic,Yes,No,Yes,No,No,Yes,Month-to-month,Yes,Credit card (automatic),103.35,3857.98,Yes
3811-DSZC,Male,0,Yes,No,16,Yes,No,No,No internet service,No internet service,No internet service,No internet service,No internet service,No internet service,Two year,No,Mailed check,32.92,469.22,No
9338-TGTI,Female,0,No,No,16,Yes,No,No,No internet service,No internet service,No internet service,No internet service,No internet service,No internet service,Two year,Yes,Mailed check,36.89,600.3,No
3976-HGRH,Male,0,No,No,44,Yes,Yes,No,No internet service,No internet service,No internet service,No internet service,No internet service,No internet service,Two year,Yes,Credit card (automatic),46.69,2054.27,No
5736-KYYR,Female,1,No,Yes,45,Yes,No,Fiber optic,No,Yes,No,Yes,No,No,Month-to-month,No,Electronic check,97.42,4423.64,Yes
6534-JCGP,Female,0,Yes,No,7,Yes,No,No,No internet service,No internet service,No internet service,No internet service,No internet service,No internet service,Month-to-month,Yes,Bank transfer (automatic),36.77,264.69,No
9815-YTQB,Male,1,No,No,14,Yes,Yes,Fiber optic,No,No,No,No,No,No,Month-to-month,Yes,Electronic check,91.36,1305.7,Yes
6423-LEEW,Female,0,Yes,No,32,Yes,Yes,No,No internet service,No internet service,No internet service,No internet service,No internet service,No internet service,Month-to-month,No,Credit card (automatic),44.45,1429.16,No
8400-CSPP,Female,0,Yes,Yes,48,Yes,No,No,No internet service,No internet service,No internet service,No internet service,No internet service,No internet service,One year,No,Bank transfer (automatic),35.23,1715.38,No
2154-TXVX,Female,1,No,No,9,No,No phone service,No,No internet service,No internet service,No internet service,No internet service,No internet service,No internet service,Two year,No,Electronic check,18.25,121.07,No
2648-HDFH,Male,0,No,No,61,Yes,No,Fiber optic,No,No,No,Yes,No,No,Month-to-month,No,Bank transfer (automatic),87.31,5331.73,No
9445-CPYC,Male,0,Yes,No,54,Yes,Yes,No,No internet service,No internet service,No internet service,No internet service,No internet service,No internet service,Two year,No,Credit card (automatic),49.92,2727.58,No
3200-RNRB,Male,0,No,Yes,57,Yes,No,No,No internet service,No internet service,No internet service,No internet service,No internet service,No internet service,Month-to-month,No,Electronic check,37.31,2157.15,No
3869-CPID,Female,0,No,No,62,Yes,Yes,Fiber optic,Yes,Yes,Yes,No,No,No,Two year,Yes,Credit card (automatic),117.05,7251.27,No
9352-DANU,Male,0,Yes,Yes,10,Yes,No,DSL,Yes,No,No,No,Yes,No,Month-to-month,Yes,Credit card (automatic),77.72,756.96,Yes
5911-TXHG,Female,0,No,No,34,Yes,Yes,DSL,Yes,Yes,No,Yes,Yes,No,One year,No,Credit card (automatic),102.87,3470.99,No
2218-QAPL,Male,0,No,Yes,3,Yes,Yes,Fiber optic,Yes,No,Yes,No,No,Yes,Month-to-month,Yes,Mailed check,114.61,326.06,Yes
9050-VWVN,Female,0,No,No,65,Yes,No,DSL,Yes,Yes,Yes,No,Yes,No,Month-to-month,No,Bank transfer (automatic),91.33,5947.88,No
2693-FFMS,Male,1,No,No,32,Yes,No,Fiber optic,Yes,No,Yes,No,No,No,One year,No,Mailed check,93.49,2987.83,No
6895-BUAO,Male,0,Yes,No,72,Yes,Yes,DSL,No,Yes,No,Yes,No,No,One year,Yes,Electronic check,90.47,6526.88,No
6600-EPSD,Female,0,No,Yes,34,Yes,No,DSL,No,No,Yes,No,No,No,Month-to-month,Yes,Electronic check,65.8,2225.29,Yes
5642-QQLN,Female,0,Yes,Yes,37,No,No phone service,Fiber optic,No,No,No,No,No,No,Month-to-month,No,Mailed check,61.6,2325.99,Yes
4444-FCIE,Male,0,Yes,No,56,Yes,No,DSL,Yes,No,No,No,No,Yes,Month-to-month,Yes,Bank transfer (automatic),79.93,4495.0,No
3327-QNUC,Male,0,No,No,32,Yes,No,DSL,Yes,No,No,No,Yes,Yes,Month-to-month,Yes,Electronic check,87.06,2819.05,Yes
1699-ATUW,Female,0,No,No,43,Yes,Yes,Fiber optic,No,Yes,Yes,Yes,Yes,Yes,Month-to-month,Yes,Bank transfer (automatic),118.75,5097.69,Yes
2184-CRYJ,Male,0,Yes,No,52,Yes,No,No,No internet service,No internet service,No internet service,No internet service,No internet service,No internet service,Two year,Yes,Credit card (automatic),38.04,1947.69,No
6854-VZCH,Female,0,Yes,No,19,Yes,No,Fiber optic,Yes,No,No,No,No,Yes,Month-to-month,Yes,Mailed check,98.8,1895.45,Yes
3733-XROV,Female,0,No,No,62,Yes,No,DSL,Yes,Yes,Yes,No,Yes,Yes,Two year,No,Bank transfer (automatic),102.95,6369.88,No
2686-BJBZ,Female,0,Yes,No,50,Yes,No,Fiber optic,No,No,Yes,No,No,No,Month-to-month,Yes,Credit card (automatic),83.7,4202.11,No
1784-HAIK,Female,0,Yes,Yes,13,Yes,No,Fiber optic,No,No,Yes,No,No,Yes,Two year,Yes,Electronic check,98.77,1297.82,No
8343-GJWZ,Female,0,Yes,No,34,Yes,No,DSL,Yes,No,Yes,No,No,No,Two year,Yes,Electronic check,74.93,2548.52,No
6986-RYXM,Female,0,No,No,44,Yes,No,DSL,No,No,No,No,No,No,Month-to-month,No,Bank transfer (automatic),54.18,2385.84,No
7971-ZGYD,Female,0,Yes,No,32,No,No phone service,Fiber optic,Yes,No,Yes,Yes,No,Yes,Month-to-month,Yes,Mailed check,100.53,3245.69,Yes
5780-TAHN,Female,0,No,No,60,Yes,Yes,Fiber optic,No,No,No,No,No,No,Month-to-month,Yes,Credit card (automatic),88.75,5312.66,No
5495-NLSW,Female,0,No,Yes,71,Yes,No,Fiber optic,No,No,No,No,No,No,Two year,Yes,Bank transfer (automatic),78.12,5581.61,No
6919-WVSY,Female,1,No,Yes,52,No,No phone service,Fiber optic,No,Yes,Yes,No,No,Yes,Month-to-month,Yes,Mailed check,89.77,4691.56,No
4769-VZZV,Female,0,Yes,No,49,No,No phone service,DSL,No,No,No,Yes,No,Yes,Two year,No,Electronic check,63.03,3081.63,No
5777-FOVK,Female,0,Yes,Yes,14,Yes,Yes,Fiber optic,No,No,No,Yes,No,No,Two year,Yes,Bank transfer (automatic),99.2,1374.31,No
3491-EAHU,Female,0,Yes,No,41,No,No phone service,Fiber optic,No,Yes,Yes,No,No,Yes,Two year,No,Electronic check,87.57,3606.98,No
6691-LLEG,Female,0,Yes,Yes,19,Yes,Yes,DSL,No,Yes,Yes,No,No,No,Month-to-month,Yes,Mailed check,82.22,1593.55,No
6315-FMTO,Female,0,No,Yes,67,No,No phone service,DSL,No,Yes,No,No,Yes,Yes,Month-to-month,Yes,Credit card (automatic),79.45,5305.04,No
7966-HTPM,Female,1,Yes,Yes,6,Yes,No,Fiber optic,No,No,No,Yes,Yes,No,One year,No,Electronic check,98.03,556.77,No
5465-JSQX,Male,0,No,Yes,65,Yes,Yes,No,No internet service,No internet service,No internet service,No internet service,No internet service,No internet service,Two year,Yes,Credit card (automatic),44.35,2879.45,No
1830-SZWZ,Male,0,No,No,72,Yes,Yes,DSL,Yes,No,No,No,No,No,Month-to-month,No,Mailed check,77.37,5528.12,No
9932-ZUWI,Female,0,Yes,No,22,Yes,Yes,Fiber optic,Yes,Yes,No,No,Yes,No,Two year,Yes,Credit card (automatic),118.4,2600.52,No
2931-UAZZ,Male,0,Yes,Yes,35,Yes,No,DSL,Yes,No,Yes,No,Yes,No,Two year,No,Bank transfer (automatic),87.43,3084.0,No
1512-OBVP,Male,0,No,Yes,11,Yes,Yes,DSL,No,No,Yes,No,No,No,One year,Yes,Electronic check,84.57,947.75,No
4672-HMUA,Male,0,No,No,22,Yes,No,DSL,Yes,No,Yes,Yes,No,Yes,Month-to-month,No,Credit card (automatic),97.48,2126.26,No
4343-GEVW,Female,1,No,No,10,Yes,Yes,Fiber optic,Yes,No,Yes,No,No,Yes,Two year,No,Bank transfer (automatic),115.75,1148.51,No
9130-LZPS,Female,0,Yes,No,0,Yes,Yes,DSL,Yes,No,No,No,No,Yes,Month-to-month,No,Credit card (automatic),90.34, ,Yes
8253-YNEO,Female,0,No,Yes,38,Yes,No,Fiber optic,Yes,No,No,Yes,Yes,Yes,Month-to-month,Yes,Bank transfer (automatic),118.75,4493.87,Yes
3141-NTEL,Male,1,Yes,No,69,Yes,No,Fiber optic,No,No,No,Yes,Yes,Yes,Month-to-month,No,Mailed check,101.3,6993.62,No
7617-PUGD,Male,0,Yes,No,30,No,No phone service,Fiber optic,Yes,Yes,No,Yes,No,Yes,Month-to-month,Yes,Credit card (automatic),97.5,2898.0,Yes
8421-EWZJ,Female,0,Yes,No,8,Yes,Yes,DSL,Yes,Yes,No,No,No,No,One year,No,Credit card (automatic),88.82,698.13,No
3849-TJZS,Male,0,Yes,No,55,Yes,Yes,Fiber optic,Yes,No,Yes,No,Yes,Yes,Month-to-month,Yes,Bank transfer (automatic),118.75,6580.22,No
3489-AXEM,Male,1,No,No,17,Yes,No,No,No internet service,No internet service,No internet service,No internet service,No internet service,No internet service,Month-to-month,Yes,Electronic check,33.81,595.36,No
5611-PXPW,Female,0,Yes,Yes,58,Yes,No,Fiber optic,No,Yes,Yes,No,No,No,Month-to-month,No,Electronic check,97.93,5665.51,Yes
7303-TXLR,Male,0,No,Yes,66,Yes,No,DSL,Yes,Yes,No,No,No,Yes,Month-to-month,No,Bank transfer (automatic),89.24,5930.8,No
3427-AASK,Male,0,No,Yes,2,Yes,Yes,Fiber optic,No,No,No,Yes,Yes,No,One year,Yes,Electronic check,108.46,218.52,No
6732-LCAA,Female,0,No,No,29,Yes,No,Fiber optic,No,Yes,Yes,No,Yes,No,Two year,Yes,Electronic check,104.77,2991.06,No
4913-KLML,Male,0,Yes,Yes,63,Yes,No,DSL,Yes,No,No,No,No,No,Month-to-month,No,Electronic check,68.29,4311.66,No
6726-NBSR,Female,1,No,No,69,No,No phone service,Fiber optic,No,No,Yes,Yes,No,Yes,Month-to-month,No,Bank transfer (automatic),89.24,6155.49,No
3082-WQZH,Female,0,Yes,No,1,Yes,No,DSL,Yes,No,No,No,No,Yes,Month-to-month,Yes,Mailed check,81.84,83.63,Yes
7748-ZJZB,Female,0,No,Yes,19,Yes,Yes,Fiber optic,No,No,Yes,No,No,No,Month-to-month,No,Electronic check,99.16,1898.28,Yes
9306-IGDZ,Female,0,No,No,28,Yes,Yes,Fiber optic,Yes,No,No,No,No,No,Month-to-month,No,Mailed check,94.32,2615.42,Yes
8668-RMKX,Female,1,Yes,No,8,Yes,No,No,No internet service,No internet service,No internet service,No internet service,No internet service,No internet service,Month-to-month,No,Mailed check,29.61,190.95,No
8587-YUYD,Female,0,Yes,Yes,3,Yes,No,Fiber optic,Yes,Yes,Yes,No,Yes,No,Month-to-month,No,Electronic check,112.61,383.85,Yes
6988-IXCQ,Female,1,No,Yes,39,Yes,Yes,Fiber optic,No,Yes,No,No,No,Yes,Two year,No,Electronic check,102.66,3976.96,No
2122-PDRQ,Male,1,No,No,54,Yes,Yes,Fiber optic,No,Yes,No,No,Yes,Yes,Month-to-month,Yes,Credit card (automatic),118.75,6408.72,No
3143-XWEL,Female,1,Yes,Yes,12,No,No phone service,DSL,No,No,Yes,No,No,No,Two year,No,Electronic check,53.11,622.03,No
4440-WMWY,Male,1,No,No,5,Yes,No,No,No internet service,No internet service,No internet service,No internet service,No internet service,No internet service,Month-to-month,Yes,Credit card (automatic),33.79,177.38,No
3914-IQQT,Male,1,Yes,Yes,72,No,No phone service,DSL,No,Yes,No,No,Yes,No,One year,Yes,Mailed check,61.09,4366.68,No
1728-VMSQ,Female,0,No,No,25,Yes,No,Fiber optic,Yes,No,No,No,No,No,One year,No,Bank transfer (automatic),88.96,2218.33,No
1395-ISLI,Male,0,Yes,No,40,Yes,No,DSL,No,No,Yes,No,Yes,Yes,Two year,No,Mailed check,91.9,3640.72,No
3502-NTSZ,Female,0,No,Yes,41,Yes,Yes,DSL,Yes,Yes,No,Yes,Yes,Yes,Month-to-month,Yes,Bank transfer (automatic),113.65,4621.53,No
6486-PUEC,Female,0,No,Yes,60,Yes,Yes,Fiber optic,Yes,No,No,No,Yes,No,Month-to-month,Yes,Electronic check,108.6,6518.85,Yes
5491-YTUD,Female,0,No,Yes,61,Yes,No,Fiber optic,Yes,Yes,No,No,Yes,No,Two year,Yes,Electronic check,112.74,6868.89,No
4636-WPYG,Female,0,No,No,67,Yes,No,No,No internet service,No internet service,No internet service,No internet service,No internet service,No internet service,One year,No,Mailed check,35.92,2411.84,No
3156-UJZG,Female,0,Yes,No,20,Yes,No,DSL,No,Yes,No,Yes,No,No,Month-to-month,Yes,Mailed check,76.79,1529.75,No
7541-ZECW,Female,1,Yes,Yes,30,Yes,Yes,DSL,No,No,Yes,No,Yes,No,Month-to-month,No,Electronic check,91.05,2720.14,Yes
9924-KKRO,Male,0,Yes,No,42,Yes,Yes,Fiber optic,Yes,Yes,No,No,No,Yes,One year,Yes,Credit card (automatic),116.3,4881.44,No
7731-IJZL,Male,0,Yes,No,20,Yes,Yes,No,No internet service,No internet service,No internet service,No internet service,No internet service,No internet service,Month-to-month,Yes,Mailed check,51.72,1014.87,No
8056-FGNM,Male,0,Yes,No,28,No,No phone service,Fiber optic,Yes,No,No,No,No,Yes,Month-to-month,No,Credit card (automatic),85.4,2394.86,Yes
2191-JIRZ,Male,0,No,No,54,Yes,No,No,No internet service,No internet service,No internet service,No internet service,No internet service,No internet service,One year,Yes,Mailed check,30.68,1623.02,No
2540-EFSH,Male,0,No,No,57,Yes,Yes,DSL,Yes,No,Yes,No,No,No,One year,Yes,Mailed check,84.42,4819.38,No
2365-TQGY,Female,1,Yes,No,23,No,No phone service,DSL,Yes,No,No,No,No,Yes,One year,Yes,Credit card (automatic),61.05,1406.61,No
2324-DDFS,Male,0,Yes,No,44,Yes,No,DSL,Yes,Yes,No,No,No,Yes,One year,Yes,Electronic check,89.69,3941.06,No
7588-LVGJ,Female,0,Yes,Yes,8,Yes,No,Fiber optic,Yes,Yes,Yes,No,Yes,No,Month-to-month,No,Electronic check,110.99,929.91,Yes
6977-SGCM,Female,0,No,Yes,65,Yes,No,Fiber optic,No,No,Yes,No,Yes,No,Two year,No,Electronic check,96.96,6319.18,No
5748-RZTH,Female,0,No,No,1,No,No phone service,DSL,No,No,Yes,No,No,No,Month-to-month,Yes,Electronic check,49.38,57.79,Yes
4072-CMYQ,Female,0,Yes,No,36,Yes,Yes,Fiber optic,Yes,No,No,No,Yes,Yes,Month-to-month,Yes,Mailed check,117.05,4201.68,Yes
8576-XAFU,Female,0,No,No,36,Yes,Yes,No,No internet service,No internet service,No internet service,No internet service,No internet service,No internet service,Month-to-month,Yes,Bank transfer (automatic),42.46,1541.9,No
1133-ZLMM,Female,1,Yes,No,68,Yes,Yes,Fiber optic,No,No,Yes,No,No,Yes,Two year,No,Mailed check,112.62,7665.09,No
2852-OUPV,Female,0,Yes,No,45,Yes,Yes,Fiber optic,No,No,Yes,Yes,Yes,No,Month-to-month,Yes,Credit card (automatic),115.7,5216.65,Yes
6348-DCST,Male,0,Yes,Yes,5,Yes,No,DSL,No,No,Yes,No,Yes,Yes,Two year,No,Electronic check,92.91,446.42,No
7190-IQNO,Female,1,No,Yes,47,Yes,No,Fiber optic,No,Yes,No,Yes,Yes,No,Month-to-month,No,Electronic check,105.29,4940.28,Yes
4486-AUVV,Female,1,Yes,Yes,7,Yes,No,DSL,No,Yes,No,Yes,No,No,One year,Yes,Electronic check,78.13,538.51,No
4330-PWYK,Male,0,Yes,No,31,Yes,No,Fiber optic,Yes,No,No,Yes,No,Yes,Month-to-month,Yes,Electronic check,100.68,3115.06,Yes
2353-PHFL,Male,0,Yes,Yes,66,Yes,Yes,No,No internet service,No internet service,No internet service,No internet service,No internet service,No internet service,One year,Yes,Electronic check,44.78,2955.53,No
8575-UHZD,Female,0,Yes,Yes,72,Yes,No,No,No internet service,No internet service,No internet service,No internet service,No internet service,No internet service,Two year,Yes,Electronic check,29.43,2091.85,No
4719-ZREI,Male,0,No,No,67,Yes,Yes,No,No internet service,No internet service,No internet service,No internet service,No internet service,No internet service,One year,No,Mailed check,41.64,2788.67,No
5835-VQIA,Female,0,Yes,Yes,27,Yes,No,No,No internet service,No internet service,No internet service,No internet service,No internet service,No internet service,Two year,No,Bank transfer (automatic),35.93,932.99,No
7132-TMPM,Female,0,No,No,39,Yes,Yes,No,No internet service,No internet service,No internet service,No internet service,No internet service,No internet service,Month-to-month,No,Mailed check,48.39,1922.58,No
2581-CFRS,Female,0,Yes,No,15,Yes,No,DSL,Yes,Yes,No,No,Yes,No,One year,Yes,Bank transfer (automatic),86.43,1275.95,No
1255-EOYB,Female,0,Yes,Yes,56,Yes,Yes,DSL,No,Yes,No,Yes,Yes,Yes,Month-to-month,Yes,Electronic check,107.54,6009.66,No
1009-XRME,Male,0,Yes,Yes,54,Yes,Yes,No,No internet service,No internet service,No internet service,No internet service,No internet service,No internet service,Month-to-month,Yes,Electronic check,40.03,2156.51,No
2015-AVAR,Male,1,Yes,No,38,Yes,No,Fiber optic,No,Yes,No,No,No,Yes,Month-to-month,Yes,Credit card (automatic),93.41,3562.81,Yes
9415-OQKU,Male,0,Yes,No,54,Yes,No,Fiber optic,Yes,No,No,No,No,No,Month-to-month,Yes,Mailed check,85.25,4618.69,No
8449-YVQM,Female,0,Yes,No,29,Yes,Yes,Fiber optic,No,No,No,No,No,No,Two year,Yes,Electronic check,93.62,2697.59,No
5000-BICA,Female,0,No,No,41,Yes,No,Fiber optic,Yes,Yes,No,Yes,No,Yes,Month-to-month,Yes,Bank transfer (automatic),111.41,4562.47,Yes
1404-PWFQ,Male,0,No,No,4,Yes,Yes,DSL,Yes,No,Yes,Yes,No,No,Month-to-month,No,Mailed check,88.05,371.79,Yes
6989-CUWE,Male,0,No,Yes,44,Yes,Yes,No,No internet service,No internet service,No internet service,No internet service,No internet service,No internet service,Month-to-month,No,Electronic check,48.14,2106.07,No
4636-EJJS,Female,0,Yes,No,63,Yes,No,No,No internet service,No internet service,No internet service,No internet service,No internet service,No internet service,Month-to-month,No,Electronic check,35.07,2177.68,No
8245-INAS,Male,0,Yes,Yes,31,Yes,Yes,Fiber optic,Yes,No,No,Yes,Yes,Yes,Month-to-month,Yes,Credit card (automatic),118.75,3693.64,Yes
5780-MDAQ,Male,0,Yes,No,11,Yes,No,DSL,No,No,No,No,No,Yes,Two year,Yes,Mailed check,67.01,726.96,No
4419-HGZZ,Female,0,No,Yes,65,Yes,Yes,DSL,No,Yes,Yes,Yes,No,No,One year,Yes,Credit card (automatic),90.97,5881.37,No
9865-VVCR,Male,0,No,No,51,Yes,Yes,Fiber optic,No,No,No,No,Yes,No,Month-to-month,Yes,Electronic check,99.48,5099.65,Yes
5363-AVLE,Female,0,No,No,70,Yes,Yes,Fiber optic,No,Yes,Yes,No,No,Yes,Month-to-month,No,Credit card (automatic),113.41,7902.5,No
8901-YQPO,Male,0,Yes,Yes,31,Yes,No,Fiber optic,No,Yes,No,Yes,Yes,No,Month-to-month,Yes,Credit card (automatic),97.69,3050.51,Yes
2252-UNBK,Male,0,Yes,Yes,34,Yes,No,DSL,Yes,No,No,Yes,Yes,No,Two year,Yes,Electronic check,83.34,2828.32,No
5530-GFBF,Female,0,Yes,No,5,Yes,No,No,No internet service,No internet service,No internet service,No internet service,No internet service,No internet service,Month-to-month,Yes,Bank transfer (automatic),31.77,184.45,No
7241-ROSB,Female,0,Yes,Yes,21,Yes,No,Fiber optic,Yes,No,Yes,No,Yes,No,Month-to-month,No,Mailed check,99.58,2071.94,Yes
2331-YFAX,Female,0,Yes,No,46,Yes,No,Fiber optic,No,Yes,No,No,No,Yes,Month-to-month,Yes,Mailed check,96.35,4414.24,Yes
6115-WJSQ,Female,0,Yes,No,12,Yes,Yes,DSL,No,Yes,Yes,Yes,No,Yes,One year,No,Bank transfer (automatic),99.95,1202.82,No
3180-DJXQ,Female,0,Yes,No,22,Yes,Yes,No,No internet service,No internet service,No internet service,No internet service,No internet service,No internet service,One year,Yes,Bank transfer (automatic),43.34,969.39,No
6449-QTXE,Female,0,Yes,No,43,Yes,Yes,Fiber optic,Yes,Yes,No,Yes,Yes,No,Month-to-month,No,Electronic check,118.75,5101.5,Yes
8941-UBMK,Male,0,Yes,No,8,Yes,No,DSL,No,No,Yes,Yes,No,Yes,One year,Yes,Bank transfer (automatic),85.08,664.63,No
2906-OYWW,Male,1,No,Yes,58,Yes,Yes,Fiber optic,Yes,No,No,No,Yes,No,Two year,Yes,Electronic check,104.05,6006.9,No
7238-KVPH,Female,0,Yes,No,29,No,No phone service,Fiber optic,No,No,No,Yes,No,No,Month-to-month,Yes,Credit card (automatic),74.61,2146.88,No
9472-CCRZ,Female,0,Yes,No,43,Yes,No,No,No internet service,No internet service,No internet service,No internet service,No internet service,No internet service,One year,Yes,Electronic check,34.93,1468.46,No
8570-UERJ,Female,1,No,No,48,Yes,No,Fiber optic,No,Yes,No,No,Yes,No,Month-to-month,Yes,Credit card (automatic),96.11,4633.97,Yes
4900-VUFA,Male,0,No,No,15,Yes,No,DSL,Yes,No,No,No,Yes,No,Two year,Yes,Electronic check,76.6,1165.79,No
7376-LZNB,Male,0,Yes,No,52,No,No phone service,Fiber optic,No,Yes,No,Yes,No,No,Month-to-month,Yes,Credit card (automatic),83.08,4312.7,No
8240-ZYOY,Male,0,No,No,1,Yes,Yes,DSL,No,Yes,Yes,Yes,Yes,No,Month-to-month,Yes,Electronic check,107.84,107.84,Yes
7493-KPQZ,Male,0,Yes,No,66,Yes,Yes,Fiber optic,No,Yes,No,Yes,Yes,No,One year,No,Credit card (automatic),113.65,7486.86,No
2276-TOOX,Female,0,Yes,No,41,Yes,No,Fiber optic,Yes,Yes,No,Yes,Yes,Yes,Two year,Yes,Credit card (automatic),118.75,4823.11,No
9717-ZWNX,Male,0,Yes,No,63,Yes,No,DSL,Yes,No,No,No,Yes,Yes,Month-to-month,Yes,Electronic check,85.43,5378.3,No
1364-ZNXS,Male,0,Yes,No,7,Yes,No,No,No internet service,No internet service,No internet service,No internet service,No internet service,No internet service,Month-to-month,Yes,Bank transfer (automatic),36.0,243.18,No
6126-COWN,Male,0,No,Yes,72,Yes,Yes,Fiber optic,No,No,No,Yes,Yes,No,Month-to-month,No,Electronic check,105.73,7633.07,No
7506-OMRZ,Female,0,Yes,No,20,Yes,No,DSL,Yes,Yes,No,No,No,No,One year,Yes,Electronic check,69.39,1375.27,No
7949-CSOY,Male,0,Yes,No,59,Yes,Yes,DSL,Yes,No,Yes,No,Yes,Yes,Month-to-month,No,Bank transfer (automatic),108.25,6404.47,No
6750-EJGY,Female,1,No,No,33,Yes,Yes,Fiber optic,No,No,No,Yes,No,Yes,Two year,Yes,Electronic check,110.3,3606.87,No
2296-GVZL,Male,0,Yes,No,3,Yes,No,Fiber optic,No,No,No,No,No,Yes,Month-to-month,Yes,Bank transfer (automatic),91.5,328.14,Yes
5632-QMTY,Male,0,No,No,61,Yes,No,DSL,No,No,No,No,Yes,No,Month-to-month,Yes,Mailed check,70.22,4258.82,No
8561-CIMR,Male,0,Yes,No,1,Yes,No,Fiber optic,No,Yes,No,Yes,No,No,One year,No,Credit card (automatic),99.94,101.18,No
7371-OVBO,Female,0,Yes,No,49,Yes,Yes,DSL,No,No,No,No,Yes,No,Two year,No,Electronic check,85.46,4152.46,No
8943-HQLS,Male,0,Yes,No,25,Yes,No,DSL,No,No,No,Yes,Yes,No,One year,No,Electronic check,76.21,1925.24,No
3472-EFTZ,Male,1,No,Yes,36,No,No phone service,DSL,No,No,No,No,No,Yes,Month-to-month,Yes,Electronic check,57.06,2048.92,Yes
2761-XMFE,Female,0,No,No,54,Yes,No,DSL,No,No,No,No,Yes,No,Two year,No,Bank transfer (automatic),71.7,3874.06,No
2460-VUFF,Male,0,Yes,No,17,Yes,No,DSL,No,Yes,No,No,No,Yes,Two year,No,Bank transfer (automatic),82.42,1432.78,No
6622-PDKX,Male,0,Yes,No,23,Yes,No,No,No internet service,No internet service,No internet service,No internet service,No internet service,No internet service,Two year,Yes,Electronic check,34.29,782.13,No
9434-HEDX,Male,0,No,No,29,Yes,No,Fiber optic,No,No,Yes,No,Yes,No,One year,Yes,Bank transfer (automatic),93.65,2704.32,No
6342-FBTK,Male,0,No,No,16,No,No phone service,Fiber optic,No,No,No,Yes,No,No,Two year,No,Mailed check,71.44,1112.1,No
9195-OFVQ,Male,0,No,No,41,Yes,No,Fiber optic,Yes,No,Yes,No,Yes,No,One year,Yes,Credit card (automatic),107.82,4414.57,No
3551-FSYB,Female,1,No,No,11,Yes,No,DSL,No,No,Yes,Yes,No,Yes,Month-to-month,No,Bank transfer (automatic),84.93,888.12,Yes
1846-KHZS,Male,0,No,No,26,Yes,Yes,No,No internet service,No internet service,No internet service,No internet service,No internet service,No internet service,Month-to-month,Yes,Mailed check,40.53,1042.14,No
7316-LEFZ,Male,1,Yes,Yes,54,Yes,No,DSL,Yes,Yes,No,No,Yes,No,Two year,Yes,Bank transfer (automatic),88.95,4829.07,No
9915-ATQL,Female,0,No,Yes,3,No,No phone service,No,No internet service,No internet service,No internet service,No internet service,No internet service,No internet service,Two year,No,Bank transfer (automatic),18.25,85.29,No
3048-ZNFE,Female,0,Yes,No,34,Yes,Yes,DSL,No,No,Yes,No,No,Yes,Two year,No,Mailed check,86.5,2950.43,No
2917-KDMK,Male,0,No,Yes,64,No,No phone service,DSL,No,No,No,No,No,Yes,Month-to-month,Yes,Mailed check,52.94,3351.57,No
4744-FRXJ,Male,1,Yes,No,28,Yes,No,No,No internet service,No internet service,No internet service,No internet service,No internet service,No internet service,Month-to-month,Yes,Bank transfer (automatic),35.23,988.93,No
1260-WJLB,Male,0,No,Yes,71,No,No phone service,DSL,No,No,Yes,Yes,Yes,Yes,Month-to-month,No,Credit card (automatic),80.45,5719.41,No
3060-HBTA,Female,0,No,No,71,Yes,Yes,DSL,No,Yes,Yes,No,Yes,Yes,Month-to-month,Yes,Mailed check,107.72,7649.01,No
2342-EIQI,Male,1,No,No,35,Yes,No,DSL,Yes,No,No,Yes,Yes,Yes,Two year,Yes,Credit card (automatic),99.03,3450.84,No
2994-OXFW,Female,0,No,No,33,Yes,No,Fiber optic,Yes,No,No,No,No,Yes,Month-to-month,Yes,Credit card (automatic),97.95,3207.31,Yes
4490-QELR,Female,0,No,Yes,35,Yes,Yes,DSL,Yes,No,No,Yes,No,No,One year,No,Mailed check,86.41,3002.51,No
2908-XKIB,Female,0,No,No,54,Yes,No,Fiber optic,Yes,Yes,Yes,No,Yes,No,Month-to-month,Yes,Electronic check,118.58,6384.86,Yes
3635-CCAH,Male,0,Yes,Yes,3,Yes,No,DSL,No,Yes,No,Yes,No,No,Month-to-month,No,Credit card (automatic),74.57,206.33,No
4391-VHKI,Male,1,Yes,No,10,No,No phone service,Fiber optic,Yes,No,No,No,Yes,No,Month-to-month,Yes,Mailed check,83.67,842.79,Yes
7413-CUEE,Male,0,No,No,58,Yes,No,Fiber optic,No,No,Yes,Yes,No,No,Month-to-month,No,Mailed check,92.78,5381.53,No
3898-NZDY,Female,0,No,No,2,Yes,No,Fiber optic,No,No,No,No,No,No,Two year,No,Credit card (automatic),82.65,207.6,No
2065-YRHH,Male,0,Yes,No,11,Yes,Yes,DSL,Yes,No,No,No,Yes,No,One year,Yes,Electronic check,87.72,961.45,No
7943-SFAW,Male,0,No,No,72,Yes,Yes,No,No internet service,No internet service,No internet service,No internet service,No internet service,No internet service,Month-to-month,No,Electronic check,49.61,3591.32,No
5670-OAYQ,Female,0,Yes,Yes,20,Yes,No,DSL,Yes,No,Yes,No,Yes,Yes,Two year,Yes,Bank transfer (automatic),97.41,1949.67,No
2248-OWBN,Female,0,Yes,No,21,Yes,No,Fiber optic,No,No,Yes,No,No,No,One year,No,Electronic check,85.07,1781.52,No
4687-HSGS,Female,0,No,No,17,Yes,Yes,Fiber optic,No,No,No,No,No,No,Month-to-month,No,Bank transfer (automatic),89.42,1516.6,Yes
9389-FCGS,Female,0,No,Yes,5,Yes,Yes,Fiber optic,No,No,No,No,No,No,Two year,Yes,Mailed check,94.76,514.82,No
9135-JTOO,Female,0,No,No,64,Yes,No,DSL,Yes,No,Yes,Yes,Yes,No,Month-to-month,Yes,Electronic check,103.26,6578.86,No
6788-ATGD,Male,0,No,Yes,54,Yes,No,DSL,Yes,No,No,No,No,Yes,Month-to-month,No,Credit card (automatic),80.49,4354.16,No
3204-FYAE,Female,0,Yes,Yes,39,Yes,Yes,No,No internet service,No internet service,No internet service,No internet service,No internet service,No internet service,Two year,Yes,Mailed check,37.32,1434.66,No
1950-ADVB,Male,0,Yes,No,51,Yes,No,Fiber optic,No,Yes,No,No,Yes,Yes,Month-to-month,Yes,Electronic check,110.14,5609.56,Yes
5612-JAVF,Female,0,No,No,43,Yes,Yes,Fiber optic,No,No,Yes,No,No,No,Month-to-month,No,Credit card (automatic),103.01,4424.93,Yes
7028-ODMX,Male,1,No,No,61,Yes,Yes,Fiber optic,No,Yes,Yes,No,Yes,Yes,Two year,Yes,Electronic check,118.75,7261.17,No
8863-OHEO,Male,0,Yes,No,28,Yes,No,DSL,Yes,Yes,Yes,Yes,No,No,Month-to-month,No,Electronic check,100.45,2774.19,No
3371-LMBS,Female,0,No,Yes,18,Yes,Yes,No,No internet service,No internet service,No internet service,No internet service,No internet service,No internet service,Two year,No,Mailed check,43.99,786.0,No
7898-DDZK,Female,0,No,Yes,27,Yes,Yes,DSL,No,No,Yes,Yes,No,No,Month-to-month,No,Credit card (automatic),87.07,2324.47,No
3116-TKJH,Male,0,No,No,18,Yes,No,Fiber optic,No,Yes,No,No,No,Yes,One year,Yes,Electronic check,90.59,1658.72,No
7166-OZNK,Female,0,No,No,30,Yes,Yes,DSL,Yes,No,Yes,No,No,Yes,Month-to-month,Yes,Credit card (automatic),95.74,2837.96,No
3443-ZMHR,Female,0,Yes,Yes,53,Yes,Yes,Fiber optic,Yes,Yes,Yes,No,Yes,No,Month-to-month,No,Electronic check,118.75,6248.99,Yes
1984-AOHK,Female,0,Yes,No,61,Yes,No,Fiber optic,Yes,No,Yes,Yes,No,No,Two year,Yes,Bank transfer (automatic),102.56,6261.87,No
4531-LDPD,Female,0,No,No,13,Yes,Yes,DSL,No,No,No,No,Yes,No,Two year,No,Mailed check,83.92,1091.0,No
4876-HJQZ,Female,0,No,Yes,49,Yes,No,DSL,Yes,No,No,Yes,No,No,Two year,Yes,Electronic check,77.39,3783.97,No
7024-VSNH,Female,0,Yes,No,58,Yes,Yes,DSL,No,No,No,No,Yes,No,One year,Yes,Mailed check,81.44,4726.57,No
4368-VKWA,Female,0,No,No,69,Yes,Yes,DSL,No,No,No,Yes,No,Yes,Month-to-month,Yes,Electronic check,88.46,6105.22,No
6732-UZND,Female,0,No,Yes,57,Yes,Yes,Fiber optic,No,No,Yes,No,Yes,No,One year,No,Electronic check,107.88,6149.06,No
4030-YAVW,Male,0,Yes,No,8,No,No phone service,Fiber optic,Yes,Yes,No,No,Yes,No,One year,No,Credit card (automatic),93.0,751.52,No
7514-HOUO,Male,0,No,No,56,Yes,No,Fiber optic,No,Yes,No,Yes,No,No,Two year,No,Credit card (automatic),95.8,5363.82,No
8112-UIJT,Female,0,Yes,No,40,Yes,No,DSL,Yes,No,No,No,Yes,No,One year,Yes,Bank transfer (automatic),80.06,3211.92,No
7456-UZIC,Female,0,Yes,No,26,Yes,Yes,No,No internet service,No internet service,No internet service,No internet service,No internet service,No internet service,One year,No,Credit card (automatic),44.32,1151.76,No
9766-TYZK,Male,1,No,No,57,No,No phone service,Fiber optic,No,No,No,No,No,No,Month-to-month,Yes,Bank transfer (automatic),66.62,3801.34,No
8973-BGRB,Female,0,Yes,Yes,67,Yes,No,DSL,No,No,No,Yes,Yes,No,One year,No,Electronic check,78.16,5220.63,No
7490-QKLS,Female,0,Yes,No,57,Yes,No,Fiber optic,Yes,No,Yes,No,No,No,Month-to-month,No,Credit card (automatic),96.53,5508.88,No
2205-XYGT,Female,1,No,No,23,Yes,No,DSL,No,Yes,No,No,Yes,No,Two year,No,Electronic check,72.83,1671.5,No
4572-XAQK,Female,0,No,Yes,61,Yes,No,Fiber optic,Yes,No,Yes,Yes,No,Yes,Month-to-month,Yes,Mailed check,108.06,6567.97,No
5757-ZRUQ,Male,0,No,Yes,66,Yes,No,Fiber optic,No,Yes,No,No,No,No,Month-to-month,Yes,Mailed check,89.95,5918.23,No
1966-QTIQ,Female,1,Yes,No,2,No,No phone service,Fiber optic,Yes,Yes,Yes,Yes,Yes,No,Month-to-month,Yes,Mailed check,107.6,209.39,Yes
5243-VVHQ,Male,0,Yes,No,50,Yes,No,DSL,Yes,Yes,Yes,No,No,Yes,Two year,Yes,Bank transfer (automatic),93.23,4665.05,No
5422-AMWS,Female,0,No,Yes,66,No,No phone service,Fiber optic,No,Yes,No,No,No,Yes,One year,No,Electronic check,79.94,5272.94,No
9058-XSQM,Male,0,Yes,No,56,Yes,Yes,No,No internet service,No internet service,No internet service,No internet service,No internet service,No internet service,Two year,No,Bank transfer (automatic),46.59,2578.77,No
9477-PHSR,Male,1,No,Yes,19,Yes,No,DSL,Yes,No,No,Yes,Yes,No,Two year,No,Mailed check,83.43,1546.38,No
1768-NSOR,Male,0,Yes,Yes,44,Yes,Yes,DSL,No,Yes,No,No,No,Yes,One year,Yes,Electronic check,86.15,3769.81,No
7645-QRFS,Female,0,Yes,No,5,Yes,Yes,Fiber optic,No,No,No,No,Yes,No,Month-to-month,No,Credit card (automatic),97.87,472.62,Yes
5926-DAHW,Female,0,Yes,No,32,Yes,No,Fiber optic,No,Yes,Yes,Yes,No,No,Month-to-month,No,Mailed check,99.99,3222.09,Yes
9038-CJJS,Female,0,Yes,No,42,Yes,No,Fiber optic,Yes,Yes,No,No,No,No,Two year,Yes,Credit card (automatic),98.48,4125.65,No
7305-AWWR,Male,0,No,No,49,Yes,Yes,Fiber optic,No,Yes,No,No,Yes,No,Month-to-month,Yes,Electronic check,107.58,5281.58,Yes
4462-HAYW,Female,0,No,Yes,26,Yes,Yes,Fiber optic,No,Yes,No,No,Yes,No,Two year,No,Credit card (automatic),107.99,2812.08,No
6954-XWHV,Female,0,Yes,No,29,Yes,No,DSL,Yes,No,No,No,No,Yes,Month-to-month,No,Electronic check,70.17,2062.92,Yes
4310-ECSA,Male,0,No,Yes,17,No,No phone service,DSL,No,Yes,No,Yes,No,Yes,Month-to-month,No,Credit card (automatic),72.26,1227.86,No
4675-OHBC,Female,0,No,No,29,Yes,Yes,Fiber optic,No,Yes,Yes,No,No,No,Month-to-month,No,Bank transfer (automatic),105.21,3065.17,Yes
3143-XNXN,Male,0,Yes,No,14,Yes,No,No,No internet service,No internet service,No internet service,No internet service,No internet service,No internet service,Month-to-month,Yes,Bank transfer (automatic),35.4,485.38,No
3538-PDTE,Female,0,Yes,Yes,61,Yes,Yes,DSL,No,No,No,No,Yes,No,Month-to-month,Yes,Mailed check,76.79,4709.07,No
7612-NWPR,Male,0,Yes,Yes,20,Yes,Yes,No,No internet service,No internet service,No internet service,No internet service,No internet service,No internet service,One year,Yes,Bank transfer (automatic),47.93,951.65,No
7150-JGAW,Male,1,No,No,11,No,No phone service,No,No internet service,No internet service,No internet service,No internet service,No internet service,No internet service,One year,No,Credit card (automatic),20.52,211.49,No
5242-PSDR,Male,0,No,No,48,Yes,Yes,Fiber optic,No,Yes,Yes,Yes,No,No,One year,Yes,Electronic check,114.12,5482.75,No
9705-AOET,Male,0,No,Yes,0,Yes,Yes,No,No internet service,No internet service,No internet service,No internet service,No internet service,No internet service,Month-to-month,No,Mailed check,47.2, ,No
4594-JBCW,Male,0,No,No,54,Yes,No,Fiber optic,Yes,No,No,No,No,No,Month-to-month,No,Electronic check,83.83,4532.72,Yes
5491-TEEF,Male,0,No,No,24,Yes,Yes,Fiber optic,No,No,No,No,Yes,No,Month-to-month,Yes,Bank transfer (automatic),105.11,2522.11,Yes
2279-IBUL,Male,0,No,No,46,Yes,Yes,Fiber optic,No,Yes,No,No,No,Yes,Month-to-month,No,Mailed check,107.73,4939.66,Yes
6986-TZVL,Female,0,No,No,72,Yes,No,No,No internet service,No internet service,No internet service,No internet service,No internet service,No internet service,Two year,Yes,Credit card (automatic),30.86,2213.37,No
3679-NWQR,Male,0,Yes,No,38,Yes,Yes,No,No internet service,No internet service,No internet service,No internet service,No internet service,No internet service,Month-to-month,No,Electronic check,39.1,1465.66,No
4186-QNIH,Female,0,Yes,No,26,No,No phone service,No,No internet service,No internet service,No internet service,No internet service,No internet service,No internet service,Month-to-month,No,Electronic check,21.99,598.54,No
5033-MYGI,Female,0,No,Yes,49,Yes,Yes,DSL,No,No,No,No,No,No,Month-to-month,Yes,Electronic check,72.43,3569.43,No
6877-VKND,Female,0,No,No,54,Yes,No,Fiber optic,No,Yes,No,Yes,No,Yes,Two year,Yes,Electronic check,109.09,5893.82,No
7809-ZMBW,Male,1,Yes,No,27,Yes,Yes,Fiber optic,No,No,No,Yes,Yes,No,Two year,No,Bank transfer (automatic),107.29,2897.22,No
9996-KFRU,Female,1,No,No,56,Yes,No,Fiber optic,No,No,No,No,Yes,No,Month-to-month,Yes,Mailed check,85.52,4763.77,No
6475-IFBQ,Male,0,No,No,15,No,No phone service,Fiber optic,Yes,No,No,No,Yes,No,Month-to-month,Yes,Mailed check,83.59,1255.93,Yes
6796-YFZL,Female,0,No,No,55,Yes,Yes,DSL,No,No,No,No,No,No,Two year,Yes,Mailed check,72.85,3986.26,No
2622-UJVU,Male,0,Yes,Yes,34,Yes,No,No,No internet service,No internet service,No internet service,No internet service,No internet service,No internet service,Month-to-month,No,Electronic check,32.7,1120.9,No
3074-YFHB,Male,0,No,No,27,Yes,Yes,No,No internet service,No internet service,No internet service,No internet service,No internet service,No internet service,Month-to-month,No,Credit card (automatic),42.48,1163.99,No
7136-UGJM,Female,0,Yes,No,45,Yes,Yes,DSL,No,No,No,No,No,Yes,One year,Yes,Electronic check,83.72,3778.67,No
3969-UZNB,Male,0,Yes,No,66,Yes,Yes,Fiber optic,Yes,No,No,Yes,No,Yes,One year,Yes,Bank transfer (automatic),115.87,7626.51,No
4067-VKAS,Female,0,No,No,15,Yes,No,Fiber optic,No,Yes,Yes,No,No,Yes,One year,Yes,Mailed check,104.23,1519.93,No
5788-DSZU,Male,0,No,No,48,Yes,No,No,No internet service,No internet service,No internet service,No internet service,No internet service,No internet service,Month-to-month,No,Mailed check,33.53,1597.2,No
4850-HKDQ,Male,0,Yes,No,67,Yes,Yes,Fiber optic,No,No,No,No,No,No,Month-to-month,Yes,Bank transfer (automatic),88.53,5919.43,No
9378-GHCV,Female,0,No,No,21,Yes,No,Fiber optic,Yes,Yes,Yes,No,No,No,One year,Yes,Credit card (automatic),103.48,2155.03,No
5150-OXVV,Male,0,Yes,No,17,Yes,No,No,No internet service,No internet service,No internet service,No internet service,No internet service,No internet service,Two year,Yes,Electronic check,34.86,605.42,No
7212-XAZD,Female,0,No,No,21,Yes,Yes,Fiber optic,No,Yes,Yes,Yes,No,No,Month-to-month,Yes,Bank transfer (automatic),116.92,2449.3,Yes
9942-TSCT,Female,0,No,No,15,Yes,Yes,Fiber optic,No,Yes,No,Yes,No,No,Month-to-month,No,Electronic check,106.68,1602.91,Yes
8101-MKBI,Female,0,Yes,No,55,Yes,No,DSL,Yes,Yes,No,No,No,No,Month-to-month,No,Bank transfer (automatic),78.63,4330.63,No
1153-BUII,Male,0,Yes,Yes,2,Yes,No,No,No internet service,No internet service,No internet service,No internet service,No internet service,No internet service,Month-to-month,No,Credit card (automatic),32.64,85.79,No
3343-QAYK,Female,0,No,No,52,Yes,No,Fiber optic,No,No,Yes,No,No,No,Two year,No,Mailed check,90.07,4688.71,No
2639-JYGC,Female,0,Yes,No,34,Yes,No,Fiber optic,Yes,Yes,Yes,No,Yes,No,One year,No,Mailed check,113.91,3876.82,No
2252-LLSF,Female,0,Yes,No,20,Yes,Yes,Fiber optic,Yes,No,Yes,No,Yes,Yes,Month-to-month,Yes,Electronic check,118.75,2360.96,Yes
8009-LSEL,Female,0,Yes,No,64,Yes,No,Fiber optic,No,Yes,No,Yes,Yes,No,Month-to-month,No,Credit card (automatic),103.0,6577.08,No
5090-QQJY,Male,1,Yes,Yes,56,Yes,Yes,Fiber optic,No,No,No,Yes,No,Yes,Month-to-month,No,Credit card (automatic),109.34,6138.76,No
8982-LPXS,Male,0,No,Yes,46,Yes,Yes,DSL,Yes,Yes,No,Yes,No,Yes,Month-to-month,Yes,Bank transfer (automatic),105.07,4847.4,No
6895-UQWE,Female,0,Yes,No,33,Yes,No,No,No internet service,No internet service,No internet service,No internet service,No internet service,No internet service,Month-to-month,No,Electronic check,32.98,1094.43,No
3421-PFHY,Female,0,No,No,47,Yes,No,DSL,Yes,No,No,Yes,No,Yes,Two year,No,Electronic check,85.9,4064.34,No
7609-YLOZ,Female,0,Yes,No,38,Yes,Yes,DSL,Yes,No,Yes,No,Yes,Yes,Month-to-month,Yes,Credit card (automatic),103.03,3888.25,No
9680-MZOJ,Female,0,No,No,29,Yes,No,DSL,Yes,No,No,Yes,No,No,Two year,No,Electronic check,77.3,2258.85,No
5806-QWZU,Female,0,No,No,49,Yes,No,No,No internet service,No internet service,No internet service,No internet service,No internet service,No internet service,Month-to-month,Yes,Electronic check,38.18,1867.13,No
4157-ZGNO,Female,1,Yes,No,15,Yes,No,DSL,Yes,No,No,No,No,No,Two year,No,Bank transfer (automatic),64.43,950.71,No
9820-GISP,Male,1,No,Yes,2,Yes,Yes,Fiber optic,No,No,No,Yes,No,No,Month-to-month,Yes,Mailed check,96.16,173.39,Yes
9007-RWRT,Female,1,Yes,No,60,Yes,No,Fiber optic,No,Yes,No,No,No,No,Two year,Yes,Electronic check,94.05,5623.55,No
4042-RJGQ,Female,0,No,No,1,Yes,No,DSL,Yes,Yes,Yes,No,Yes,No,Two year,No,Credit card (automatic),94.61,94.61,No
8693-XCLM,Female,1,No,No,25,Yes,Yes,No,No internet service,No internet service,No internet service,No internet service,No internet service,No internet service,Two year,No,Electronic check,52.29,1308.62,No
1130-EKHZ,Female,0,No,Yes,17,Yes,No,Fiber optic,Yes,No,No,No,No,No,Month-to-month,No,Electronic check,91.97,1601.71,Yes
5278-WLGO,Female,0,No,Yes,65,No,No phone service,Fiber optic,No,No,Yes,Yes,No,No,One year,No,Credit card (automatic),78.02,5069.11,No
7640-DVYM,Female,0,Yes,Yes,39,Yes,No,DSL,Yes,No,No,No,No,No,Two year,No,Bank transfer (automatic),65.29,2532.79,No
9684-JLBW,Male,0,Yes,No,2,Yes,No,DSL,Yes,No,Yes,Yes,No,Yes,One year,No,Mailed check,92.66,194.19,No
9930-JBWM,Male,0,Yes,No,16,Yes,No,DSL,No,No,Yes,Yes,No,No,Month-to-month,Yes,Mailed check,69.66,1137.98,No
4810-GNTQ,Female,0,No,No,23,Yes,Yes,Fiber optic,No,No,Yes,No,Yes,No,Two year,No,Mailed check,110.09,2510.82,No
9436-LYPX,Male,0,No,No,1,Yes,Yes,Fiber optic,No,No,No,Yes,Yes,No,Month-to-month,Yes,Mailed check,103.5,103.5,Yes
2771-OYJY,Female,0,Yes,No,69,Yes,No,DSL,No,Yes,Yes,Yes,No,No,Two year,No,Electronic check,84.74,5830.72,No
9190-GTEA,Male,0,Yes,No,39,Yes,No,Fiber optic,No,No,No,No,Yes,No,Month-to-month,No,Credit card (automatic),91.32,3567.09,Yes
4760-CMNX,Female,0,Yes,No,25,Yes,No,DSL,No,No,No,No,No,Yes,Month-to-month,Yes,Electronic check,74.07,1842.53,Yes
3033-DREY,Female,1,Yes,No,56,Yes,No,DSL,No,Yes,No,No,No,No,Month-to-month,No,Electronic check,71.81,4034.49,No
9623-AUNO,Female,0,Yes,No,48,Yes,Yes,DSL,Yes,No,No,No,No,No,Month-to-month,Yes,Electronic check,75.62,3639.35,Yes
3632-OQYX,Male,0,No,No,56,Yes,Yes,Fiber optic,Yes,No,No,No,No,No,Month-to-month,No,Bank transfer (automatic),98.82,5535.97,No
2828-EKFG,Male,0,No,Yes,55,Yes,Yes,Fiber optic,No,No,No,No,No,Yes,Month-to-month,Yes,Credit card (automatic),96.86,5340.12,No
8486-NXKM,Female,1,No,No,69,Yes,Yes,Fiber optic,Yes,Yes,No,No,No,Yes,Month-to-month,Yes,Bank transfer (automatic),114.58,7927.54,No
8878-TDHT,Female,0,No,No,20,Yes,No,Fiber optic,No,Yes,No,Yes,No,No,Month-to-month,No,Mailed check,93.07,1865.82,Yes
6429-USMN,Male,0,No,No,15,Yes,Yes,DSL,No,No,Yes,No,Yes,No,Two year,Yes,Mailed check,78.1,1202.34,No
8274-BYZI,Female,0,No,No,5,Yes,Yes,No,No internet service,No internet service,No internet service,No internet service,No internet service,No internet service,One year,Yes,Electronic check,47.41,231.87,No
7402-XFEE,Female,1,Yes,No,33,Yes,Yes,DSL,Yes,Yes,Yes,No,Yes,No,Month-to-month,Yes,Electronic check,104.63,3451.79,Yes
9245-OWQI,Female,0,Yes,No,58,Yes,Yes,Fiber optic,No,Yes,No,Yes,No,No,Month-to-month,No,Electronic check,106.57,6185.32,No
2913-QJCR,Male,0,Yes,No,66,Yes,No,DSL,Yes,Yes,No,Yes,No,No,One year,Yes,Bank transfer (automatic),87.88,5782.75,No
8312-XCCF,Male,0,No,Yes,40,Yes,Yes,Fiber optic,Yes,No,Yes,No,No,Yes,Month-to-month,No,Mailed check,111.61,4504.01,Yes
5876-XOYI,Female,1,No,Yes,18,Yes,Yes,DSL,No,No,No,No,No,No,One year,Yes,Bank transfer (automatic),75.44,1384.39,No
5675-NEBK,Female,0,No,No,28,No,No phone service,No,No internet service,No internet service,No internet service,No internet service,No internet service,No internet service,Month-to-month,Yes,Bank transfer (automatic),18.25,524.46,No
2640-XCIC,Male,0,No,Yes,31,Yes,Yes,Fiber optic,No,Yes,No,No,No,No,Month-to-month,Yes,Credit card (automatic),96.04,2977.4,Yes
6016-BLJI,Female,0,Yes,No,9,Yes,No,Fiber optic,Yes,No,No,Yes,No,No,One year,Yes,Mailed check,100.7,879.6,No
1954-BXOF,Female,0,No,Yes,63,Yes,Yes,Fiber optic,No,No,No,No,No,Yes,Two year,Yes,Electronic check,104.38,6555.11,No
6370-EPZR,Female,0,No,No,19,No,No phone service,Fiber optic,No,No,No,Yes,No,No,Month-to-month,Yes,Electronic check,70.37,1313.11,Yes
9228-PMEM,Female,0,No,No,27,Yes,Yes,Fiber optic,Yes,Yes,No,No,No,No,One year,Yes,Electronic check,102.59,2758.84,No
6233-HMSZ,Male,1,No,No,26,Yes,No,Fiber optic,No,No,Yes,Yes,Yes,Yes,Month-to-month,No,Electronic check,110.97,2867.43,Yes
2591-HBHM,Female,0,No,No,24,Yes,Yes,DSL,No,Yes,No,No,No,No,Two year,Yes,Bank transfer (automatic),77.14,1877.16,No
2312-FXSP,Female,1,Yes,No,28,Yes,No,Fiber optic,No,No,No,Yes,No,Yes,Month-to-month,Yes,Mailed check,102.9,2875.44,Yes
4239-APIM,Female,0,Yes,Yes,14,Yes,No,DSL,Yes,Yes,Yes,No,Yes,No,Month-to-month,Yes,Credit card (automatic),98.24,1379.2,No
1362-MYUJ,Male,1,No,No,44,No,No phone service,DSL,No,No,No,Yes,No,No,Month-to-month,No,Electronic check,55.6,2435.53,No
5286-FGEK,Male,0,No,Yes,44,No,No phone service,Fiber optic,Yes,Yes,Yes,No,No,No,One year,Yes,Credit card (automatic),85.34,3729.87,No
1556-ZYSW,Male,0,Yes,No,29,Yes,Yes,Fiber optic,Yes,No,No,No,Yes,No,Month-to-month,No,Electronic check,104.21,3011.07,Yes
8561-KUGR,Female,0,No,Yes,37,Yes,Yes,Fiber optic,Yes,No,Yes,Yes,No,Yes,Month-to-month,No,Credit card (automatic),118.75,4382.58,Yes
3403-BNML,Female,0,No,Yes,59,Yes,No,DSL,Yes,No,No,Yes,No,No,One year,No,Electronic check,71.75,4185.94,No
1294-BMNQ,Female,0,Yes,Yes,31,Yes,No,No,No internet service,No internet service,No internet service,No internet service,No internet service,No internet service,Month-to-month,Yes,Electronic check,37.54,1146.82,No
3064-HBXM,Male,0,Yes,No,49,Yes,No,DSL,No,Yes,No,Yes,Yes,Yes,Month-to-month,Yes,Bank transfer (automatic),97.58,4768.96,No
2007-FSGJ,Male,0,Yes,No,70,Yes,Yes,Fiber optic,Yes,No,Yes,No,No,No,Month-to-month,No,Mailed check,105.01,7367.74,No
6352-BOEV,Female,0,Yes,No,34,Yes,No,No,No internet service,No internet service,No internet service,No internet service,No internet service,No internet service,Month-to-month,No,Credit card (automatic),35.18,1189.2,No
8059-DRDQ,Female,0,Yes,No,4,Yes,Yes,No,No internet service,No internet service,No internet service,No internet service,No internet service,No internet service,Month-to-month,No,Electronic check,38.65,144.71,Yes
9073-VAVZ,Male,0,Yes,Yes,30,No,No phone service,DSL,Yes,No,No,Yes,No,No,One year,No,Bank transfer (automatic),56.35,1706.68,No
7353-RNOL,Female,0,Yes,No,52,Yes,No,DSL,No,No,No,No,No,No,Month-to-month,Yes,Mailed check,65.62,3378.11,No
9954-CTLG,Female,0,No,No,0,Yes,No,Fiber optic,Yes,No,Yes,No,No,No,Month-to-month,Yes,Credit card (automatic),96.99, ,Yes
9220-KAFO,Female,0,No,Yes,68,No,No phone service,Fiber optic,No,No,No,No,Yes,No,Month-to-month,Yes,Electronic check,77.81,5264.68,No
4356-DQCM,Male,0,No,Yes,67,Yes,Yes,Fiber optic,No,Yes,No,Yes,Yes,No,Month-to-month,No,Credit card (automatic),117.94,7891.23,No
1038-OWKT,Female,0,No,No,64,No,No phone service,DSL,No,No,No,Yes,No,No,Month-to-month,Yes,Electronic check,51.74,3315.47,No
2823-BONT,Male,0,No,No,14,Yes,No,DSL,Yes,No,Yes,No,Yes,No,Month-to-month,Yes,Credit card (automatic),89.17,1230.03,No
4093-KCQL,Female,0,No,No,51,Yes,Yes,No,No internet service,No internet service,No internet service,No internet service,No internet service,No internet service,Month-to-month,No,Credit card (automatic),41.68,2091.31,No
1988-UOPE,Male,0,No,No,37,Yes,No,DSL,Yes,No,No,No,No,Yes,One year,No,Electronic check,80.27,2993.59,No
5179-FSYE,Male,0,Yes,No,23,Yes,Yes,No,No internet service,No internet service,No internet service,No internet service,No internet service,No internet service,Two year,No,Mailed check,45.06,1047.36,No
6626-AZFO,Male,0,No,No,22,Yes,Yes,Fiber optic,Yes,No,No,No,No,Yes,Month-to-month,No,Credit card (automatic),111.78,2465.18,Yes
2980-CQYX,Female,0,No,No,46,Yes,No,DSL,Yes,Yes,No,Yes,Yes,No,Two year,No,Mailed check,90.83,4141.76,No
6390-LPHN,Female,0,Yes,No,6,No,No phone service,Fiber optic,No,No,No,Yes,No,No,Month-to-month,Yes,Electronic check,73.21,452.91,Yes
1984-QUHO,Female,0,Yes,Yes,30,Yes,No,DSL,Yes,Yes,No,Yes,No,Yes,Month-to-month,Yes,Electronic check,93.47,2794.39,No
2050-NRTG,Male,0,No,Yes,6,Yes,No,Fiber optic,No,Yes,No,Yes,No,No,Two year,Yes,Bank transfer (automatic),99.34,584.49,No
1959-LUXZ,Male,0,Yes,Yes,3,No,No phone service,DSL,Yes,No,Yes,No,No,Yes,Month-to-month,No,Electronic check,70.23,234.78,Yes
3946-TNOY,Female,0,Yes,No,53,Yes,No,No,No internet service,No internet service,No internet service,No internet service,No internet service,No internet service,Month-to-month,Yes,Electronic check,39.59,2099.15,No
2875-DIFP,Male,1,No,Yes,51,Yes,No,No,No internet service,No internet service,No internet service,No internet service,No internet service,No internet service,Month-to-month,Yes,Electronic check,37.8,1927.11,No
8099-VVUU,Male,0,No,No,47,Yes,Yes,Fiber optic,No,Yes,Yes,No,No,No,Month-to-month,Yes,Bank transfer (automatic),107.58,5074.94,Yes
3433-XHKM,Female,0,No,No,65,Yes,No,No,No internet service,No internet service,No internet service,No internet service,No internet service,No internet service,One year,No,Credit card (automatic),33.36,2165.41,No
5167-URRN,Male,0,No,No,53,Yes,Yes,DSL,No,No,No,Yes,No,No,Month-to-month,Yes,Credit card (automatic),73.98,3895.7,No
9357-KMYA,Female,0,No,No,53,Yes,No,DSL,No,Yes,No,No,No,No,One year,Yes,Bank transfer (automatic),66.97,3528.09,No
3043-FIHK,Female,0,Yes,No,44,Yes,Yes,Fiber optic,Yes,No,No,No,Yes,Yes,Month-to-month,Yes,Electronic check,116.95,5117.16,Yes
1213-SXIQ,Male,1,No,No,39,Yes,No,No,No internet service,No internet service,No internet service,No internet service,No internet service,No internet service,One year,Yes,Electronic check,34.05,1342.75,No
7731-YNOP,Female,0,Yes,No,34,Yes,Yes,No,No internet service,No internet service,No internet service,No internet service,No internet service,No internet service,Month-to-month,Yes,Bank transfer (automatic),42.99,1462.46,No
3720-JHRA,Male,0,No,No,23,Yes,No,Fiber optic,No,Yes,No,Yes,No,Yes,Month-to-month,Yes,Credit card (automatic),105.73,2375.6,Yes
1001-AAIM,Female,0,Yes,No,34,Yes,No,Fiber optic,Yes,No,Yes,No,No,No,Month-to-month,Yes,Bank transfer (automatic),91.14,3088.65,Yes
2949-AMTZ,Female,0,Yes,No,36,Yes,Yes,Fiber optic,No,No,No,Yes,Yes,No,Two year,Yes,Credit card (automatic),109.17,3912.08,No
1917-GBFG,Female,0,Yes,No,33,Yes,Yes,No,No internet service,No internet service,No internet service,No internet service,No internet service,No internet service,Month-to-month,No,Bank transfer (automatic),45.75,1517.61,No
1089-NZRO,Female,0,No,No,23,Yes,No,Fiber optic,No,No,No,Yes,No,Yes,Month-to-month,No,Credit card (automatic),96.36,2251.99,Yes
4041-JWLQ,Female,1,No,No,3,No,No phone service,DSL,No,No,Yes,Yes,No,No,Two year,No,Mailed check,60.63,178.84,No
2895-KCFI,Female,0,Yes,No,49,Yes,Yes,DSL,Yes,No,Yes,Yes,No,No,One year,No,Electronic check,98.19,4840.91,No
7917-IGIR,Female,0,Yes,No,23,Yes,Yes,DSL,No,No,Yes,Yes,No,No,Month-to-month,Yes,Electronic check,88.17,2038.82,No
9907-HHRT,Male,0,No,No,35,Yes,Yes,Fiber optic,Yes,Yes,No,No,No,No,One year,Yes,Mailed check,105.69,3696.07,No
9442-GKTP,Female,1,No,Yes,34,Yes,Yes,DSL,Yes,Yes,Yes,No,No,No,Month-to-month,Yes,Electronic check,95.29,3259.51,Yes
1899-FZVZ,Female,0,No,No,28,Yes,No,DSL,No,No,Yes,Yes,Yes,Yes,One year,Yes,Bank transfer (automatic),93.06,2592.39,No
1894-CIJN,Male,0,Yes,No,35,Yes,No,DSL,Yes,No,No,Yes,No,No,Two year,Yes,Electronic check,73.35,2598.75,No
8179-WLMY,Male,1,Yes,No,67,Yes,No,DSL,No,No,No,Yes,No,No,Month-to-month,Yes,Mailed check,67.57,4523.48,No
2266-ZSWN,Female,0,No,No,10,Yes,No,No,No internet service,No internet service,No internet service,No internet service,No internet service,No internet service,Two year,Yes,Bank transfer (automatic),39.94,420.56,No
4427-MHWU,Male,0,Yes,No,54,Yes,No,No,No internet service,No internet service,No internet service,No internet service,No internet service,No internet service,One year,No,Electronic check,35.95,1963.01,No
5790-SLRF,Female,0,Yes,No,48,Yes,No,No,No internet service,No internet service,No internet service,No internet service,No internet service,No internet service,Month-to-month,No,Bank transfer (automatic),42.7,2006.01,No
8057-SVEX,Female,0,Yes,No,56,Yes,No,DSL,Yes,No,Yes,No,No,Yes,Month-to-month,No,Mailed check,84.18,4692.41,No
3920-CJSC,Male,1,No,Yes,54,Yes,No,Fiber optic,No,Yes,No,Yes,Yes,No,Two year,Yes,Bank transfer (automatic),105.84,5724.83,No
7236-VOAG,Male,1,No,Yes,55,Yes,Yes,DSL,No,No,No,No,No,No,Month-to-month,Yes,Credit card (automatic),65.68,3638.93,No
8005-UZXT,Female,1,No,No,3,No,No phone service,No,No internet service,No internet service,No internet service,No internet service,No internet service,No internet service,Month-to-month,Yes,Mailed check,18.25,69.23,No
4453-TXRQ,Male,0,No,No,24,Yes,Yes,No,No internet service,No internet service,No internet service,No internet service,No internet service,No internet service,Month-to-month,Yes,Credit card (automatic),40.23,947.8,No
5703-IDZU,Female,0,No,Yes,1,Yes,No,No,No internet service,No internet service,No internet service,No internet service,No internet service,No internet service,Month-to-month,Yes,Electronic check,37.68,37.68,Yes
6631-DBOB,Female,0,Yes,No,18,Yes,Yes,DSL,Yes,No,No,Yes,No,No,Two year,Yes,Credit card (automatic),88.6,1592.61,No
2394-ZVLC,Male,0,No,Yes,7,Yes,No,DSL,Yes,No,No,No,Yes,Yes,Month-to-month,Yes,Mailed check,88.83,625.04,Yes
1529-HUOA,Female,0,Yes,No,63,Yes,No,Fiber optic,No,Yes,Yes,No,Yes,Yes,Month-to-month,Yes,Credit card (automatic),116.32,7356.06,No
4591-DPWJ,Male,0,No,Yes,5,No,No phone service,DSL,Yes,No,No,No,No,Yes,Month-to-month,Yes,Bank transfer (automatic),63.79,302.22,Yes
1525-NBWE,Male,1,No,Yes,13,Yes,Yes,No,No internet service,No internet service,No internet service,No internet service,No internet service,No internet service,Two year,Yes,Mailed check,40.48,526.74,No
5648-VONX,Male,1,No,Yes,69,Yes,No,Fiber optic,Yes,Yes,No,No,No,Yes,Two year,Yes,Bank transfer (automatic),106.01,7286.59,No
3278-YTBG,Female,0,No,No,70,No,No phone service,DSL,No,No,No,Yes,No,Yes,Two year,No,Electronic check,63.06,4413.85,No
4216-YYBC,Female,0,No,No,56,Yes,No,No,No internet service,No internet service,No internet service,No internet service,No internet service,No internet service,Two year,Yes,Bank transfer (automatic),38.45,2153.4,No
5356-AHLX,Female,0,No,No,29,Yes,No,Fiber optic,No,Yes,No,Yes,Yes,Yes,Month-to-month,Yes,Mailed check,113.63,3303.77,Yes
8062-OKJC,Male,0,Yes,Yes,7,Yes,Yes,Fiber optic,No,Yes,Yes,No,No,No,Two year,Yes,Electronic check,106.68,716.25,No
1629-NPJJ,Female,0,No,No,13,No,No phone service,DSL,No,Yes,Yes,Yes,No,No,Month-to-month,Yes,Electronic check,66.0,873.19,No
4432-AETH,Male,1,Yes,Yes,47,Yes,No,Fiber optic,No,No,No,No,No,Yes,Month-to-month,No,Electronic check,92.33,4327.86,Yes
8115-AYVT,Male,0,No,Yes,27,Yes,No,Fiber optic,No,No,Yes,Yes,Yes,Yes,Month-to-month,No,Bank transfer (automatic),118.3,3200.15,Yes
4192-KEOE,Female,0,Yes,No,5,Yes,Yes,Fiber optic,Yes,No,No,Yes,No,No,Month-to-month,Yes,Mailed check,107.55,578.5,Yes
4568-XLXO,Male,0,Yes,No,29,Yes,No,DSL,No,No,No,No,No,Yes,Two year,Yes,Credit card (automatic),70.07,2040.61,No
2742-FLTR,Female,0,No,No,3,Yes,Yes,Fiber optic,No,No,No,No,No,No,Month-to-month,Yes,Bank transfer (automatic),89.01,249.73,Yes
1968-ETZA,Male,0,Yes,No,66,Yes,Yes,Fiber optic,Yes,Yes,Yes,Yes,No,No,One year,No,Mailed check,118.75,7834.24,No
7262-CFEU,Female,0,Yes,Yes,9,Yes,No,DSL,Yes,Yes,Yes,No,No,No,One year,Yes,Bank transfer (automatic),87.98,777.48,No
6178-EAQS,Male,0,No,No,26,Yes,No,DSL,No,Yes,No,No,No,Yes,Month-to-month,Yes,Credit card (automatic),78.86,2069.42,No
2229-LJTU,Male,0,No,Yes,44,Yes,No,DSL,No,Yes,Yes,Yes,Yes,Yes,Month-to-month,Yes,Credit card (automatic),101.9,4459.13,No
3289-XKBY,Female,0,Yes,Yes,34,Yes,No,DSL,No,Yes,No,Yes,Yes,No,Two year,Yes,Mailed check,86.45,2962.65,No
8473-YGXO,Female,0,No,Yes,12,Yes,Yes,DSL,Yes,No,Yes,Yes,No,No,Two year,No,Bank transfer (automatic),96.72,1176.4,No
7570-RWLF,Female,0,No,No,54,Yes,Yes,No,No internet service,No internet service,No internet service,No internet service,No internet service,No internet service,One year,Yes,Mailed check,47.4,2545.74,No
7294-MTPR,Female,0,No,No,42,No,No phone service,DSL,Yes,Yes,No,Yes,No,No,Two year,Yes,Credit card (automatic),68.21,2879.09,No
1891-WHRU,Female,0,No,Yes,72,Yes,Yes,Fiber optic,No,Yes,Yes,No,Yes,No,Month-to-month,Yes,Electronic check,114.25,8201.29,Yes
9320-WHFE,Male,0,Yes,Yes,67,Yes,Yes,Fiber optic,Yes,Yes,No,No,No,No,One year,Yes,Electronic check,105.47,7079.04,No
2198-BAWW,Male,0,Yes,No,42,Yes,No,Fiber optic,Yes,No,Yes,No,Yes,Yes,Two year,Yes,Credit card (automatic),113.66,4756.63,No
7089-RRQZ,Female,0,Yes,No,39,Yes,Yes,Fiber optic,No,No,Yes,No,No,No,Month-to-month,Yes,Mailed check,94.19,3726.15,Yes
4719-OHQL,Female,0,Yes,No,30,Yes,No,Fiber optic,Yes,Yes,No,Yes,No,No,Two year,Yes,Credit card (automatic),104.46,3120.81,No
1986-HYND,Male,0,Yes,Yes,2,No,No phone service,No,No internet service,No internet service,No internet service,No internet service,No internet service,No internet service,Two year,Yes,Bank transfer (automatic),24.2,69.57,No
4072-SPNU,Male,0,Yes,No,16,Yes,Yes,DSL,No,Yes,Yes,No,Yes,No,Month-to-month,No,Bank transfer (automatic),97.6,1559.49,No
9125-BRFI,Female,0,No,No,38,No,No phone service,DSL,No,Yes,Yes,No,Yes,No,Month-to-month,No,Electronic check,74.81,2835.31,Yes
8848-YPMI,Female,0,No,No,65,Yes,Yes,Fiber optic,No,Yes,No,Yes,No,Yes,Month-to-month,No,Electronic check,118.75,7715.12,No
4828-MIKD,Female,0,No,Yes,68,Yes,Yes,DSL,No,No,Yes,Yes,No,Yes,Month-to-month,No,Mailed check,95.22,6498.9,No
4173-NDFS,Male,0,Yes,No,18,Yes,No,DSL,Yes,No,No,No,Yes,Yes,Month-to-month,No,Electronic check,86.93,1553.36,Yes
4553-RMIW,Male,0,Yes,Yes,21,Yes,No,Fiber optic,No,No,Yes,No,No,No,Month-to-month,Yes,Bank transfer (automatic),87.04,1842.43,Yes
2388-KAXV,Male,0,No,No,7,No,No phone service,DSL,Yes,Yes,No,No,No,No,Two year,Yes,Bank transfer (automatic),61.27,412.47,No
1454-YUOA,Male,0,Yes,Yes,67,Yes,Yes,DSL,No,Yes,Yes,Yes,No,No,Month-to-month,Yes,Credit card (automatic),99.43,6643.99,No
5806-OUSY,Female,0,No,No,70,Yes,No,DSL,No,No,No,Yes,No,No,One year,Yes,Electronic check,72.66,5092.55,No
2440-QQCL,Female,1,No,Yes,17,Yes,No,DSL,Yes,Yes,Yes,Yes,Yes,Yes,Month-to-month,Yes,Electronic check,113.79,1967.79,No
8010-HNNJ,Female,0,No,No,5,Yes,No,DSL,Yes,No,No,Yes,No,No,One year,No,Electronic check,75.31,359.4,No
3989-ICUZ,Male,0,Yes,No,3,Yes,No,Fiber optic,Yes,No,No,Yes,Yes,No,Month-to-month,Yes,Mailed check,110.45,360.72,Yes
7471-PBFU,Male,0,Yes,No,40,Yes,Yes,DSL,No,Yes,No,No,No,No,Month-to-month,No,Electronic check,78.51,3114.79,Yes
2177-YLEB,Female,0,Yes,No,50,Yes,Yes,DSL,No,Yes,No,No,Yes,Yes,Month-to-month,No,Mailed check,98.47,4870.72,No
5399-EOLD,Female,0,Yes,Yes,11,Yes,Yes,No,No internet service,No internet service,No internet service,No internet service,No internet service,No internet service,One year,No,Mailed check,42.06,425.35,No
9234-PWFN,Male,0,Yes,Yes,36,Yes,Yes,DSL,No,No,No,Yes,No,No,Month-to-month,No,Credit card (automatic),76.57,2755.8,No
7570-MUWK,Female,1,No,No,1,Yes,No,Fiber optic,No,No,No,No,Yes,No,One year,No,Electronic check,85.82,94.3,No
5431-OUOY,Female,0,Yes,No,2,Yes,No,Fiber optic,Yes,No,No,Yes,No,Yes,Month-to-month,No,Credit card (automatic),105.47,249.81,Yes
9906-SODU,Male,0,No,Yes,44,Yes,Yes,Fiber optic,Yes,No,No,Yes,No,Yes,Two year,No,Bank transfer (automatic),117.65,5160.66,No
1140-VSBN,Female,0,Yes,No,38,Yes,No,Fiber optic,Yes,Yes,Yes,No,No,No,Month-to-month,No,Credit card (automatic),100.42,3821.16,Yes
7012-DPUT,Male,0,Yes,Yes,53,Yes,Yes,Fiber optic,No,No,No,Yes,Yes,No,One year,No,Credit card (automatic),109.36,5790.87,No
4610-OCHP,Female,0,Yes,No,17,Yes,No,No,No internet service,No internet service,No internet service,No internet service,No internet service,No internet service,One year,No,Electronic check,32.99,541.54,No
1105-DRBQ,Female,0,Yes,Yes,12,Yes,Yes,DSL,No,Yes,Yes,Yes,No,Yes,One year,Yes,Credit card (automatic),103.91,1217.05,No
7787-ZYKG,Female,0,Yes,Yes,13,Yes,Yes,DSL,No,Yes,Yes,Yes,No,Yes,One year,Yes,Credit card (automatic),108.51,1427.02,No
8052-GXQJ,Male,0,Yes,No,40,Yes,Yes,Fiber optic,Yes,No,No,No,Yes,Yes,Month-to-month,No,Credit card (automatic),118.75,4757.03,Yes
9636-JXDT,Male,0,Yes,No,39,No,No phone service,Fiber optic,No,Yes,No,No,No,Yes,Month-to-month,Yes,Electronic check,78.66,3055.93,Yes
2798-VALX,Male,0,Yes,Yes,70,Yes,Yes,No,No internet service,No internet service,No internet service,No internet service,No internet service,No internet service,Two year,No,Credit card (automatic),44.36,3116.94,No
7284-WVVU,Male,0,No,No,47,Yes,No,No,No internet service,No internet service,No internet service,No internet service,No internet service,No internet service,Two year,No,Electronic check,30.52,1457.93,No
7869-IZIO,Female,0,No,No,9,Yes,No,Fiber optic,Yes,Yes,Yes,Yes,Yes,Yes,Month-to-month,No,Credit card (automatic),118.75,1087.16,Yes
1009-XZYJ,Male,0,Yes,Yes,53,Yes,No,Fiber optic,Yes,Yes,No,No,No,Yes,One year,Yes,Mailed check,107.26,5649.74,No
7295-PQZE,Female,0,Yes,No,34,Yes,Yes,No,No internet service,No internet service,No internet service,No internet service,No internet service,No internet service,Two year,Yes,Credit card (automatic),46.56,1602.25,No
6699-RXSD,Female,0,No,No,23,Yes,No,No,No internet service,No internet service,No internet service,No internet service,No internet service,No internet service,Month-to-month,No,Electronic check,29.84,674.66,No
8227-GJYR,Female,0,No,No,48,Yes,No,Fiber optic,No,Yes,No,No,No,No,One year,Yes,Bank transfer (automatic),93.17,4503.85,No
6010-DJAW,Female,0,No,No,41,Yes,No,DSL,No,No,No,No,No,Yes,One year,Yes,Electronic check,71.37,2918.04,No
1482-LBAW,Female,0,Yes,Yes,49,Yes,No,Fiber optic,No,No,Yes,Yes,No,Yes,Two year,No,Credit card (automatic),108.68,5331.09,No
9853-PEOC,Female,1,Yes,Yes,20,Yes,Yes,DSL,Yes,No,No,No,No,Yes,Month-to-month,Yes,Bank transfer (automatic),91.55,1833.92,No
1987-GKJI,Female,0,No,No,27,Yes,No,No,No internet service,No internet service,No internet service,No internet service,No internet service,No internet service,Two year,No,Mailed check,38.36,1035.43,No
2100-YYBC,Male,0,No,No,54,Yes,No,No,No internet service,No internet service,No internet service,No internet service,No internet service,No internet service,Month-to-month,No,Mailed check,35.65,1943.49,No
5358-URCJ,Female,0,Yes,No,26,Yes,No,No,No internet service,No internet service,No internet service,No internet service,No internet service,No internet service,One year,Yes,Credit card (automatic),32.06,869.74,No
7780-GIQK,Male,0,No,Yes,67,Yes,No,DSL,No,Yes,No,No,No,Yes,Month-to-month,Yes,Mailed check,74.5,5010.43,No
3349-SDZF,Female,0,Yes,No,5,Yes,Yes,No,No internet service,No internet service,No internet service,No internet service,No internet service,No internet service,Month-to-month,Yes,Electronic check,39.95,198.52,Yes
7764-NDHE,Male,0,Yes,Yes,57,No,No phone service,Fiber optic,No,No,No,Yes,No,Yes,Month-to-month,Yes,Credit card (automatic),83.29,4764.58,No
8843-CIHA,Female,0,No,Yes,5,Yes,No,DSL,No,Yes,Yes,No,No,No,One year,Yes,Credit card (automatic),76.03,430.43,No
6189-IGDM,Male,0,Yes,No,59,No,No phone service,DSL,No,No,No,No,No,Yes,Two year,Yes,Bank transfer (automatic),54.26,3183.96,No
7704-BELU,Female,0,No,No,18,Yes,Yes,Fiber optic,Yes,Yes,No,Yes,No,No,Two year,No,Mailed check,114.6,2081.56,No
8397-HRCV,Male,0,No,Yes,60,Yes,No,Fiber optic,Yes,No,No,No,No,Yes,Month-to-month,No,Credit card (automatic),96.72,5822.34,No
8979-ZCVF,Male,0,No,Yes,16,Yes,Yes,DSL,No,No,Yes,No,Yes,No,Month-to-month,No,Credit card (automatic),86.35,1354.75,No
6249-WLBF,Male,0,Yes,No,48,Yes,No,DSL,Yes,No,Yes,No,No,Yes,Two year,No,Credit card (automatic),86.0,4146.44,No
4874-BWTH,Female,0,Yes,No,2,Yes,Yes,No,No internet service,No internet service,No internet service,No internet service,No internet service,No internet service,Month-to-month,No,Bank transfer (automatic),45.34,134.37,No
1661-LZDE,Female,0,Yes,No,33,Yes,Yes,No,No internet service,No internet service,No internet service,No internet service,No internet service,No internet service,Month-to-month,No,Electronic check,47.15,1591.38,No
4374-YWPJ,Male,0,Yes,No,61,No,No phone service,Fiber optic,No,Yes,Yes,No,No,Yes,One year,Yes,Bank transfer (automatic),93.27,5674.14,No
3493-YWPL,Male,1,No,Yes,59,Yes,Yes,Fiber optic,No,No,Yes,No,Yes,No,Month-to-month,No,Electronic check,108.53,6402.76,Yes
4719-TCPM,Female,0,Yes,Yes,67,Yes,No,Fiber optic,No,Yes,Yes,No,Yes,No,Month-to-month,No,Bank transfer (automatic),105.17,7039.6,No
8446-SHVE,Female,0,No,No,33,Yes,No,No,No internet service,No internet service,No internet service,No internet service,No internet service,No internet service,Month-to-month,Yes,Electronic check,29.9,1001.46,No
7099-HXLA,Female,0,No,No,28,Yes,Yes,No,No internet service,No internet service,No internet service,No internet service,No internet service,No internet service,Month-to-month,No,Electronic check,45.23,1294.63,No
1285-UTFV,Female,0,Yes,No,59,Yes,Yes,Fiber optic,No,No,No,Yes,No,Yes,One year,Yes,Credit card (automatic),108.67,6439.97,No
8121-HGAU,Female,0,No,No,43,No,No phone service,Fiber optic,No,Yes,Yes,No,Yes,No,Month-to-month,No,Bank transfer (automatic),92.15,3950.49,Yes
3785-NDAW,Male,0,Yes,No,14,Yes,Yes,Fiber optic,No,No,No,No,Yes,No,Month-to-month,No,Bank transfer (automatic),103.05,1438.87,Yes
7257-MBIU,Male,0,No,Yes,44,Yes,Yes,Fiber optic,No,No,Yes,No,No,No,Month-to-month,No,Electronic check,95.36,4194.84,Yes
3817-YIAK,Male,0,No,No,8,Yes,Yes,DSL,Yes,No,No,No,No,No,Two year,No,Bank transfer (automatic),79.11,634.32,No
6299-WZDR,Male,1,Yes,Yes,34,Yes,Yes,No,No internet service,No internet service,No internet service,No internet service,No internet service,No internet service,Two year,Yes,Credit card (automatic),39.37,1353.52,No
5406-FCVK,Female,0,No,No,9,Yes,Yes,No,No internet service,No internet service,No internet service,No internet service,No internet service,No internet service,Month-to-month,Yes,Credit card (automatic),43.59,372.4,No
5437-ETJL,Female,0,No,No,37,Yes,No,Fiber optic,Yes,No,Yes,No,Yes,No,One year,No,Bank transfer (automatic),110.63,4110.01,No
1560-JFRM,Male,0,Yes,No,28,Yes,Yes,DSL,Yes,Yes,No,No,No,Yes,Month-to-month,Yes,Credit card (automatic),94.78,2642.36,No
2826-XJNF,Female,0,No,No,45,No,No phone service,DSL,Yes,Yes,Yes,Yes,No,No,Two year,Yes,Bank transfer (automatic),78.12,3516.98,No
4138-PGTN,Female,0,Yes,No,69,Yes,No,DSL,No,No,Yes,Yes,Yes,Yes,Two year,No,Mailed check,94.52,6545.6,No
9264-OUCB,Male,0,No,No,72,Yes,No,DSL,No,No,No,No,Yes,No,Month-to-month,Yes,Electronic check,70.06,5091.9,No
8002-BCRN,Male,0,No,No,44,Yes,No,Fiber optic,No,Yes,No,No,No,No,Two year,No,Credit card (automatic),87.37,3877.29,No
6907-RJYB,Female,0,No,Yes,52,No,No phone service,DSL,No,No,Yes,No,Yes,Yes,Month-to-month,Yes,Credit card (automatic),69.35,3605.47,No
9984-VADN,Male,0,Yes,No,1,Yes,No,Fiber optic,Yes,No,No,Yes,No,Yes,Month-to-month,No,Electronic check,107.5,108.13,Yes
5917-NTCC,Female,0,Yes,Yes,3,Yes,No,DSL,Yes,No,Yes,No,No,No,One year,No,Credit card (automatic),72.49,190.33,No
2960-FYMU,Male,0,Yes,Yes,70,Yes,Yes,No,No internet service,No internet service,No internet service,No internet service,No internet service,No internet service,Month-to-month,Yes,Mailed check,44.98,3137.36,No
3529-HUBD,Female,0,No,No,18,Yes,Yes,Fiber optic,No,No,Yes,Yes,No,Yes,One year,Yes,Electronic check,118.75,2147.91,No
1536-ODML,Male,1,No,No,10,Yes,Yes,Fiber optic,Yes,Yes,Yes,Yes,No,No,Month-to-month,No,Credit card (automatic),118.75,1214.4,Yes
8967-MNTR,Female,0,Yes,Yes,31,Yes,No,Fiber optic,No,Yes,No,Yes,No,No,Month-to-month,No,Bank transfer (automatic),95.72,2909.64,Yes
4036-FKBW,Female,0,No,No,13,Yes,No,No,No internet service,No internet service,No internet service,No internet service,No internet service,No internet service,One year,Yes,Mailed check,30.21,378.68,No
7610-SESB,Female,0,Yes,Yes,48,Yes,No,Fiber optic,No,No,No,No,No,Yes,Month-to-month,Yes,Mailed check,94.01,4504.34,Yes
7488-BKRX,Male,0,No,No,68,Yes,No,Fiber optic,No,Yes,No,No,No,No,Month-to-month,Yes,Credit card (automatic),88.55,6030.25,No
9648-WSIC,Female,1,No,No,24,Yes,No,Fiber optic,Yes,No,No,Yes,Yes,No,One year,Yes,Mailed check,112.6,2734.08,No
6448-NSGP,Female,0,No,No,13,Yes,Yes,No,No internet service,No internet service,No internet service,No internet service,No internet service,No internet service,Month-to-month,Yes,Mailed check,40.12,488.1,No
9591-ADDG,Male,0,Yes,Yes,38,Yes,Yes,Fiber optic,No,No,Yes,No,No,Yes,Month-to-month,Yes,Mailed check,107.59,4083.29,Yes
6671-QEGT,Male,0,Yes,Yes,11,Yes,Yes,Fiber optic,No,No,No,No,No,Yes,Month-to-month,Yes,Credit card (automatic),100.26,1077.35,Yes
4292-TDFG,Female,0,No,Yes,48,Yes,Yes,DSL,Yes,Yes,Yes,Yes,Yes,No,One year,No,Bank transfer (automatic),113.83,5450.99,No
8857-ETCG,Female,0,Yes,Yes,17,Yes,Yes,No,No internet service,No internet service,No internet service,No internet service,No internet service,No internet service,Month-to-month,No,Credit card (automatic),43.22,772.43,No
2549-GEVE,Male,0,No,No,0,Yes,No,Fiber optic,Yes,No,Yes,No,Yes,Yes,Month-to-month,Yes,Bank transfer (automatic),112.25, ,Yes
5481-UVFO,Male,0,No,No,3,Yes,No,DSL,No,No,No,No,No,No,Two year,No,Credit card (automatic),60.67,186.28,No
7793-WZXG,Female,0,Yes,No,11,Yes,Yes,Fiber optic,Yes,Yes,Yes,Yes,Yes,No,Month-to-month,Yes,Mailed check,118.75,1288.6,Yes
7356-ZRMU,Female,0,No,No,25,Yes,No,Fiber optic,No,No,No,No,No,No,One year,No,Bank transfer (automatic),84.12,2093.36,No
3385-EMDQ,Male,0,No,No,31,Yes,No,DSL,No,Yes,Yes,Yes,Yes,No,Month-to-month,Yes,Electronic check,95.39,2939.78,No
5592-KUTW,Female,0,No,Yes,51,Yes,No,Fiber optic,No,No,No,Yes,Yes,No,Two year,Yes,Electronic check,98.38,5017.35,No
8961-DBTP,Female,0,No,Yes,14,Yes,Yes,Fiber optic,Yes,No,No,No,Yes,No,One year,Yes,Electronic check,108.15,1500.54,No
1593-HCIT,Female,0,No,No,7,Yes,Yes,DSL,No,Yes,No,No,No,No,Month-to-month,No,Credit card (automatic),80.49,592.78,Yes
4493-JUJM,Male,0,Yes,No,29,Yes,Yes,No,No internet service,No internet service,No internet service,No internet service,No internet service,No internet service,Month-to-month,Yes,Electronic check,48.49,1398.17,No
3672-IQXI,Male,1,No,No,53,Yes,No,DSL,Yes,No,No,Yes,Yes,No,One year,Yes,Mailed check,83.91,4450.49,No
9616-ABPA,Female,0,Yes,No,66,Yes,No,Fiber optic,Yes,Yes,No,Yes,Yes,Yes,Two year,Yes,Credit card (automatic),118.75,7840.06,No
8177-RZHU,Female,0,No,Yes,69,Yes,Yes,Fiber optic,Yes,Yes,Yes,No,Yes,No,One year,Yes,Mailed check,118.75,8185.9,No
8451-KWBH,Female,0,Yes,No,7,Yes,No,DSL,No,No,Yes,No,No,Yes,Month-to-month,Yes,Credit card (automatic),80.36,548.3,Yes
7869-HQOQ,Male,0,Yes,No,62,Yes,Yes,Fiber optic,Yes,No,No,No,No,Yes,One year,No,Electronic check,108.18,6717.59,No
8099-WXMS,Female,0,Yes,No,16,Yes,No,Fiber optic,Yes,No,No,No,Yes,Yes,Month-to-month,Yes,Mailed check,107.98,1730.75,Yes
8083-AWEH,Male,0,Yes,No,15,Yes,No,Fiber optic,No,No,No,No,No,Yes,Month-to-month,Yes,Mailed check,89.94,1360.4,Yes
5940-HYWK,Female,0,Yes,No,44,No,No phone service,Fiber optic,No,No,Yes,No,Yes,No,Month-to-month,Yes,Bank transfer (automatic),77.82,3358.02,Yes
4456-MSXC,Male,0,No,No,67,Yes,No,No,No internet service,No internet service,No internet service,No internet service,No internet service,No internet service,Month-to-month,No,Electronic check,31.47,2075.52,No
3711-QETU,Female,0,Yes,No,9,Yes,Yes,DSL,No,Yes,Yes,No,Yes,Yes,Two year,Yes,Bank transfer (automatic),105.93,939.39,No
1365-DKTO,Male,0,No,No,18,No,No phone service,DSL,Yes,Yes,No,No,No,No,One year,Yes,Electronic check,64.98,1150.4,No
6330-GSSK,Male,0,Yes,No,38,Yes,Yes,No,No internet service,No internet service,No internet service,No internet service,No internet service,No internet service,Month-to-month,Yes,Credit card (automatic),47.54,1785.35,No
9964-VHJF,Female,0,Yes,Yes,49,Yes,Yes,No,No internet service,No internet service,No internet service,No internet service,No internet service,No internet service,Month-to-month,Yes,Mailed check,44.94,2187.42,No
7511-QHHY,Male,0,Yes,No,59,Yes,Yes,No,No internet service,No internet service,No internet service,No internet service,No internet service,No internet service,Month-to-month,Yes,Electronic check,40.12,2319.11,No
3376-BORC,Female,0,Yes,No,67,Yes,No,DSL,No,Yes,Yes,No,No,No,Month-to-month,Yes,Electronic check,73.0,4895.29,No
2827-DNII,Male,0,Yes,No,31,Yes,No,Fiber optic,Yes,No,Yes,No,No,No,Two year,Yes,Credit card (automatic),95.95,2957.33,No
9569-WRJU,Female,0,No,Yes,63,Yes,No,Fiber optic,No,No,Yes,No,No,No,One year,Yes,Credit card (automatic),90.95,5721.29,No
4747-LHBV,Male,0,Yes,No,23,Yes,Yes,No,No internet service,No internet service,No internet service,No internet service,No internet service,No internet service,Month-to-month,No,Electronic check,49.21,1134.4,No
1780-UPBK,Male,0,No,No,27,Yes,Yes,DSL,No,Yes,No,No,Yes,Yes,Month-to-month,Yes,Mailed check,96.06,2618.89,No
1521-OQHR,Female,0,Yes,Yes,22,Yes,Yes,Fiber optic,Yes,No,No,Yes,No,No,Month-to-month,Yes,Credit card (automatic),105.35,2302.49,Yes
6784-HNZY,Male,0,No,Yes,62,Yes,No,DSL,No,No,Yes,Yes,No,Yes,Month-to-month,Yes,Mailed check,80.58,5008.87,No
3461-TULS,Female,0,Yes,No,55,Yes,Yes,Fiber optic,No,No,No,No,Yes,Yes,Two year,No,Bank transfer (automatic),105.07,5772.46,No
1685-QXUC,Female,0,No,No,72,Yes,Yes,DSL,No,No,No,Yes,No,No,Month-to-month,Yes,Mailed check,72.71,5212.98,No
6341-WGQL,Female,0,Yes,No,65,Yes,No,DSL,No,Yes,Yes,No,Yes,Yes,Two year,Yes,Credit card (automatic),95.14,6190.55,No
2256-ORUM,Male,1,Yes,No,37,Yes,No,Fiber optic,No,No,No,No,No,Yes,Two year,No,Credit card (automatic),90.65,3359.32,No
8165-UHNH,Male,0,No,No,27,Yes,No,Fiber optic,Yes,Yes,No,No,No,Yes,One year,Yes,Bank transfer (automatic),109.43,2954.53,No
7381-GWLK,Male,1,No,No,25,Yes,No,No,No internet service,No internet service,No internet service,No internet service,No internet service,No internet service,Month-to-month,No,Electronic check,38.1,948.74,No
9789-VKYV,Female,0,Yes,No,59,Yes,No,Fiber optic,No,No,No,No,No,No,Month-to-month,No,Electronic check,80.17,4717.62,Yes
8003-MRBU,Female,0,Yes,No,59,Yes,No,DSL,Yes,No,Yes,Yes,No,No,Month-to-month,Yes,Electronic check,82.22,4853.12,No
5558-TROS,Male,0,No,No,54,Yes,Yes,Fiber optic,No,No,No,Yes,No,Yes,Two year,Yes,Bank transfer (automatic),106.56,5753.04,No
5183-LMVK,Female,0,Yes,No,24,Yes,Yes,No,No internet service,No internet service,No internet service,No internet service,No internet service,No internet service,Month-to-month,Yes,Bank transfer (automatic),43.77,1046.52,No
2724-AXCV,Male,0,No,No,20,Yes,No,Fiber optic,No,No,No,No,Yes,No,Two year,Yes,Bank transfer (automatic),89.23,1784.19,No
3066-WGLO,Male,1,No,No,24,Yes,No,Fiber optic,No,No,Yes,Yes,No,Yes,Month-to-month,No,Electronic check,106.32,2512.69,Yes
8295-EOHJ,Female,0,No,No,57,Yes,No,DSL,No,Yes,No,No,No,Yes,Month-to-month,No,Electronic check,79.05,4519.99,No
8353-PHAL,Female,0,Yes,No,37,Yes,No,Fiber optic,No,Yes,No,Yes,No,No,Month-to-month,No,Bank transfer (automatic),96.65,3562.57,Yes
1514-ADHC,Female,0,No,No,45,Yes,No,Fiber optic,No,No,Yes,Yes,Yes,Yes,One year,Yes,Bank transfer (automatic),114.23,5148.87,No
6343-JBKY,Female,0,Yes,Yes,3,Yes,Yes,Fiber optic,Yes,No,Yes,Yes,No,No,One year,Yes,Electronic check,118.75,341.78,No
4081-UNGB,Male,1,Yes,No,18,Yes,Yes,Fiber optic,No,No,Yes,No,Yes,No,Two year,Yes,Mailed check,104.81,1914.36,No
3159-MITD,Female,0,No,No,61,Yes,No,No,No internet service,No internet service,No internet service,No internet service,No internet service,No internet service,Month-to-month,Yes,Credit card (automatic),28.14,1716.36,No
3649-ZVLQ,Female,0,No,No,23,Yes,Yes,No,No internet service,No internet service,No internet service,No internet service,No internet service,No internet service,Month-to-month,Yes,Electronic check,51.12,1180.36,No
2037-YBUY,Female,0,Yes,No,54,Yes,Yes,No,No internet service,No internet service,No internet service,No internet service,No internet service,No internet service,Two year,Yes,Electronic check,48.66,2601.88,No
3634-PSWF,Male,0,Yes,Yes,24,Yes,No,Fiber optic,No,No,Yes,No,No,Yes,Month-to-month,No,Credit card (automatic),105.9,2516.71,Yes
8378-EZDO,Female,0,No,No,71,Yes,No,DSL,Yes,Yes,No,No,No,No,Month-to-month,No,Bank transfer (automatic),80.31,5718.49,No
6251-TJXV,Female,0,Yes,No,64,Yes,Yes,Fiber optic,Yes,No,Yes,No,Yes,Yes,Month-to-month,No,Mailed check,118.75,7610.51,No
1226-ZEFU,Male,0,No,No,67,Yes,Yes,Fiber optic,Yes,Yes,Yes,No,No,No,Two year,Yes,Bank transfer (automatic),112.74,7567.95,No
3023-GUJF,Male,0,No,No,11,Yes,Yes,DSL,Yes,No,Yes,Yes,No,Yes,Two year,Yes,Electronic check,102.08,1124.24,No
6891-YMTQ,Male,0,No,No,24,Yes,No,DSL,Yes,No,No,No,No,No,Month-to-month,Yes,Bank transfer (automatic),66.5,1559.36,No
3563-NCXE,Female,0,Yes,No,20,Yes,Yes,Fiber optic,No,No,Yes,Yes,Yes,No,Month-to-month,Yes,Mailed check,113.63,2269.69,Yes
5431-ZWTD,Male,0,No,No,18,No,No phone service,Fiber optic,No,No,No,No,No,No,One year,Yes,Credit card (automatic),63.03,1150.46,No
4959-XBRS,Male,0,No,Yes,69,Yes,No,No,No internet service,No internet service,No internet service,No internet service,No internet service,No internet service,Two year,No,Electronic check,31.54,2195.81,No
4390-NSVX,Female,0,Yes,Yes,51,Yes,No,No,No internet service,No internet service,No internet service,No internet service,No internet service,No internet service,Month-to-month,Yes,Credit card (automatic),34.04,1724.39,No
1541-ZFUD,Female,0,Yes,No,53,Yes,No,Fiber optic,Yes,Yes,Yes,Yes,No,No,Two year,Yes,Electronic check,118.75,6272.77,No
9623-MDWQ,Male,0,Yes,No,34,Yes,No,DSL,Yes,No,Yes,Yes,Yes,Yes,One year,No,Electronic check,99.81,3365.93,No
2169-TQOK,Female,0,Yes,No,2,Yes,Yes,DSL,No,Yes,No,No,No,Yes,Month-to-month,Yes,Electronic check,91.82,170.58,Yes
2019-VMAQ,Female,0,No,Yes,32,Yes,Yes,DSL,No,Yes,No,No,Yes,No,Two year,No,Bank transfer (automatic),87.62,2802.89,No
2283-TPOO,Male,0,No,No,72,Yes,Yes,Fiber optic,Yes,No,Yes,No,No,Yes,Month-to-month,No,Bank transfer (automatic),114.25,8244.39,No
2733-ONKG,Female,0,Yes,No,6,Yes,Yes,No,No internet service,No internet service,No internet service,No internet service,No internet service,No internet service,Two year,Yes,Credit card (automatic),43.87,263.37,No
4471-EYTJ,Female,0,No,No,26,Yes,No,No,No internet service,No internet service,No internet service,No internet service,No internet service,No internet service,Month-to-month,No,Mailed check,29.13,777.33,No
3097-CMKQ,Male,0,No,Yes,0,Yes,Yes,DSL,No,Yes,No,Yes,No,No,Month-to-month,No,Bank transfer (automatic),90.49, ,Yes
7397-VMFQ,Male,0,No,Yes,39,Yes,Yes,Fiber optic,Yes,No,Yes,No,Yes,No,One year,Yes,Credit card (automatic),114.78,4434.99,No
9186-MSUS,Female,0,Yes,No,17,Yes,Yes,Fiber optic,Yes,No,Yes,Yes,No,Yes,Month-to-month,Yes,Mailed check,118.75,2012.31,Yes
2449-CNZS,Male,0,Yes,Yes,34,Yes,No,Fiber optic,No,Yes,No,No,No,No,Month-to-month,Yes,Mailed check,88.72,2980.36,Yes
8999-ETQU,Male,0,Yes,No,38,Yes,No,No,No internet service,No internet service,No internet service,No internet service,No internet service,No internet service,Two year,Yes,Mailed check,37.47,1421.59,No
9895-EDFZ,Female,0,No,No,10,Yes,No,Fiber optic,Yes,No,No,No,No,No,One year,Yes,Mailed check,88.06,857.04,No
4331-GGRC,Female,0,Yes,No,44,Yes,No,Fiber optic,Yes,No,Yes,Yes,Yes,No,Month-to-month,No,Electronic check,115.56,5089.37,Yes
3839-YDFI,Female,0,Yes,Yes,2,No,No phone service,Fiber optic,No,Yes,No,No,Yes,Yes,Two year,No,Electronic check,88.95,168.56,No
1685-LYTX,Male,0,No,Yes,51,Yes,Yes,Fiber optic,Yes,Yes,Yes,Yes,Yes,No,Two year,Yes,Mailed check,118.75,6065.36,No
7868-XLJV,Male,1,No,No,59,Yes,Yes,No,No internet service,No internet service,No internet service,No internet service,No internet service,No internet service,One year,No,Credit card (automatic),41.01,2387.09,No
5998-CWNX,Female,0,No,No,57,Yes,No,Fiber optic,No,No,Yes,No,Yes,Yes,Month-to-month,No,Credit card (automatic),108.03,6157.06,No
1905-PPVJ,Female,0,No,No,53,Yes,Yes,No,No internet service,No internet service,No internet service,No internet service,No internet service,No internet service,One year,Yes,Electronic check,45.31,2394.35,No
8896-MFLI,Female,0,No,Yes,33,Yes,No,Fiber optic,Yes,Yes,No,No,No,No,Two year,Yes,Credit card (automatic),94.24,3120.7,No
6347-XKTR,Female,0,No,No,27,Yes,No,Fiber optic,No,No,Yes,No,No,No,One year,No,Electronic check,93.33,2522.27,No
3297-KYUD,Male,0,No,Yes,60,Yes,No,DSL,No,No,Yes,Yes,Yes,No,Month-to-month,No,Electronic check,85.06,5079.26,No
1689-AGFO,Male,0,No,No,65,Yes,No,Fiber optic,No,No,No,No,No,Yes,Two year,No,Mailed check,91.42,5922.79,No
1671-XKTX,Male,0,No,Yes,65,Yes,Yes,Fiber optic,No,Yes,No,No,Yes,No,Month-to-month,No,Electronic check,111.88,7276.88,Yes
7342-UJZL,Male,1,Yes,No,36,Yes,No,DSL,No,No,No,No,No,No,Month-to-month,Yes,Electronic check,57.34,2072.92,Yes
4959-NYEZ,Male,0,Yes,Yes,15,Yes,No,DSL,No,No,Yes,Yes,No,Yes,Month-to-month,No,Bank transfer (automatic),88.5,1303.71,No
7164-RECW,Male,0,Yes,No,71,Yes,No,Fiber optic,Yes,No,Yes,No,Yes,Yes,Two year,Yes,Electronic check,118.08,8395.62,No
2753-EXQS,Female,0,No,No,44,Yes,Yes,No,No internet service,No internet service,No internet service,No internet service,No internet service,No internet service,Month-to-month,Yes,Mailed check,45.74,1998.35,No
9562-YULY,Male,0,No,No,14,Yes,No,Fiber optic,No,No,Yes,No,Yes,No,Two year,Yes,Electronic check,100.59,1409.5,No
7588-IARU,Male,1,No,Yes,3,Yes,No,No,No internet service,No internet service,No internet service,No internet service,No internet service,No internet service,Month-to-month,Yes,Mailed check,32.49,114.37,No
8875-JYGV,Male,0,No,No,22,Yes,Yes,No,No internet service,No internet service,No internet service,No internet service,No internet service,No internet service,One year,No,Credit card (automatic),47.8,1060.54,No
4062-AQXB,Male,0,Yes,No,71,Yes,Yes,Fiber optic,No,Yes,Yes,No,No,No,Month-to-month,Yes,Credit card (automatic),107.3,7608.46,No
7171-ZKIG,Female,0,No,No,15,Yes,Yes,DSL,No,Yes,No,No,Yes,No,One year,Yes,Mailed check,90.14,1306.37,No
5624-BFNF,Female,0,Yes,No,52,No,No phone service,No,No internet service,No internet service,No internet service,No internet service,No internet service,No internet service,Month-to-month,Yes,Electronic check,19.19,983.64,No
4648-JUEB,Male,0,Yes,No,9,Yes,No,Fiber optic,No,Yes,Yes,No,Yes,No,Month-to-month,Yes,Credit card (automatic),104.23,925.78,Yes
4137-JBPP,Female,0,No,Yes,33,Yes,No,Fiber optic,Yes,No,Yes,No,No,Yes,Month-to-month,No,Mailed check,102.61,3403.07,Yes
4750-VLXO,Female,0,No,No,17,Yes,Yes,Fiber optic,Yes,Yes,No,No,No,Yes,Two year,Yes,Electronic check,115.43,1958.19,No
9103-FJCS,Female,0,No,Yes,52,No,No phone service,DSL,Yes,No,No,No,Yes,No,Month-to-month,No,Electronic check,61.73,3201.37,No
2854-QGUT,Female,0,Yes,No,15,Yes,No,DSL,Yes,Yes,No,No,No,No,Month-to-month,Yes,Credit card (automatic),73.63,1107.67,No
6774-XHUO,Male,0,No,No,61,Yes,No,Fiber optic,Yes,Yes,Yes,No,Yes,No,Two year,No,Electronic check,118.11,7208.32,No
2749-TNIH,Male,0,Yes,No,51,Yes,No,No,No internet service,No internet service,No internet service,No internet service,No internet service,No internet service,Month-to-month,Yes,Electronic check,37.38,1904.28,No
3105-ZQBY,Male,0,No,No,56,Yes,Yes,DSL,No,Yes,Yes,Yes,Yes,No,Two year,Yes,Electronic check,107.53,6048.07,No
6879-CHLA,Male,0,Yes,Yes,71,Yes,Yes,No,No internet service,No internet service,No internet service,No internet service,No internet service,No internet service,Month-to-month,No,Bank transfer (automatic),42.59,3009.02,No
2577-TCFG,Male,0,No,No,63,Yes,Yes,DSL,No,Yes,No,No,Yes,No,Two year,Yes,Mailed check,90.27,5677.62,No
7744-RKSE,Female,0,Yes,No,22,Yes,Yes,Fiber optic,No,No,Yes,No,No,No,One year,No,Electronic check,96.06,2109.14,No
3551-LJHX,Male,1,Yes,Yes,39,Yes,No,DSL,No,Yes,No,No,No,No,One year,Yes,Credit card (automatic),66.33,2569.1,No
3555-IDEU,Male,0,No,No,13,No,No phone service,No,No internet service,No internet service,No internet service,No internet service,No internet service,No internet service,One year,Yes,Mailed check,20.86,282.09,No
8239-WIOO,Female,0,No,No,17,Yes,No,DSL,No,No,Yes,No,No,Yes,Month-to-month,No,Credit card (automatic),79.56,1357.33,No
7063-NHRJ,Female,0,No,No,35,Yes,No,DSL,Yes,No,No,Yes,Yes,No,Month-to-month,No,Credit card (automatic),83.86,2953.81,No
7971-TFLB,Male,0,No,No,38,Yes,No,No,No internet service,No internet service,No internet service,No internet service,No internet service,No internet service,Two year,Yes,Bank transfer (automatic),34.51,1304.7,No
3822-PCMC,Female,0,No,No,40,Yes,No,Fiber optic,No,Yes,No,Yes,No,No,One year,No,Mailed check,92.76,3720.03,No
1282-RKHF,Male,0,No,No,0,Yes,No,Fiber optic,No,Yes,No,Yes,Yes,No,Month-to-month,No,Mailed check,106.84, ,Yes
4200-WHEP,Female,0,Yes,No,70,Yes,No,No,No internet service,No internet service,No internet service,No internet service,No internet service,No internet service,One year,No,Mailed check,30.28,2134.07,No
4690-EDFN,Male,0,Yes,Yes,41,Yes,Yes,Fiber optic,No,Yes,No,No,No,No,Month-to-month,No,Electronic check,99.21,4056.48,Yes
6906-ILKN,Male,0,No,No,23,Yes,Yes,DSL,No,Yes,No,Yes,No,Yes,Two year,No,Bank transfer (automatic),98.18,2260.76,No
8183-AMWU,Male,0,Yes,No,64,Yes,No,Fiber optic,Yes,No,No,No,No,No,Month-to-month,Yes,Electronic check,85.71,5512.82,Yes
4604-MBDF,Male,1,Yes,Yes,17,Yes,No,DSL,Yes,No,No,No,No,No,Month-to-month,No,Electronic check,67.11,1139.35,Yes
2529-WEYC,Female,0,Yes,No,13,No,No phone service,No,No internet service,No internet service,No internet service,No internet service,No internet service,No internet service,Month-to-month,Yes,Credit card (automatic),19.24,246.71,No
4864-TBZE,Male,0,Yes,Yes,18,Yes,No,No,No internet service,No internet service,No internet service,No internet service,No internet service,No internet service,Two year,No,Credit card (automatic),36.74,681.04,No
1226-ITFR,Male,0,No,Yes,6,Yes,No,DSL,Yes,No,No,Yes,No,Yes,Month-to-month,Yes,Electronic check,81.85,512.41,Yes
1645-SLYK,Male,0,Yes,No,63,Yes,Yes,DSL,No,No,No,Yes,Yes,No,Two year,No,Electronic check,83.59,5270.36,No
6569-OLLI,Male,0,Yes,Yes,1,No,No phone service,No,No internet service,No internet service,No internet service,No internet service,No internet service,No internet service,Month-to-month,Yes,Electronic check,18.6,66.06,Yes
1587-ZPUX,Female,0,No,No,6,Yes,Yes,Fiber optic,No,No,Yes,No,Yes,Yes,Month-to-month,No,Credit card (automatic),118.75,697.77,Yes
9381-AUCT,Female,0,No,No,27,Yes,Yes,DSL,No,Yes,Yes,No,Yes,Yes,Two year,Yes,Bank transfer (automatic),108.44,2935.83,No
7450-ORZK,Male,0,No,Yes,29,Yes,Yes,DSL,No,Yes,No,Yes,No,Yes,Two year,Yes,Bank transfer (automatic),99.12,2884.0,No
8096-WPVQ,Male,0,Yes,Yes,72,Yes,Yes,Fiber optic,Yes,No,No,Yes,Yes,No,Month-to-month,Yes,Electronic check,114.31,8252.37,No
7980-LKOC,Female,1,Yes,Yes,35,No,No phone service,DSL,No,No,No,No,Yes,Yes,One year,No,Mailed check,65.15,2274.98,No
9915-PBBC,Male,1,Yes,Yes,21,Yes,No,Fiber optic,No,Yes,Yes,No,Yes,No,Month-to-month,No,Bank transfer (automatic),106.46,2235.73,Yes
1155-OGFI,Male,0,Yes,Yes,26,Yes,Yes,No,No internet service,No internet service,No internet service,No internet service,No internet service,No internet service,One year,No,Credit card (automatic),52.84,1379.86,No
6779-AHWW,Female,0,Yes,No,9,No,No phone service,DSL,No,Yes,No,No,Yes,No,Month-to-month,Yes,Bank transfer (automatic),63.39,574.78,Yes
9831-CDZY,Female,0,No,No,21,Yes,No,DSL,Yes,Yes,No,Yes,No,No,Month-to-month,Yes,Credit card (automatic),85.76,1808.81,No
6925-OUCY,Female,0,No,Yes,22,Yes,Yes,Fiber optic,Yes,No,No,No,Yes,No,Month-to-month,Yes,Credit card (automatic),108.12,2393.77,Yes
1948-NTND,Male,0,No,No,51,Yes,Yes,Fiber optic,No,No,Yes,No,No,No,Month-to-month,Yes,Bank transfer (automatic),96.52,4920.57,No
1459-QGIC,Male,0,No,Yes,41,Yes,No,Fiber optic,No,Yes,Yes,No,Yes,No,Month-to-month,No,Mailed check,108.9,4432.48,Yes
2787-MORS,Male,1,No,No,40,Yes,Yes,DSL,Yes,No,No,No,Yes,Yes,One year,No,Credit card (automatic),95.62,3810.19,No
5741-WBXN,Male,0,No,Yes,47,Yes,No,Fiber optic,Yes,Yes,Yes,No,No,Yes,Month-to-month,No,Bank transfer (automatic),114.64,5373.07,Yes
3597-NDUH,Female,0,No,Yes,68,Yes,No,DSL,No,No,Yes,Yes,Yes,No,Month-to-month,No,Bank transfer (automatic),87.96,5988.74,No
6661-NTQY,Female,0,No,No,50,No,No phone service,DSL,No,No,Yes,Yes,Yes,No,One year,Yes,Electronic check,67.63,3363.92,No
1423-XNZF,Female,0,Yes,No,0,Yes,Yes,Fiber optic,Yes,Yes,Yes,Yes,Yes,No,Two year,No,Credit card (automatic),118.75, ,No
2750-VPYS,Female,0,Yes,No,55,Yes,No,Fiber optic,Yes,Yes,No,Yes,No,Yes,Month-to-month,Yes,Electronic check,118.38,6513.67,No
8789-SCJS,Male,0,No,No,70,Yes,Yes,No,No internet service,No internet service,No internet service,No internet service,No internet service,No internet service,Month-to-month,No,Electronic check,44.91,3144.16,No
8880-TMGN,Male,0,Yes,Yes,23,Yes,No,DSL,Yes,No,No,No,No,No,Two year,No,Bank transfer (automatic),69.93,1576.54,No
8230-IWYS,Female,0,No,No,14,Yes,Yes,Fiber optic,No,No,Yes,Yes,Yes,No,Month-to-month,Yes,Electronic check,118.13,1585.79,Yes
3990-TNXF,Male,0,No,No,43,No,No phone service,Fiber optic,No,Yes,Yes,No,No,Yes,Month-to-month,Yes,Bank transfer (automatic),88.34,3800.11,Yes
2460-DHQI,Female,0,No,Yes,48,Yes,No,DSL,Yes,Yes,No,No,No,Yes,Month-to-month,Yes,Electronic check,91.26,4405.34,Yes
7816-XTYN,Female,0,Yes,No,48,Yes,No,DSL,Yes,No,No,Yes,No,No,Month-to-month,No,Electronic check,75.0,3580.6,No
2762-INID,Male,0,No,No,67,Yes,No,DSL,No,No,No,No,Yes,Yes,Month-to-month,No,Electronic check,79.7,5341.28,No
9259-HBIN,Male,1,Yes,No,36,Yes,Yes,No,No internet service,No internet service,No internet service,No internet service,No internet service,No internet service,One year,Yes,Electronic check,45.88,1665.56,No
6717-IXWP,Male,1,No,No,41,Yes,No,DSL,Yes,Yes,Yes,No,Yes,No,Month-to-month,Yes,Mailed check,95.49,3923.2,No
3524-QPLC,Male,0,Yes,No,58,Yes,No,No,No internet service,No internet service,No internet service,No internet service,No internet service,No internet service,Month-to-month,No,Electronic check,33.33,1955.81,No
1778-NRUU,Male,0,No,No,9,Yes,No,Fiber optic,Yes,Yes,No,Yes,Yes,No,Month-to-month,No,Mailed check,113.6,1021.07,Yes
2348-PTEC,Male,0,No,No,52,Yes,No,No,No internet service,No internet service,No internet service,No internet service,No internet service,No internet service,One year,Yes,Electronic check,37.35,1963.16,No
8851-AUII,Male,0,No,No,41,Yes,Yes,DSL,No,No,No,No,No,No,Month-to-month,No,Credit card (automatic),66.58,2741.45,No
5577-XAHM,Male,0,No,No,7,Yes,No,Fiber optic,No,No,No,No,No,Yes,Month-to-month,No,Electronic check,92.47,656.87,Yes
1342-OHLV,Female,0,No,No,23,No,No phone service,Fiber optic,Yes,Yes,Yes,Yes,No,Yes,Two year,No,Bank transfer (automatic),110.8,2547.72,No
7317-OOIS,Female,0,Yes,No,50,Yes,Yes,Fiber optic,No,No,Yes,Yes,No,No,One year,Yes,Bank transfer (automatic),105.33,5266.56,No
7748-VHUS,Male,0,No,No,70,Yes,Yes,Fiber optic,Yes,No,No,Yes,Yes,Yes,Month-to-month,No,Electronic check,118.75,8337.39,No
4740-SDWG,Male,0,Yes,No,59,Yes,Yes,Fiber optic,No,Yes,No,No,No,No,One year,Yes,Electronic check,99.4,5867.36,No
1771-VLMC,Female,0,Yes,No,20,Yes,No,DSL,No,Yes,Yes,No,No,Yes,Two year,No,Credit card (automatic),88.05,1744.02,No
1193-XBWI,Female,0,Yes,Yes,52,Yes,No,Fiber optic,No,Yes,No,No,Yes,Yes,Two year,No,Electronic check,113.37,5887.46,No
5005-FVYR,Female,0,No,No,5,Yes,Yes,Fiber optic,Yes,No,Yes,No,No,Yes,Two year,Yes,Mailed check,110.87,544.73,No
7716-LFZH,Female,0,Yes,No,30,Yes,Yes,Fiber optic,Yes,No,No,No,Yes,No,One year,Yes,Bank transfer (automatic),105.03,3117.02,No
4451-JAYM,Male,1,No,No,11,No,No phone service,Fiber optic,Yes,Yes,No,No,No,No,Two year,No,Electronic check,77.58,862.04,No
3800-CHNC,Female,0,No,No,12,Yes,No,Fiber optic,Yes,No,No,Yes,Yes,No,Month-to-month,Yes,Mailed check,102.64,1254.12,Yes
2455-MTXQ,Female,0,No,No,48,Yes,Yes,Fiber optic,Yes,Yes,No,Yes,Yes,No,Month-to-month,Yes,Electronic check,118.75,5687.99,Yes
7796-FQNQ,Female,0,Yes,Yes,30,Yes,No,DSL,Yes,No,No,No,No,Yes,One year,Yes,Credit card (automatic),77.89,2322.21,No
2159-KTAZ,Female,1,No,No,8,Yes,Yes,DSL,Yes,No,Yes,No,No,No,Two year,No,Electronic check,86.47,704.58,No
1340-UQJK,Male,1,No,Yes,26,Yes,Yes,Fiber optic,No,No,No,No,No,No,Month-to-month,Yes,Electronic check,84.51,2219.59,Yes
7376-IXEQ,Female,0,No,No,52,No,No phone service,No,No internet service,No internet service,No internet service,No internet service,No internet service,No internet service,Month-to-month,Yes,Mailed check,18.47,969.75,No
5648-QXUS,Male,1,No,Yes,50,Yes,No,Fiber optic,Yes,Yes,No,No,Yes,No,One year,No,Electronic check,110.4,5496.81,No
1182-IGMK,Male,0,Yes,No,71,Yes,No,DSL,No,No,Yes,Yes,Yes,No,Month-to-month,Yes,Credit card (automatic),86.1,6115.58,No
2517-SKMN,Male,0,No,No,26,Yes,Yes,DSL,No,No,No,Yes,No,No,Month-to-month,Yes,Credit card (automatic),78.97,2068.95,No
4628-AHLS,Male,0,No,No,39,Yes,No,Fiber optic,No,No,No,No,No,Yes,Month-to-month,Yes,Credit card (automatic),91.84,3586.16,Yes
7132-MLPA,Male,0,Yes,No,61,Yes,Yes,No,No internet service,No internet service,No internet service,No internet service,No internet service,No internet service,Two year,No,Credit card (automatic),44.11,2682.96,No
7246-ZEHY,Female,0,Yes,No,57,No,No phone service,DSL,No,Yes,No,No,Yes,No,One year,Yes,Mailed check,60.97,3477.18,No
9365-WMOW,Male,1,No,No,14,Yes,No,No,No internet service,No internet service,No internet service,No internet service,No internet service,No internet service,Two year,Yes,Mailed check,34.75,500.79,No
4760-OTRR,Female,0,Yes,No,38,Yes,Yes,No,No internet service,No internet service,No internet service,No internet service,No internet service,No internet service,Month-to-month,Yes,Bank transfer (automatic),46.77,1794.49,No
5033-DADR,Female,0,No,Yes,69,Yes,No,Fiber optic,No,No,No,Yes,No,Yes,Month-to-month,Yes,Credit card (automatic),98.9,6826.83,No
2774-HTQA,Male,0,No,Yes,7,Yes,Yes,DSL,No,No,Yes,No,No,Yes,Two year,No,Mailed check,89.85,610.68,No
1331-ZSOI,Male,0,No,Yes,34,Yes,No,Fiber optic,No,No,No,Yes,No,No,Two year,No,Electronic check,85.85,2893.04,No
6889-IJBS,Female,0,No,No,62,Yes,Yes,No,No internet service,No internet service,No internet service,No internet service,No internet service,No internet service,Two year,Yes,Credit card (automatic),45.9,2819.32,No
5658-VIYG,Male,0,No,Yes,30,Yes,Yes,Fiber optic,No,No,Yes,No,No,Yes,Two year,Yes,Bank transfer (automatic),109.88,3276.34,No
1770-TFUB,Male,0,Yes,No,41,Yes,No,No,No internet service,No internet service,No internet service,No internet service,No internet service,No internet service,Two year,Yes,Mailed check,34.49,1420.45,No
2628-FCPH,Male,0,No,Yes,65,Yes,Yes,DSL,Yes,No,No,No,Yes,No,Month-to-month,No,Electronic check,85.58,5542.91,No
7401-QILC,Female,0,No,No,40,Yes,Yes,DSL,Yes,No,No,No,Yes,No,Month-to-month,Yes,Mailed check,91.26,3608.12,No
3282-AWMO,Female,0,Yes,No,0,Yes,Yes,No,No internet service,No internet service,No internet service,No internet service,No internet service,No internet service,One year,Yes,Electronic check,42.24, ,No
6476-UQYW,Male,0,No,No,32,Yes,Yes,Fiber optic,No,No,No,Yes,Yes,No,One year,Yes,Mailed check,112.11,3577.32,No
2431-YFUV,Male,0,No,No,36,Yes,No,Fiber optic,No,No,No,No,No,No,Two year,No,Electronic check,79.91,2881.3,No
2130-RDCM,Male,0,Yes,No,56,Yes,No,DSL,Yes,No,No,Yes,No,Yes,One year,No,Bank transfer (automatic),83.26,4665.96,No
9566-IUFZ,Female,0,No,Yes,10,Yes,Yes,No,No internet service,No internet service,No internet service,No internet service,No internet service,No internet service,Month-to-month,Yes,Electronic check,43.89,419.68,Yes
4259-LBCC,Male,0,No,No,46,Yes,No,Fiber optic,No,No,No,Yes,No,No,Two year,No,Mailed check,84.83,3888.14,No
4243-OIWH,Male,0,Yes,No,65,Yes,No,No,No internet service,No internet service,No internet service,No internet service,No internet service,No internet service,Month-to-month,Yes,Electronic check,28.92,1905.27,No
2141-DAXG,Male,1,No,Yes,3,Yes,Yes,No,No internet service,No internet service,No internet service,No internet service,No internet service,No internet service,Month-to-month,No,Electronic check,40.5,93.88,Yes
4361-XEGD,Male,0,No,Yes,54,Yes,Yes,DSL,No,Yes,No,Yes,No,No,Month-to-month,No,Credit card (automatic),82.77,4462.6,No
7564-XAAO,Female,0,No,No,11,Yes,Yes,Fiber optic,Yes,Yes,No,Yes,Yes,No,Two year,Yes,Bank transfer (automatic),118.75,1296.52,No
6906-JRCK,Male,0,Yes,Yes,65,Yes,No,Fiber optic,Yes,No,No,No,Yes,No,One year,Yes,Bank transfer (automatic),99.01,6422.95,No
2829-EHBP,Male,1,Yes,No,36,Yes,No,DSL,No,No,Yes,Yes,Yes,Yes,Month-to-month,Yes,Mailed check,93.97,3405.54,No
4699-XLFA,Female,0,Yes,Yes,22,Yes,No,DSL,Yes,No,No,Yes,Yes,No,Month-to-month,Yes,Bank transfer (automatic),91.36,1940.21,No
2054-DQMR,Male,0,No,No,54,Yes,Yes,DSL,Yes,No,Yes,No,No,No,One year,Yes,Mailed check,82.47,4466.21,No
7980-XXCK,Male,0,No,No,18,No,No phone service,Fiber optic,No,No,No,No,Yes,No,Two year,Yes,Mailed check,76.59,1375.67,No
5652-DZNV,Female,0,Yes,No,66,Yes,No,No,No internet service,No internet service,No internet service,No internet service,No internet service,No internet service,Month-to-month,No,Credit card (automatic),34.06,2215.45,No
5458-JSRF,Male,0,Yes,No,22,Yes,Yes,Fiber optic,No,Yes,No,Yes,No,No,Month-to-month,Yes,Mailed check,106.32,2336.5,Yes
7268-OUJE,Female,1,Yes,No,3,Yes,Yes,Fiber optic,No,No,Yes,No,Yes,Yes,Month-to-month,Yes,Electronic check,117.44,310.79,Yes
3169-EJEC,Male,0,No,No,17,Yes,No,DSL,Yes,No,No,No,No,No,One year,No,Electronic check,67.41,1142.96,No
7789-DRIQ,Male,0,No,No,11,Yes,No,Fiber optic,No,Yes,No,Yes,Yes,No,Two year,Yes,Credit card (automatic),102.48,1106.47,No
9988-MOTQ,Male,0,No,No,34,Yes,No,Fiber optic,No,Yes,No,Yes,No,No,Month-to-month,Yes,Credit card (automatic),98.87,3371.05,Yes
4807-PVDE,Female,0,Yes,No,26,No,No phone service,No,No internet service,No internet service,No internet service,No internet service,No internet service,No internet service,Month-to-month,Yes,Mailed check,18.25,479.44,No
4236-IQMB,Male,0,Yes,No,42,Yes,Yes,Fiber optic,No,No,Yes,No,No,No,Two year,Yes,Mailed check,97.61,4116.04,No
9556-VUWS,Female,0,Yes,No,66,Yes,No,DSL,Yes,Yes,No,No,No,Yes,Two year,Yes,Electronic check,84.89,5611.08,No
2439-MSZQ,Female,0,No,Yes,68,Yes,Yes,No,No internet service,No internet service,No internet service,No internet service,No internet service,No internet service,Month-to-month,Yes,Credit card (automatic),45.93,3127.23,No
1340-NLUL,Female,0,Yes,Yes,63,Yes,Yes,DSL,No,No,No,No,No,No,One year,No,Electronic check,65.85,4134.51,No
1138-GDSA,Female,0,Yes,No,51,Yes,No,No,No internet service,No internet service,No internet service,No internet service,No internet service,No internet service,Month-to-month,Yes,Credit card (automatic),36.0,1831.68,No
2627-XCMO,Female,0,No,Yes,16,Yes,Yes,No,No internet service,No internet service,No internet service,No internet service,No internet service,No internet service,Two year,Yes,Electronic check,42.2,661.27,No
7652-QCRH,Female,0,No,No,32,Yes,Yes,Fiber optic,No,No,Yes,Yes,Yes,Yes,Month-to-month,No,Electronic check,118.75,3802.69,Yes
7905-SEGU,Male,0,No,No,71,Yes,Yes,DSL,No,No,Yes,No,No,No,Two year,No,Credit card (automatic),72.67,5179.55,No
3567-EQED,Male,1,No,Yes,51,Yes,No,DSL,No,No,Yes,No,No,No,Month-to-month,Yes,Mailed check,71.68,3621.62,No
4730-UBKV,Male,0,No,No,34,Yes,Yes,DSL,Yes,Yes,No,No,Yes,Yes,One year,Yes,Credit card (automatic),105.78,3603.27,No
2708-OLVU,Male,1,No,No,19,Yes,No,Fiber optic,Yes,No,No,No,No,No,Month-to-month,No,Bank transfer (automatic),91.33,1748.76,Yes
7538-GEQX,Female,0,No,No,44,Yes,No,No,No internet service,No internet service,No internet service,No internet service,No internet service,No internet service,Month-to-month,Yes,Bank transfer (automatic),35.63,1561.29,No
2960-NZLF,Male,0,No,No,67,Yes,No,No,No internet service,No internet service,No internet service,No internet service,No internet service,No internet service,One year,No,Mailed check,35.14,2336.0,No
1882-SZPL,Male,0,No,No,49,Yes,No,Fiber optic,Yes,Yes,No,No,Yes,No,Month-to-month,Yes,Electronic check,106.56,5208.72,Yes
6867-TFWZ,Female,1,Yes,No,57,Yes,No,DSL,No,No,No,Yes,No,No,Month-to-month,Yes,Electronic check,66.48,3771.84,No
6347-FKAX,Male,0,Yes,Yes,29,Yes,Yes,No,No internet service,No internet service,No internet service,No internet service,No internet service,No internet service,Month-to-month,No,Bank transfer (automatic),50.32,1433.71,No
3454-OKYS,Female,0,Yes,No,69,Yes,Yes,Fiber optic,No,No,Yes,Yes,No,No,Month-to-month,No,Electronic check,108.25,7480.26,No
4825-QSUN,Male,0,No,No,1,Yes,No,Fiber optic,Yes,No,Yes,Yes,Yes,No,One year,Yes,Mailed check,114.06,119.8,No
4802-RSOO,Male,0,No,Yes,33,Yes,Yes,No,No internet service,No internet service,No internet service,No internet service,No internet service,No internet service,Month-to-month,Yes,Credit card (automatic),44.87,1471.32,No
3819-GMCP,Female,1,No,Yes,51,Yes,No,Fiber optic,No,No,No,No,No,No,Month-to-month,Yes,Credit card (automatic),84.01,4281.18,No
2863-TMQQ,Male,0,Yes,No,15,Yes,No,Fiber optic,No,No,No,No,Yes,Yes,Two year,Yes,Mailed check,96.81,1461.62,No
4935-HSFC,Male,0,Yes,Yes,42,Yes,No,No,No internet service,No internet service,No internet service,No internet service,No internet service,No internet service,Month-to-month,Yes,Mailed check,42.03,1764.99,No
3490-EMON,Male,1,No,No,63,No,No phone service,No,No internet service,No internet service,No internet service,No internet service,No internet service,No internet service,Month-to-month,No,Mailed check,20.49,1290.78,No
2724-WPRV,Male,0,Yes,No,26,Yes,Yes,DSL,No,Yes,No,No,No,Yes,Month-to-month,Yes,Electronic check,94.26,2441.57,Yes
4420-VKCV,Female,0,Yes,No,64,Yes,No,DSL,No,No,Yes,No,No,Yes,Month-to-month,Yes,Electronic check,84.52,5388.41,No
3953-JUPL,Male,0,No,No,12,Yes,No,DSL,Yes,No,No,Yes,No,No,Month-to-month,Yes,Electronic check,76.19,896.86,No
7337-IXCX,Female,0,Yes,No,39,Yes,Yes,Fiber optic,No,No,No,No,No,Yes,One year,Yes,Credit card (automatic),98.03,3828.67,No
5152-OCSR,Female,0,Yes,Yes,31,Yes,Yes,Fiber optic,No,No,No,Yes,No,Yes,Two year,No,Credit card (automatic),107.41,3331.51,No
3841-QHGG,Male,0,Yes,Yes,66,No,No phone service,Fiber optic,No,No,Yes,No,No,Yes,Two year,No,Electronic check,78.38,5150.66,No
2088-DYEA,Female,0,Yes,No,13,Yes,No,DSL,No,No,No,No,Yes,Yes,One year,No,Bank transfer (automatic),79.84,1046.27,No
6668-MHHE,Male,0,No,No,57,Yes,No,DSL,Yes,Yes,Yes,No,No,No,Month-to-month,Yes,Credit card (automatic),85.17,4837.55,No
3235-IADC,Female,1,Yes,Yes,45,Yes,Yes,No,No internet service,No internet service,No internet service,No internet service,No internet service,No internet service,Two year,No,Credit card (automatic),46.82,2105.86,No
4175-WIBN,Female,0,Yes,No,58,Yes,Yes,Fiber optic,Yes,No,No,No,No,No,Month-to-month,No,Electronic check,98.25,5689.21,Yes
8427-FKCH,Female,0,Yes,No,64,Yes,No,Fiber optic,Yes,No,No,Yes,Yes,No,Month-to-month,No,Electronic check,110.76,7064.64,No
8938-NMMB,Female,0,No,No,32,Yes,Yes,Fiber optic,Yes,Yes,Yes,No,No,Yes,Month-to-month,Yes,Electronic check,118.75,3780.06,Yes
3092-SFPB,Male,0,Yes,No,45,Yes,No,No,No internet service,No internet service,No internet service,No internet service,No internet service,No internet service,Month-to-month,Yes,Mailed check,35.65,1605.98,No
6776-WBJP,Male,0,Yes,Yes,53,No,No phone service,DSL,Yes,No,Yes,No,Yes,No,One year,No,Mailed check,74.6,3955.37,No
8355-BBZM,Male,0,Yes,Yes,65,Yes,No,Fiber optic,Yes,No,No,No,Yes,No,One year,Yes,Electronic check,101.72,6585.53,No
3555-BGCH,Male,0,Yes,No,3,Yes,No,Fiber optic,Yes,Yes,Yes,Yes,Yes,No,One year,Yes,Credit card (automatic),118.75,365.65,No
2238-NXWV,Female,0,Yes,Yes,53,Yes,No,Fiber optic,No,No,Yes,Yes,Yes,No,Month-to-month,Yes,Electronic check,107.64,5716.01,No
3780-GUGA,Male,0,No,No,3,No,No phone service,DSL,Yes,No,No,Yes,Yes,No,Month-to-month,No,Mailed check,69.7,193.38,No
6789-UMUS,Male,0,No,No,16,Yes,Yes,DSL,Yes,Yes,No,No,No,Yes,One year,No,Mailed check,98.41,1570.13,No
8480-YVQW,Male,0,No,No,72,Yes,Yes,DSL,Yes,Yes,No,No,No,No,Two year,Yes,Credit card (automatic),82.61,5945.57,No
8190-JJDH,Female,0,No,Yes,70,Yes,Yes,Fiber optic,No,No,Yes,Yes,No,Yes,Month-to-month,No,Credit card (automatic),115.27,8097.57,No
2589-TTRN,Female,0,Yes,Yes,72,Yes,Yes,Fiber optic,No,No,Yes,No,Yes,No,Month-to-month,Yes,Electronic check,107.25,7725.86,Yes
7555-NTUX,Female,0,No,No,54,Yes,No,DSL,No,No,No,Yes,Yes,Yes,One year,No,Mailed check,88.15,4723.48,No
7846-DMWH,Female,0,Yes,No,47,Yes,No,DSL,Yes,No,No,No,Yes,Yes,Month-to-month,No,Mailed check,85.64,3990.89,No
6585-LWNB,Female,0,No,No,48,Yes,Yes,Fiber optic,Yes,Yes,Yes,Yes,Yes,Yes,Month-to-month,No,Electronic check,118.75,5713.77,Yes
5945-XBKI,Male,0,Yes,No,22,Yes,No,DSL,Yes,No,No,Yes,Yes,Yes,Month-to-month,No,Credit card (automatic),93.82,2069.08,No
8758-YQZZ,Female,0,No,No,26,Yes,Yes,No,No internet service,No internet service,No internet service,No internet service,No internet service,No internet service,Month-to-month,Yes,Electronic check,48.51,1259.07,No
2809-VFQW,Male,0,No,No,24,Yes,No,DSL,No,No,No,Yes,No,No,Month-to-month,No,Electronic check,66.45,1621.67,No
7056-FELY,Female,0,Yes,No,23,Yes,No,DSL,Yes,No,No,No,No,Yes,One year,No,Credit card (automatic),79.71,1840.28,No
6951-KYAK,Female,0,Yes,No,19,Yes,No,Fiber optic,Yes,Yes,No,Yes,No,No,Month-to-month,Yes,Electronic check,109.7,2095.03,Yes
5232-BLDD,Female,0,No,No,52,Yes,No,No,No internet service,No internet service,No internet service,No internet service,No internet service,No internet service,Month-to-month,Yes,Mailed check,35.44,1809.24,No
3224-FPXL,Female,0,Yes,Yes,25,Yes,Yes,Fiber optic,No,No,Yes,No,No,Yes,Month-to-month,Yes,Mailed check,112.99,2809.79,Yes
9662-ZAYX,Female,1,No,Yes,59,Yes,Yes,No,No internet service,No internet service,No internet service,No internet service,No internet service,No internet service,One year,No,Credit card (automatic),45.47,2698.39,No
8094-JOWU,Female,0,Yes,No,1,Yes,Yes,Fiber optic,Yes,No,Yes,Yes,No,No,Month-to-month,No,Credit card (automatic),118.23,133.0,Yes
1234-MEAX,Male,0,Yes,Yes,2,Yes,No,Fiber optic,Yes,Yes,Yes,No,No,No,One year,Yes,Electronic check,107.71,233.56,No
9043-KQDO,Female,0,No,Yes,55,No,No phone service,DSL,No,No,No,No,No,No,Month-to-month,Yes,Bank transfer (automatic),45.55,2496.57,No
5888-IUTS,Female,1,Yes,No,65,Yes,No,Fiber optic,Yes,Yes,No,Yes,Yes,No,Month-to-month,No,Electronic check,113.41,7348.37,No
6842-LEJQ,Male,0,Yes,No,24,Yes,Yes,DSL,Yes,Yes,No,No,No,Yes,Month-to-month,Yes,Bank transfer (automatic),95.63,2307.15,No
2124-VPGI,Female,0,No,No,67,Yes,No,DSL,No,Yes,No,No,No,No,Month-to-month,No,Credit card (automatic),67.31,4534.64,No
2378-OPRN,Female,1,No,No,14,Yes,No,No,No internet service,No internet service,No internet service,No internet service,No internet service,No internet service,Month-to-month,No,Electronic check,32.28,403.08,No
9418-LIGI,Male,0,No,Yes,6,Yes,Yes,Fiber optic,Yes,Yes,No,No,Yes,No,Month-to-month,No,Electronic check,117.19,708.09,Yes
3257-EMDB,Male,0,No,Yes,70,Yes,No,No,No internet service,No internet service,No internet service,No internet service,No internet service,No internet service,Two year,Yes,Electronic check,30.42,2119.86,No
5424-FKVX,Female,1,Yes,No,40,Yes,Yes,DSL,Yes,No,No,No,No,Yes,One year,Yes,Bank transfer (automatic),91.66,3626.09,No
3005-ADMW,Female,0,Yes,No,59,Yes,Yes,Fiber optic,Yes,No,Yes,Yes,No,No,One year,Yes,Mailed check,116.15,6824.66,No
2772-BIXH,Female,0,Yes,No,43,Yes,No,No,No internet service,No internet service,No internet service,No internet service,No internet service,No internet service,Month-to-month,Yes,Electronic check,36.16,1546.43,No
8430-DRCF,Female,0,No,No,32,Yes,No,Fiber optic,Yes,No,Yes,No,No,No,Month-to-month,Yes,Electronic check,97.15,3117.53,Yes
4220-HVVA,Female,0,Yes,No,65,Yes,Yes,DSL,No,No,Yes,No,No,No,Month-to-month,Yes,Credit card (automatic),72.18,4691.62,No
9547-UKCM,Female,0,Yes,Yes,22,Yes,Yes,Fiber optic,No,Yes,No,No,No,No,Two year,No,Electronic check,97.27,2111.36,No
8480-QVVJ,Male,0,No,No,63,Yes,No,Fiber optic,No,No,Yes,No,Yes,No,Month-to-month,Yes,Electronic check,99.16,6222.94,Yes
7708-LOUJ,Male,0,No,No,5,Yes,Yes,No,No internet service,No internet service,No internet service,No internet service,No internet service,No internet service,Two year,Yes,Mailed check,51.32,262.91,No
4748-FXBV,Male,0,No,No,62,Yes,No,Fiber optic,No,Yes,No,Yes,Yes,Yes,Month-to-month,Yes,Electronic check,118.75,7359.13,No
9016-DNJC,Male,0,Yes,Yes,42,Yes,No,No,No internet service,No internet service,No internet service,No internet service,No internet service,No internet service,Two year,Yes,Bank transfer (automatic),34.36,1450.76,No
9088-COFQ,Female,0,No,Yes,24,No,No phone service,No,No internet service,No internet service,No internet service,No internet service,No internet service,No internet service,One year,No,Electronic check,18.25,421.57,No
4253-TXKY,Male,0,Yes,No,7,Yes,Yes,Fiber optic,Yes,Yes,No,No,Yes,Yes,One year,No,Electronic check,118.75,826.75,No
9931-ZZFA,Female,0,No,Yes,36,Yes,Yes,No,No internet service,No internet service,No internet service,No internet service,No internet service,No internet service,One year,No,Bank transfer (automatic),45.37,1652.22,No
4923-WPOQ,Female,0,Yes,No,58,Yes,Yes,Fiber optic,No,Yes,No,Yes,No,No,Month-to-month,Yes,Mailed check,107.6,6274.08,No
3745-LVUJ,Male,0,Yes,Yes,27,Yes,No,No,No internet service,No internet service,No internet service,No internet service,No internet service,No internet service,One year,Yes,Electronic check,38.04,1017.05,No
6818-OIBE,Female,1,No,Yes,52,Yes,Yes,No,No internet service,No internet service,No internet service,No internet service,No internet service,No internet service,Month-to-month,No,Mailed check,47.0,2461.04,No
5063-UYAW,Male,0,Yes,Yes,70,No,No phone service,DSL,No,No,Yes,Yes,No,No,Two year,No,Mailed check,60.87,4260.25,No
5025-GTYL,Male,0,No,No,54,Yes,No,No,No internet service,No internet service,No internet service,No internet service,No internet service,No internet service,Month-to-month,No,Credit card (automatic),38.89,2085.62,No
1719-KUDM,Male,0,No,No,35,Yes,No,Fiber optic,No,Yes,No,Yes,Yes,No,Two year,Yes,Electronic check,101.84,3591.24,No
4718-DOSI,Male,0,No,No,61,No,No phone service,Fiber optic,No,No,No,Yes,No,No,Month-to-month,No,Credit card (automatic),71.37,4359.25,No
3207-KHAW,Male,0,Yes,No,14,Yes,No,DSL,No,Yes,Yes,No,Yes,No,Month-to-month,Yes,Electronic check,88.59,1198.62,Yes
9835-HCIB,Female,0,No,No,53,Yes,Yes,Fiber optic,No,Yes,Yes,Yes,Yes,No,Month-to-month,Yes,Credit card (automatic),118.75,6323.22,No
6345-MOWL,Male,0,Yes,No,60,No,No phone service,DSL,No,No,No,Yes,No,Yes,Month-to-month,Yes,Mailed check,54.88,3313.36,No
9707-ZHIW,Female,0,Yes,No,53,Yes,No,Fiber optic,Yes,No,No,Yes,No,Yes,Month-to-month,Yes,Mailed check,99.31,5279.25,No
7683-VIQZ,Female,0,No,No,68,Yes,No,Fiber optic,No,No,No,Yes,No,No,Two year,No,Bank transfer (automatic),88.67,6028.84,No
8659-GJYZ,Female,0,Yes,No,28,Yes,No,DSL,No,Yes,No,No,No,Yes,Month-to-month,No,Electronic check,73.93,2080.75,Yes
8468-SKMU,Female,0,Yes,No,26,Yes,Yes,Fiber optic,Yes,No,Yes,No,No,No,Month-to-month,Yes,Credit card (automatic),105.34,2730.18,Yes
7599-HDOK,Male,0,Yes,No,67,Yes,Yes,No,No internet service,No internet service,No internet service,No internet service,No internet service,No internet service,One year,No,Credit card (automatic),44.45,2996.04,No
9682-AQOT,Female,1,No,No,11,Yes,No,DSL,No,No,No,Yes,No,Yes,Month-to-month,Yes,Electronic check,73.99,772.97,Yes
1215-VYOI,Male,0,No,No,22,Yes,No,Fiber optic,No,Yes,No,No,Yes,No,Month-to-month,Yes,Mailed check,96.11,2123.99,Yes
5781-RZQR,Female,0,Yes,No,49,Yes,Yes,Fiber optic,No,Yes,Yes,No,No,Yes,Month-to-month,No,Mailed check,114.37,5609.83,No
8763-TIKX,Male,0,Yes,No,72,Yes,No,No,No internet service,No internet service,No internet service,No internet service,No internet service,No internet service,Month-to-month,Yes,Bank transfer (automatic),34.28,2488.94,No
6685-ARFB,Male,0,Yes,Yes,26,Yes,Yes,Fiber optic,Yes,Yes,No,No,No,Yes,Two year,Yes,Bank transfer (automatic),112.68,2944.73,No
3783-ZUNE,Male,0,Yes,No,58,No,No phone service,Fiber optic,No,No,No,No,No,No,Month-to-month,Yes,Bank transfer (automatic),60.64,3487.64,No
8557-FVRN,Male,1,Yes,No,8,Yes,Yes,Fiber optic,Yes,No,No,Yes,No,Yes,Month-to-month,Yes,Credit card (automatic),118.75,940.07,Yes
2932-CFHL,Male,1,Yes,No,32,Yes,No,No,No internet service,No internet service,No internet service,No internet service,No internet service,No internet service,Month-to-month,Yes,Bank transfer (automatic),35.69,1130.43,No
1492-KLAQ,Female,0,No,No,69,Yes,No,Fiber optic,No,Yes,No,No,Yes,Yes,Month-to-month,Yes,Mailed check,109.9,7613.13,No
7474-MRKL,Female,0,No,No,50,Yes,Yes,Fiber optic,No,Yes,No,No,Yes,Yes,Month-to-month,No,Mailed check,113.28,5639.74,No
3743-ZYLK,Female,0,Yes,No,39,Yes,No,No,No internet service,No internet service,No internet service,No internet service,No internet service,No internet service,Month-to-month,No,Electronic check,30.89,1194.98,No
9548-YRSW,Female,1,No,Yes,5,Yes,Yes,DSL,No,No,Yes,No,Yes,Yes,Month-to-month,Yes,Mailed check,95.09,500.04,Yes
1619-SBQK,Male,0,No,Yes,3,Yes,Yes,DSL,No,Yes,Yes,No,No,Yes,Month-to-month,Yes,Credit card (automatic),92.3,290.71,Yes
9436-PBBW,Female,0,No,No,2,Yes,No,No,No internet service,No internet service,No internet service,No internet service,No internet service,No internet service,Month-to-month,No,Bank transfer (automatic),30.83,49.69,No
9711-MJHD,Female,1,Yes,No,12,No,No phone service,Fiber optic,No,No,No,No,No,No,Month-to-month,Yes,Electronic check,62.37,729.12,Yes
7976-KGQT,Female,0,No,Yes,25,Yes,Yes,Fiber optic,Yes,Yes,No,Yes,No,Yes,One year,No,Electronic check,118.75,2999.6,No
6973-VLIE,Female,0,No,Yes,33,Yes,No,DSL,Yes,Yes,Yes,No,No,Yes,Month-to-month,No,Electronic check,91.15,2993.24,Yes
7217-DEJK,Female,1,Yes,No,52,Yes,Yes,Fiber optic,Yes,No,Yes,No,Yes,No,Two year,No,Credit card (automatic),118.75,6179.79,No
9148-XJHB,Male,0,No,No,46,Yes,No,Fiber optic,No,Yes,Yes,No,Yes,No,Two year,No,Credit card (automatic),104.9,4848.97,No
4638-HPVE,Male,0,Yes,No,7,Yes,Yes,Fiber optic,No,Yes,No,No,No,Yes,Month-to-month,Yes,Electronic check,108.6,777.11,Yes
5444-CLMM,Female,0,No,Yes,7,Yes,Yes,Fiber optic,Yes,Yes,Yes,Yes,No,Yes,Month-to-month,Yes,Electronic check,118.75,805.5,Yes
3787-IVXW,Male,0,Yes,No,18,Yes,Yes,Fiber optic,Yes,No,No,Yes,Yes,No,Two year,Yes,Mailed check,116.23,2096.68,No
9858-BSAY,Female,1,No,Yes,31,Yes,No,No,No internet service,No internet service,No internet service,No internet service,No internet service,No internet service,Month-to-month,Yes,Electronic check,40.28,1252.75,No
5422-QCTT,Male,1,No,No,20,Yes,No,No,No internet service,No internet service,No internet service,No internet service,No internet service,No internet service,One year,Yes,Electronic check,33.31,662.96,No
1628-CCQG,Male,0,No,Yes,63,Yes,No,DSL,No,No,No,Yes,No,Yes,Two year,No,Electronic check,77.64,4900.71,No
4674-ZNQR,Female,0,Yes,No,22,Yes,No,DSL,Yes,No,Yes,No,Yes,Yes,Month-to-month,No,Bank transfer (automatic),96.7,2153.53,No
9307-TURD,Male,0,Yes,Yes,70,Yes,No,No,No internet service,No internet service,No internet service,No internet service,No internet service,No internet service,Month-to-month,Yes,Bank transfer (automatic),27.89,1959.71,No
4008-RAZZ,Female,0,Yes,No,41,Yes,Yes,DSL,No,No,Yes,No,Yes,Yes,Month-to-month,Yes,Bank transfer (automatic),95.08,3894.56,No
4699-WJKI,Female,0,Yes,No,34,Yes,Yes,Fiber optic,Yes,No,No,Yes,Yes,Yes,One year,No,Electronic check,118.75,4024.5,No
5200-EZAQ,Male,0,Yes,Yes,1,Yes,No,No,No internet service,No internet service,No internet service,No internet service,No internet service,No internet service,One year,Yes,Electronic check,36.95,36.95,No
2772-IDEK,Male,0,No,Yes,70,No,No phone service,Fiber optic,Yes,No,Yes,Yes,No,No,One year,Yes,Bank transfer (automatic),82.89,5793.87,No
3871-SUCL,Male,0,Yes,No,51,Yes,Yes,DSL,No,No,No,Yes,No,No,Two year,No,Electronic check,81.86,4151.54,No
2132-GOWG,Male,1,No,No,16,Yes,Yes,No,No internet service,No internet service,No internet service,No internet service,No internet service,No internet service,Two year,No,Bank transfer (automatic),43.45,663.07,No
7297-HEUN,Female,0,No,Yes,8,Yes,Yes,Fiber optic,Yes,Yes,No,No,No,Yes,Month-to-month,Yes,Credit card (automatic),115.48,932.98,Yes
3179-WJTO,Female,0,Yes,No,51,Yes,Yes,DSL,No,Yes,Yes,Yes,No,No,Two year,Yes,Credit card (automatic),86.55,4431.11,No
4180-HIPS,Female,0,No,No,2,Yes,Yes,No,No internet service,No internet service,No internet service,No internet service,No internet service,No internet service,Month-to-month,Yes,Bank transfer (automatic),45.86,106.7,No
1614-NNYD,Female,0,No,Yes,21,Yes,Yes,No,No internet service,No internet service,No internet service,No internet service,No internet service,No internet service,Month-to-month,No,Credit card (automatic),49.53,1065.37,No
1270-CEAC,Female,0,Yes,Yes,53,Yes,No,DSL,Yes,No,No,Yes,No,No,Two year,Yes,Electronic check,72.63,3826.95,No
4607-XJDC,Female,0,No,No,35,Yes,Yes,DSL,Yes,No,Yes,No,Yes,Yes,One year,Yes,Mailed check,105.75,3716.84,No
1289-YQWU,Male,0,No,No,38,Yes,No,Fiber optic,No,No,Yes,Yes,No,Yes,Month-to-month,Yes,Bank transfer (automatic),112.4,4283.11,Yes
8415-TWME,Female,0,No,Yes,17,Yes,No,No,No internet service,No internet service,No internet service,No internet service,No internet service,No internet service,Month-to-month,No,Mailed check,32.47,583.54,No
5958-UIYY,Female,0,Yes,No,26,No,No phone service,Fiber optic,No,No,Yes,No,No,No,One year,Yes,Credit card (automatic),74.64,1928.74,No
9891-VFEY,Male,0,No,Yes,66,No,No phone service,DSL,No,Yes,No,Yes,No,No,Month-to-month,No,Electronic check,64.43,4278.44,No
7534-GFUT,Male,0,Yes,No,12,Yes,No,DSL,Yes,Yes,No,No,Yes,No,Month-to-month,Yes,Electronic check,91.11,1074.85,Yes
6634-SVOD,Female,0,No,Yes,16,Yes,No,Fiber optic,Yes,Yes,No,No,No,No,Month-to-month,Yes,Credit card (automatic),91.75,1458.83,Yes
4109-SDOI,Female,0,No,No,60,No,No phone service,No,No internet service,No internet service,No internet service,No internet service,No internet service,No internet service,Two year,Yes,Electronic check,24.4,1426.82,No
7028-WZRE,Male,0,No,No,17,Yes,No,No,No internet service,No internet service,No internet service,No internet service,No internet service,No internet service,Two year,Yes,Mailed check,27.67,484.3,No
7680-PSNY,Female,0,Yes,No,16,Yes,No,Fiber optic,No,No,No,No,No,No,Month-to-month,Yes,Bank transfer (automatic),78.29,1269.34,Yes
5591-OVDG,Male,0,Yes,No,55,Yes,Yes,No,No internet service,No internet service,No internet service,No internet service,No internet service,No internet service,Month-to-month,No,Mailed check,44.74,2471.95,No
6141-UVUH,Male,0,Yes,No,47,Yes,No,DSL,Yes,No,Yes,Yes,No,No,Month-to-month,Yes,Mailed check,84.01,3958.61,No
9463-WJJB,Male,0,No,No,15,Yes,No,Fiber optic,Yes,Yes,Yes,Yes,No,No,Month-to-month,Yes,Electronic check,105.81,1612.81,Yes
9712-QKJV,Female,0,Yes,No,24,Yes,Yes,No,No internet service,No internet service,No internet service,No internet service,No internet service,No internet service,Two year,Yes,Credit card (automatic),42.8,1023.99,No
3832-DPTO,Female,0,Yes,No,64,Yes,No,Fiber optic,No,Yes,No,Yes,No,Yes,Two year,Yes,Bank transfer (automatic),105.93,6756.81,No
1152-UEFQ,Male,0,Yes,Yes,26,Yes,No,No,No internet service,No internet service,No internet service,No internet service,No internet service,No internet service,One year,Yes,Credit card (automatic),33.31,875.08,No
6310-YSDQ,Male,0,No,No,13,Yes,No,Fiber optic,No,No,No,No,No,Yes,Month-to-month,Yes,Credit card (automatic),93.85,1241.28,Yes
8361-HOGF,Female,0,Yes,Yes,49,Yes,No,Fiber optic,No,Yes,No,No,No,No,Month-to-month,No,Credit card (automatic),87.21,4299.96,No
4072-OWZG,Female,0,No,No,28,Yes,Yes,DSL,Yes,Yes,No,No,No,No,Month-to-month,No,Mailed check,89.14,2510.83,No
1508-YQBI,Female,0,No,No,27,Yes,No,No,No internet service,No internet service,No internet service,No internet service,No internet service,No internet service,Two year,Yes,Mailed check,33.31,906.9,No
3524-IMFF,Male,0,No,Yes,20,Yes,No,Fiber optic,Yes,Yes,No,No,No,Yes,Month-to-month,Yes,Credit card (automatic),108.25,2148.7,Yes
2363-TUCQ,Male,0,Yes,Yes,23,Yes,No,DSL,Yes,No,No,No,No,No,One year,No,Electronic check,66.33,1538.02,No
8742-QLPO,Male,0,Yes,No,45,No,No phone service,Fiber optic,Yes,No,Yes,Yes,No,Yes,Month-to-month,Yes,Electronic check,96.86,4327.56,Yes
3230-AQCZ,Female,0,Yes,No,59,Yes,No,Fiber optic,No,No,Yes,No,No,Yes,Month-to-month,Yes,Bank transfer (automatic),99.17,5826.78,No
4171-DRQS,Male,0,Yes,No,19,Yes,Yes,No,No internet service,No internet service,No internet service,No internet service,No internet service,No internet service,Month-to-month,Yes,Electronic check,43.47,833.5,No
9234-TCHN,Male,0,No,No,51,Yes,No,DSL,No,Yes,No,No,No,No,Month-to-month,No,Electronic check,63.24,3249.41,No
2293-BWDX,Male,1,Yes,Yes,21,Yes,No,Fiber optic,Yes,No,Yes,No,No,No,Month-to-month,No,Mailed check,98.36,2085.42,Yes
3972-SFYA,Female,1,Yes,No,67,Yes,Yes,DSL,No,Yes,Yes,No,No,No,One year,No,Electronic check,86.71,5842.38,No
9112-HSUA,Male,0,No,No,15,Yes,No,Fiber optic,No,No,Yes,No,No,No,Two year,No,Electronic check,88.52,1291.96,No
2476-PFHM,Male,0,Yes,No,20,Yes,Yes,Fiber optic,Yes,Yes,Yes,No,No,Yes,Month-to-month,No,Electronic check,118.75,2394.93,Yes
2855-CSLP,Female,0,Yes,No,43,Yes,Yes,DSL,No,No,No,No,No,No,Month-to-month,No,Bank transfer (automatic),69.89,2997.8,No
5986-KJYT,Male,0,Yes,No,61,Yes,No,DSL,Yes,Yes,Yes,Yes,No,No,One year,Yes,Credit card (automatic),85.27,5213.76,No
8262-DLWB,Female,0,No,Yes,20,Yes,Yes,No,No internet service,No internet service,No internet service,No internet service,No internet service,No internet service,Month-to-month,Yes,Bank transfer (automatic),47.76,996.93,No
4093-SYEH,Female,0,No,Yes,10,No,No phone service,No,No internet service,No internet service,No internet service,No internet service,No internet service,No internet service,Two year,Yes,Mailed check,26.56,249.28,No
4277-XWCR,Male,1,No,No,59,Yes,Yes,DSL,No,No,No,No,Yes,Yes,Two year,Yes,Credit card (automatic),89.48,5270.22,No
8951-WSSR,Female,0,Yes,No,36,Yes,No,Fiber optic,Yes,Yes,Yes,No,No,No,Two year,Yes,Electronic check,98.46,3545.79,No
5595-PHAQ,Male,0,Yes,No,43,No,No phone service,No,No internet service,No internet service,No internet service,No internet service,No internet service,No internet service,One year,Yes,Electronic check,23.69,1008.89,No
6131-UKEL,Female,0,No,No,21,Yes,No,DSL,No,No,No,No,No,No,Two year,Yes,Mailed check,58.99,1250.0,No
2424-FAEY,Male,0,No,No,65,Yes,Yes,Fiber optic,No,No,No,No,No,Yes,Two year,Yes,Electronic check,103.26,6703.6,No
7043-NEVX,Female,0,No,Yes,42,Yes,Yes,Fiber optic,Yes,No,No,No,Yes,No,Month-to-month,No,Mailed check,107.31,4536.1,Yes
4104-RPIS,Female,0,No,No,20,Yes,No,No,No internet service,No internet service,No internet service,No internet service,No internet service,No internet service,One year,No,Mailed check,34.14,662.44,No
5821-EBOG,Female,0,Yes,Yes,32,No,No phone service,Fiber optic,No,Yes,No,Yes,Yes,Yes,Month-to-month,Yes,Credit card (automatic),95.71,3023.04,Yes
9643-AMTV,Male,1,No,Yes,16,Yes,Yes,DSL,No,Yes,No,No,No,Yes,Two year,Yes,Electronic check,86.4,1393.17,No
3438-OWNW,Male,1,No,Yes,35,Yes,Yes,DSL,No,No,Yes,Yes,No,Yes,Two year,No,Mailed check,91.62,3191.39,No
9319-VXTX,Male,0,No,No,13,Yes,Yes,DSL,Yes,No,No,No,No,No,Two year,No,Electronic check,76.48,979.41,No
7481-JIYH,Female,0,No,Yes,36,Yes,No,Fiber optic,Yes,No,No,No,Yes,Yes,Month-to-month,Yes,Credit card (automatic),110.09,3952.5,Yes
7361-JQBF,Female,0,Yes,No,30,Yes,No,Fiber optic,Yes,No,No,Yes,No,No,Month-to-month,No,Bank transfer (automatic),93.83,2832.97,Yes
8737-EIER,Male,1,No,No,3,Yes,No,DSL,No,No,Yes,No,Yes,No,Month-to-month,Yes,Credit card (automatic),75.06,234.18,Yes
4802-QLGC,Male,0,No,Yes,5,Yes,Yes,DSL,No,No,No,No,No,No,Month-to-month,No,Mailed check,69.39,349.22,Yes
7241-YCPB,Female,0,Yes,No,49,Yes,No,DSL,No,No,Yes,No,Yes,No,Month-to-month,No,Credit card (automatic),77.96,3823.18,No
6755-XJFV,Female,0,Yes,No,37,Yes,No,Fiber optic,No,No,No,No,No,Yes,Two year,Yes,Bank transfer (automatic),86.64,3203.04,No
9345-KWGO,Female,0,No,No,4,Yes,No,No,No internet service,No internet service,No internet service,No internet service,No internet service,No internet service,One year,Yes,Electronic check,29.29,95.04,No
7163-IVTL,Male,0,Yes,Yes,37,Yes,Yes,Fiber optic,No,Yes,No,No,No,No,One year,Yes,Electronic check,94.45,3506.89,No
4554-OBUB,Female,0,No,Yes,23,Yes,No,No,No internet service,No internet service,No internet service,No internet service,No internet service,No internet service,Month-to-month,No,Electronic check,36.56,830.57,No
2742-JIAP,Male,0,Yes,No,17,Yes,Yes,DSL,Yes,No,Yes,Yes,No,No,Month-to-month,No,Electronic check,94.83,1639.06,No
5195-BDAS,Female,0,No,Yes,31,Yes,No,DSL,Yes,No,Yes,No,No,Yes,Month-to-month,Yes,Bank transfer (automatic),89.31,2785.96,No
7409-UOVS,Male,0,Yes,Yes,70,Yes,No,No,No internet service,No internet service,No internet service,No internet service,No internet service,No internet service,Month-to-month,Yes,Credit card (automatic),40.76,2853.82,No
9751-UXVD,Female,0,Yes,No,71,Yes,Yes,Fiber optic,Yes,Yes,No,No,No,No,One year,Yes,Electronic check,112.47,7997.0,No
9801-YMAQ,Female,0,No,Yes,29,Yes,Yes,Fiber optic,No,No,No,No,No,Yes,Month-to-month,No,Electronic check,98.13,2801.35,Yes
5396-DGQI,Male,0,No,No,29,Yes,No,Fiber optic,No,No,Yes,No,Yes,Yes,One year,No,Credit card (automatic),107.25,3103.24,No
8331-SAJD,Female,0,Yes,No,4,Yes,Yes,Fiber optic,No,Yes,No,No,No,No,One year,Yes,Electronic check,99.19,361.14,No
3093-JFPF,Female,0,Yes,No,3,Yes,Yes,Fiber optic,Yes,No,No,No,Yes,No,Month-to-month,Yes,Credit card (automatic),106.2,332.49,Yes
5937-RVRC,Female,0,No,No,50,Yes,No,Fiber optic,Yes,Yes,No,No,Yes,No,Two year,Yes,Electronic check,105.76,5264.57,No
2779-UYOO,Male,0,No,No,8,Yes,No,DSL,No,No,No,No,Yes,Yes,One year,Yes,Credit card (automatic),76.63,645.48,No
4676-IZSX,Female,0,No,No,54,Yes,No,Fiber optic,No,Yes,No,No,Yes,No,One year,No,Mailed check,99.35,5360.71,No
1859-QKYI,Male,1,No,No,32,Yes,No,DSL,No,No,Yes,Yes,No,Yes,Two year,Yes,Bank transfer (automatic),85.6,2745.37,No
5017-TMHG,Female,0,Yes,Yes,30,Yes,Yes,Fiber optic,Yes,Yes,No,No,No,No,Month-to-month,Yes,Credit card (automatic),104.66,3159.11,Yes
9560-UWOT,Female,0,No,No,53,Yes,No,No,No internet service,No internet service,No internet service,No internet service,No internet service,No internet service,Month-to-month,No,Electronic check,37.63,1988.66,No
6166-AYNE,Male,1,No,No,60,Yes,No,Fiber optic,Yes,Yes,Yes,Yes,No,No,Month-to-month,Yes,Mailed check,106.48,6367.62,No
3346-PBHK,Male,0,No,No,65,Yes,No,No,No internet service,No internet service,No internet service,No internet service,No internet service,No internet service,One year,Yes,Electronic check,35.52,2313.82,No
9252-RCZA,Male,0,No,No,19,Yes,Yes,DSL,No,No,Yes,No,Yes,No,One year,No,Mailed check,88.75,1682.89,No
5426-PRPW,Male,0,No,No,60,Yes,Yes,No,No internet service,No internet service,No internet service,No internet service,No internet service,No internet service,Month-to-month,Yes,Credit card (automatic),42.37,2498.46,No
2361-FSDM,Male,1,No,Yes,35,Yes,No,Fiber optic,No,No,No,No,No,No,Month-to-month,Yes,Electronic check,74.77,2609.82,Yes
2993-FAWX,Male,0,No,Yes,19,Yes,No,Fiber optic,No,No,No,No,No,Yes,Two year,No,Mailed check,89.34,1695.63,No
1602-NHSN,Female,0,No,Yes,44,Yes,No,No,No internet service,No internet service,No internet service,No internet service,No internet service,No internet service,Month-to-month,Yes,Electronic check,36.31,1618.53,No
1489-QIFK,Female,0,No,Yes,45,Yes,No,No,No internet service,No internet service,No internet service,No internet service,No internet service,No internet service,Month-to-month,Yes,Mailed check,36.59,1636.12,No
9024-GQAV,Female,1,No,No,17,Yes,Yes,Fiber optic,No,Yes,No,No,No,Yes,Month-to-month,Yes,Electronic check,106.99,1790.79,Yes
5744-RXUB,Female,0,No,No,69,Yes,No,DSL,No,Yes,No,No,No,No,Month-to-month,No,Electronic check,72.41,4975.88,No
9636-ZKFZ,Male,0,Yes,No,17,Yes,No,DSL,Yes,No,Yes,No,Yes,No,Two year,Yes,Mailed check,93.04,1606.25,No
1679-DRKE,Female,0,Yes,No,63,No,No phone service,DSL,No,Yes,No,Yes,Yes,No,Two year,Yes,Bank transfer (automatic),76.43,4806.64,No
8697-BVKZ,Female,0,No,No,33,Yes,Yes,No,No internet service,No internet service,No internet service,No internet service,No internet service,No internet service,Two year,Yes,Electronic check,42.41,1399.65,No
8352-MDVG,Female,0,No,No,2,Yes,Yes,Fiber optic,No,Yes,No,Yes,Yes,No,Month-to-month,No,Credit card (automatic),112.08,236.25,Yes
4644-KVXD,Male,0,Yes,No,71,Yes,No,Fiber optic,No,No,Yes,No,No,Yes,Month-to-month,Yes,Credit card (automatic),96.76,6859.58,No
4278-AWCN,Male,0,Yes,No,10,Yes,Yes,Fiber optic,No,Yes,No,Yes,No,No,Month-to-month,Yes,Electronic check,106.46,1067.97,Yes
9312-AFFU,Female,0,Yes,Yes,45,Yes,No,Fiber optic,No,Yes,Yes,Yes,Yes,Yes,One year,Yes,Electronic check,118.75,5325.76,No
6103-EQJU,Male,0,Yes,No,41,Yes,Yes,Fiber optic,No,Yes,No,Yes,Yes,No,Month-to-month,No,Electronic check,112.88,4621.31,Yes
1241-GCMO,Female,0,Yes,No,16,Yes,Yes,Fiber optic,No,No,No,Yes,No,Yes,Month-to-month,No,Electronic check,113.03,1780.01,Yes
1802-DEAD,Male,0,No,No,46,Yes,No,No,No internet service,No internet service,No internet service,No internet service,No internet service,No internet service,Two year,Yes,Bank transfer (automatic),39.99,1831.72,No
3187-XJWY,Female,1,No,No,29,Yes,Yes,Fiber optic,No,No,No,No,No,No,Month-to-month,No,Credit card (automatic),90.69,2664.21,Yes
9468-ZTXY,Male,0,No,Yes,42,Yes,No,No,No internet service,No internet service,No internet service,No internet service,No internet service,No internet service,Two year,Yes,Electronic check,41.22,1740.44,No
3591-WEDN,Female,0,Yes,Yes,7,Yes,No,DSL,No,No,No,Yes,No,Yes,Month-to-month,Yes,Bank transfer (automatic),75.87,531.02,No
7121-QJZG,Female,0,No,Yes,39,Yes,Yes,Fiber optic,Yes,No,Yes,Yes,No,Yes,Month-to-month,Yes,Electronic check,118.75,4640.2,Yes
8024-UIFS,Male,0,No,No,70,Yes,Yes,Fiber optic,No,No,Yes,Yes,No,Yes,Two year,Yes,Credit card (automatic),118.18,8249.88,No
3594-GVIV,Male,0,Yes,No,19,Yes,No,Fiber optic,No,Yes,No,Yes,Yes,No,Two year,Yes,Electronic check,107.9,2059.15,No
1086-QLWP,Male,0,Yes,Yes,27,Yes,No,Fiber optic,Yes,Yes,Yes,Yes,No,No,Two year,Yes,Electronic check,112.19,3021.55,No
7968-VIOE,Male,0,No,Yes,27,Yes,No,Fiber optic,No,Yes,No,Yes,No,Yes,Month-to-month,Yes,Credit card (automatic),105.33,2863.65,Yes
3700-NTOP,Female,0,No,No,58,Yes,No,No,No internet service,No internet service,No internet service,No internet service,No internet service,No internet service,One year,No,Mailed check,33.96,1983.53,No
7038-MQWH,Female,0,No,No,61,Yes,Yes,No,No internet service,No internet service,No internet service,No internet service,No internet service,No internet service,Month-to-month,Yes,Mailed check,43.83,2656.68,No
1596-BEFL,Female,0,Yes,No,53,Yes,Yes,DSL,No,No,Yes,No,Yes,Yes,Month-to-month,Yes,Bank transfer (automatic),102.38,5444.72,No
5757-VAQK,Female,0,No,Yes,6,Yes,Yes,DSL,Yes,Yes,Yes,No,No,Yes,Month-to-month,No,Mailed check,102.75,609.49,Yes
8081-SNZJ,Female,0,Yes,No,67,Yes,Yes,DSL,No,Yes,No,Yes,Yes,Yes,Month-to-month,Yes,Electronic check,106.33,7159.2,No
9306-DBIJ,Female,1,No,No,23,Yes,Yes,Fiber optic,No,No,Yes,Yes,Yes,Yes,Month-to-month,Yes,Mailed check,118.75,2699.9,Yes
8178-NGWO,Female,0,No,No,40,Yes,No,No,No internet service,No internet service,No internet service,No internet service,No internet service,No internet service,One year,No,Bank transfer (automatic),35.57,1397.12,No
1146-VOXH,Female,0,Yes,No,53,Yes,Yes,Fiber optic,No,No,No,No,No,Yes,Month-to-month,Yes,Credit card (automatic),102.18,5426.48,No
6628-IOAA,Male,1,Yes,No,13,Yes,No,DSL,No,No,No,Yes,Yes,Yes,Month-to-month,Yes,Bank transfer (automatic),90.42,1212.09,No
1018-CJHO,Female,0,Yes,No,43,Yes,No,DSL,No,No,Yes,No,Yes,No,Month-to-month,No,Electronic check,82.02,3551.27,Yes
6097-ARBS,Male,0,Yes,Yes,48,Yes,No,DSL,Yes,Yes,No,No,No,No,Two year,No,Electronic check,75.71,3628.83,No
5236-VABP,Male,0,Yes,No,62,Yes,No,DSL,No,No,No,No,No,No,Month-to-month,Yes,Credit card (automatic),58.7,3627.69,No
1238-MPQU,Male,0,No,No,44,Yes,No,DSL,Yes,Yes,No,Yes,No,Yes,One year,Yes,Credit card (automatic),93.51,4121.07,No
5927-GXZQ,Male,0,No,No,71,Yes,Yes,Fiber optic,Yes,No,No,No,Yes,Yes,One year,Yes,Electronic check,118.75,8453.41,No
6388-EZQC,Female,0,No,Yes,6,Yes,No,DSL,No,No,No,No,Yes,Yes,Month-to-month,Yes,Electronic check,74.65,434.05,Yes
6126-ZQGU,Male,0,No,No,2,Yes,No,DSL,No,No,Yes,Yes,Yes,No,Month-to-month,Yes,Credit card (automatic),86.4,154.68,Yes
1192-QQKY,Female,0,No,No,46,Yes,Yes,Fiber optic,Yes,No,Yes,No,Yes,Yes,One year,Yes,Bank transfer (automatic),118.75,5500.15,No
9442-COUK,Female,0,No,Yes,60,Yes,No,DSL,No,Yes,No,No,Yes,No,Month-to-month,No,Electronic check,76.29,4624.75,No
4893-IXXA,Male,0,Yes,No,70,Yes,No,Fiber optic,No,No,No,No,Yes,Yes,Month-to-month,No,Bank transfer (automatic),97.17,6777.98,No
8260-YVPI,Female,0,No,No,29,Yes,Yes,Fiber optic,No,No,No,No,No,No,Two year,Yes,Bank transfer (automatic),85.64,2479.04,No
7773-IGNS,Female,0,Yes,Yes,4,Yes,No,Fiber optic,No,No,No,No,No,Yes,Month-to-month,Yes,Credit card (automatic),92.0,362.55,Yes
1658-BIMO,Male,0,Yes,No,71,Yes,Yes,No,No internet service,No internet service,No internet service,No internet service,No internet service,No internet service,One year,No,Credit card (automatic),47.12,3325.03,No
5994-KUNY,Male,0,No,No,6,Yes,No,DSL,No,No,Yes,No,No,No,Month-to-month,Yes,Electronic check,67.73,418.94,Yes
7801-SPBH,Female,0,No,No,38,Yes,Yes,Fiber optic,No,No,No,Yes,Yes,Yes,Month-to-month,Yes,Electronic check,113.62,4326.08,Yes
3581-FLOY,Female,0,No,No,1,Yes,Yes,Fiber optic,No,Yes,No,Yes,Yes,Yes,Month-to-month,Yes,Mailed check,118.75,118.75,Yes
6991-DOTY,Female,0,Yes,No,42,Yes,No,Fiber optic,Yes,Yes,No,No,Yes,Yes,Month-to-month,No,Electronic check,118.69,4928.94,Yes
5780-RBMM,Female,1,Yes,No,11,Yes,Yes,DSL,Yes,No,Yes,No,Yes,Yes,One year,Yes,Electronic check,110.19,1229.23,No
9181-OTJC,Male,1,No,Yes,27,Yes,No,Fiber optic,Yes,Yes,No,No,Yes,Yes,One year,Yes,Bank transfer (automatic),117.06,3183.12,No
1002-VNHW,Male,0,Yes,No,18,Yes,No,DSL,No,No,No,No,Yes,No,Month-to-month,Yes,Electronic check,71.77,1257.26,Yes
6626-TKZK,Male,0,Yes,No,27,Yes,No,Fiber optic,No,No,No,Yes,No,Yes,Month-to-month,Yes,Credit card (automatic),92.89,2500.81,Yes
7239-KBQI,Male,0,Yes,No,69,Yes,No,DSL,Yes,Yes,No,Yes,No,Yes,One year,Yes,Mailed check,94.57,6548.34,No
1670-BXOP,Female,1,No,No,18,No,No phone service,Fiber optic,Yes,No,Yes,Yes,No,Yes,Month-to-month,Yes,Bank transfer (automatic),97.52,1733.75,Yes
6255-IZZE,Male,1,Yes,No,63,Yes,No,Fiber optic,No,No,No,No,Yes,No,Month-to-month,No,Electronic check,83.61,5269.61,Yes
4439-MGZT,Female,0,No,Yes,8,Yes,No,DSL,Yes,No,Yes,Yes,Yes,Yes,Month-to-month,No,Mailed check,103.72,831.02,Yes
4792-CESL,Female,0,No,No,40,Yes,Yes,Fiber optic,No,Yes,No,No,No,No,Month-to-month,No,Mailed check,96.12,3832.14,Yes
4612-GIFZ,Male,1,No,No,49,Yes,No,Fiber optic,Yes,No,No,No,No,Yes,Month-to-month,Yes,Mailed check,96.04,4686.41,No
1990-CUZD,Female,0,No,No,9,Yes,Yes,DSL,No,Yes,No,No,Yes,Yes,One year,No,Bank transfer (automatic),103.8,933.82,No
1489-EUVJ,Female,0,No,No,53,No,No phone service,DSL,No,No,Yes,No,Yes,No,Month-to-month,No,Bank transfer (automatic),59.43,3184.14,No
3891-JMKV,Female,0,No,Yes,9,Yes,No,DSL,No,Yes,No,No,No,Yes,One year,No,Bank transfer (automatic),75.99,702.82,No
3575-HHYH,Male,0,No,No,6,Yes,No,DSL,Yes,Yes,Yes,No,No,No,Month-to-month,Yes,Electronic check,83.55,476.87,Yes
8404-BLJL,Female,1,Yes,No,31,Yes,No,No,No internet service,No internet service,No internet service,No internet service,No internet service,No internet service,Month-to-month,No,Mailed check,33.87,1083.13,No
4278-PQZB,Female,1,Yes,No,53,Yes,No,DSL,Yes,No,No,No,No,No,One year,Yes,Bank transfer (automatic),62.91,3360.95,No
7539-SZWR,Female,0,No,Yes,69,Yes,No,No,No internet service,No internet service,No internet service,No internet service,No internet service,No internet service,One year,No,Credit card (automatic),36.6,2496.34,No
8485-QFYO,Female,0,No,No,62,Yes,No,Fiber optic,Yes,Yes,No,No,Yes,No,Month-to-month,No,Electronic check,104.24,6486.3,Yes
5290-FCAM,Male,0,No,No,33,Yes,No,Fiber optic,No,Yes,Yes,Yes,No,Yes,One year,Yes,Credit card (automatic),118.75,3884.52,No
7111-UZNM,Male,0,No,No,42,Yes,Yes,Fiber optic,Yes,No,Yes,No,No,Yes,Month-to-month,Yes,Electronic check,110.68,4652.89,Yes
1922-DGVJ,Female,0,No,No,4,Yes,Yes,Fiber optic,No,Yes,No,Yes,No,Yes,Two year,Yes,Bank transfer (automatic),114.08,471.57,No
4046-UOOD,Female,0,Yes,No,18,Yes,Yes,Fiber optic,No,Yes,No,No,No,No,Month-to-month,Yes,Bank transfer (automatic),95.75,1741.01,Yes
8647-WWFX,Female,0,Yes,Yes,53,Yes,No,Fiber optic,Yes,Yes,Yes,Yes,Yes,No,Month-to-month,Yes,Credit card (automatic),118.75,6305.99,No
4940-TLAH,Male,0,No,No,13,Yes,No,DSL,Yes,No,Yes,Yes,Yes,No,Two year,Yes,Electronic check,97.25,1233.47,No
9960-EVFU,Male,0,Yes,No,9,Yes,No,No,No internet service,No internet service,No internet service,No internet service,No internet service,No internet service,One year,Yes,Credit card (automatic),33.11,257.2,No
9799-COEX,Female,1,Yes,No,48,Yes,Yes,No,No internet service,No internet service,No internet service,No internet service,No internet service,No internet service,One year,Yes,Electronic check,41.78,2013.19,No
2837-RPFY,Female,0,No,Yes,10,Yes,Yes,DSL,Yes,No,No,No,Yes,No,One year,Yes,Mailed check,87.86,862.73,No
3103-NXHG,Male,0,Yes,No,30,Yes,Yes,DSL,No,No,Yes,No,Yes,Yes,Month-to-month,No,Credit card (automatic),98.86,3002.74,No
5172-FRBH,Female,0,Yes,No,65,Yes,No,Fiber optic,No,No,Yes,Yes,No,No,Month-to-month,Yes,Mailed check,97.62,6312.35,No
3378-AVFP,Male,0,No,Yes,9,Yes,No,No,No internet service,No internet service,No internet service,No internet service,No internet service,No internet service,Month-to-month,Yes,Electronic check,33.64,281.0,Yes
9490-JCMC,Female,0,No,Yes,20,Yes,Yes,Fiber optic,Yes,No,No,No,Yes,No,Month-to-month,Yes,Bank transfer (automatic),106.19,2118.57,Yes
7396-MQCT,Female,0,Yes,No,0,No,No phone service,No,No internet service,No internet service,No internet service,No internet service,No internet service,No internet service,Month-to-month,Yes,Electronic check,21.19, ,Yes
3964-SVKP,Female,1,No,No,45,No,No phone service,DSL,Yes,Yes,No,No,Yes,No,Month-to-month,No,Bank transfer (automatic),74.2,3351.51,No
7644-CVFN,Female,0,No,No,19,Yes,Yes,DSL,Yes,No,Yes,No,No,No,Month-to-month,Yes,Electronic check,89.72,1703.36,Yes
1919-RQDW,Male,0,Yes,No,20,Yes,No,DSL,No,No,No,No,No,Yes,Month-to-month,Yes,Electronic check,68.9,1375.46,Yes
4839-KZCC,Male,0,Yes,No,36,Yes,No,Fiber optic,No,No,No,Yes,Yes,No,Two year,Yes,Credit card (automatic),95.03,3410.06,No
5804-UJSY,Male,0,Yes,No,13,Yes,Yes,No,No internet service,No internet service,No internet service,No internet service,No internet service,No internet service,Two year,No,Mailed check,39.65,532.27,No
1067-SKBJ,Female,0,No,Yes,57,Yes,Yes,DSL,No,Yes,No,No,No,No,Month-to-month,No,Electronic check,76.7,4399.97,No
1572-KYTP,Female,0,No,Yes,56,Yes,No,Fiber optic,Yes,No,Yes,No,Yes,No,One year,No,Credit card (automatic),104.68,5848.29,No
3258-WXKN,Male,0,No,No,56,Yes,No,No,No internet service,No internet service,No internet service,No internet service,No internet service,No internet service,Month-to-month,Yes,Electronic check,35.46,1966.08,No
7838-EESU,Male,0,No,No,68,Yes,Yes,Fiber optic,Yes,No,Yes,Yes,Yes,Yes,Month-to-month,No,Electronic check,118.75,8079.9,No
3827-RDVQ,Female,0,Yes,No,69,Yes,No,Fiber optic,Yes,No,Yes,No,No,No,Two year,No,Mailed check,92.95,6414.0,No
3217-TFYN,Male,1,Yes,No,23,Yes,Yes,Fiber optic,No,Yes,No,No,Yes,No,Two year,No,Electronic check,105.43,2428.2,No
5383-KRWV,Female,0,Yes,No,59,No,No phone service,Fiber optic,Yes,No,Yes,Yes,No,No,One year,No,Electronic check,91.13,5348.37,No
8031-WKUL,Male,0,Yes,Yes,22,Yes,No,No,No internet service,No internet service,No internet service,No internet service,No internet service,No internet service,Month-to-month,Yes,Electronic check,29.45,689.92,No
4716-WIYI,Female,0,No,No,46,Yes,Yes,No,No internet service,No internet service,No internet service,No internet service,No internet service,No internet service,Two year,Yes,Electronic check,44.94,2098.17,No
3505-VSAG,Female,0,No,No,37,Yes,Yes,No,No internet service,No internet service,No internet service,No internet service,No internet service,No internet service,Month-to-month,Yes,Mailed check,47.23,1731.46,No
8427-AOHL,Male,0,Yes,No,51,Yes,No,Fiber optic,Yes,Yes,Yes,No,Yes,Yes,One year,No,Credit card (automatic),118.75,6070.59,No
8086-QNNR,Male,0,Yes,No,12,Yes,Yes,DSL,Yes,No,Yes,No,Yes,No,Month-to-month,No,Electronic check,96.91,1131.23,Yes
5529-PAWK,Female,0,Yes,No,7,No,No phone service,DSL,Yes,Yes,No,No,No,Yes,Month-to-month,No,Bank transfer (automatic),74.59,525.69,Yes
1206-LHVT,Female,0,No,No,31,Yes,No,DSL,No,No,No,No,No,No,Month-to-month,Yes,Electronic check,57.42,1811.89,Yes
8389-FCXZ,Male,0,No,No,16,Yes,Yes,Fiber optic,Yes,No,Yes,No,No,No,Two year,No,Electronic check,105.79,1640.8,No
6213-MMBE,Female,0,No,No,4,Yes,Yes,Fiber optic,No,Yes,No,Yes,No,No,Month-to-month,Yes,Electronic check,104.32,420.35,Yes
3789-BDVZ,Male,0,Yes,No,71,Yes,Yes,No,No internet service,No internet service,No internet service,No internet service,No internet service,No internet service,Month-to-month,Yes,Bank transfer (automatic),44.89,3165.11,No
9135-LHKV,Female,0,Yes,No,49,Yes,No,DSL,Yes,Yes,Yes,Yes,No,No,Month-to-month,Yes,Electronic check,88.04,4294.91,No
8175-HZQT,Male,0,Yes,Yes,11,Yes,No,DSL,No,No,Yes,No,No,Yes,Month-to-month,Yes,Electronic check,75.07,853.23,Yes
7582-PNKG,Female,0,No,No,43,Yes,No,Fiber optic,No,No,No,No,No,No,Month-to-month,Yes,Mailed check,82.92,3568.02,Yes
1975-MOXP,Female,0,No,No,67,Yes,No,No,No internet service,No internet service,No internet service,No internet service,No internet service,No internet service,One year,Yes,Bank transfer (automatic),32.84,2207.46,No
8382-XICS,Female,0,No,Yes,58,Yes,No,DSL,No,No,No,Yes,Yes,No,Two year,Yes,Bank transfer (automatic),77.37,4503.92,No
3259-EJQO,Female,0,No,No,9,Yes,No,DSL,No,Yes,No,No,Yes,Yes,Month-to-month,No,Electronic check,86.59,798.94,Yes
4294-WYHO,Female,0,No,No,47,Yes,No,Fiber optic,Yes,No,Yes,No,No,No,Month-to-month,Yes,Electronic check,101.35,4762.07,Yes
4805-NTGU,Female,0,Yes,No,27,Yes,Yes,DSL,No,No,Yes,Yes,Yes,No,Month-to-month,No,Electronic check,90.4,2469.44,No
6750-LQQJ,Female,0,Yes,No,4,Yes,No,No,No internet service,No internet service,No internet service,No internet service,No internet service,No internet service,One year,Yes,Credit card (automatic),36.03,113.34,No
7034-NKBR,Male,0,No,Yes,43,Yes,No,Fiber optic,Yes,No,Yes,No,No,No,Two year,No,Mailed check,92.76,3998.39,No
2094-LZBT,Male,0,Yes,No,30,Yes,Yes,No,No internet service,No internet service,No internet service,No internet service,No internet service,No internet service,Two year,No,Electronic check,43.96,1307.54,No
5145-FXJT,Female,0,Yes,Yes,15,Yes,Yes,No,No internet service,No internet service,No internet service,No internet service,No internet service,No internet service,Month-to-month,Yes,Bank transfer (automatic),45.31,683.47,No
7628-TCEY,Male,0,No,No,22,Yes,No,DSL,Yes,No,Yes,No,No,Yes,Month-to-month,Yes,Bank transfer (automatic),84.87,1872.51,No
9775-HLXW,Male,0,No,No,20,Yes,No,DSL,No,Yes,No,No,No,No,Month-to-month,No,Electronic check,68.16,1398.47,Yes
7026-NHXJ,Female,0,No,No,1,Yes,Yes,DSL,No,No,No,No,No,Yes,Month-to-month,Yes,Electronic check,77.99,88.09,Yes
5134-QDMD,Male,1,Yes,No,22,Yes,No,Fiber optic,No,No,Yes,No,Yes,Yes,Month-to-month,No,Credit card (automatic),102.9,2302.11,Yes
3148-ZVDR,Female,0,Yes,No,10,Yes,Yes,DSL,No,Yes,No,No,No,No,Month-to-month,Yes,Electronic check,77.04,780.97,Yes
7079-FXXW,Male,0,No,No,72,Yes,No,No,No internet service,No internet service,No internet service,No internet service,No internet service,No internet service,Month-to-month,Yes,Electronic check,34.93,2530.1,No
8542-KNEF,Male,0,No,Yes,1,Yes,No,DSL,Yes,No,Yes,No,Yes,No,One year,No,Credit card (automatic),82.26,82.26,No
2289-HNXC,Male,1,No,Yes,12,Yes,No,No,No internet service,No internet service,No internet service,No internet service,No internet service,No internet service,Two year,Yes,Electronic check,33.29,412.26,No
7059-PWQA,Female,0,No,Yes,44,Yes,Yes,Fiber optic,No,Yes,No,No,No,Yes,One year,Yes,Bank transfer (automatic),108.35,4764.08,No
4318-JYWJ,Male,0,No,No,71,Yes,No,Fiber optic,No,Yes,Yes,Yes,Yes,No,One year,Yes,Mailed check,113.51,8076.24,No
7324-XBIV,Female,0,Yes,No,9,Yes,Yes,Fiber optic,No,Yes,No,Yes,Yes,Yes,Month-to-month,Yes,Credit card (automatic),118.75,1065.33,Yes
6208-PRSL,Female,1,Yes,No,20,Yes,Yes,No,No internet service,No internet service,No internet service,No internet service,No internet service,No internet service,Month-to-month,Yes,Electronic check,43.24,876.9,No
9080-OJOO,Male,1,Yes,No,0,Yes,No,DSL,Yes,Yes,No,Yes,No,No,One year,No,Bank transfer (automatic),87.58, ,No
7974-WGMQ,Female,0,No,No,15,No,No phone service,DSL,Yes,Yes,No,No,Yes,No,Month-to-month,No,Mailed check,69.07,1049.32,No
4103-IHTZ,Female,0,Yes,No,42,Yes,No,Fiber optic,No,Yes,No,No,No,No,One year,Yes,Electronic check,87.62,3689.96,No
8124-RMPI,Male,0,No,No,5,Yes,Yes,Fiber optic,No,No,Yes,No,No,No,One year,No,Bank transfer (automatic),93.81,494.29,No
1446-LLFS,Female,0,No,Yes,10,Yes,No,DSL,No,Yes,No,Yes,Yes,No,Month-to-month,Yes,Credit card (automatic),83.73,792.35,Yes
7587-GYCP,Male,0,Yes,No,65,Yes,Yes,Fiber optic,No,No,No,Yes,Yes,No,Month-to-month,Yes,Electronic check,106.02,6880.02,No
8185-PWGD,Male,1,No,Yes,48,Yes,No,Fiber optic,No,No,No,No,Yes,No,Two year,Yes,Bank transfer (automatic),91.97,4417.25,No
1186-YHMM,Female,0,No,No,19,No,No phone service,Fiber optic,Yes,Yes,No,Yes,No,No,Two year,No,Electronic check,83.89,1566.82,No
3032-EFSM,Male,0,No,No,20,Yes,No,DSL,No,Yes,No,No,No,Yes,One year,No,Credit card (automatic),83.71,1670.56,No
2881-NVDG,Male,0,No,No,35,Yes,No,No,No internet service,No internet service,No internet service,No internet service,No internet service,No internet service,Month-to-month,No,Bank transfer (automatic),36.13,1276.13,No
2695-FFXU,Female,0,Yes,No,37,Yes,Yes,Fiber optic,No,No,No,Yes,No,No,Two year,Yes,Mailed check,98.36,3642.83,No
6570-CMVB,Female,0,Yes,No,55,Yes,Yes,Fiber optic,No,No,Yes,No,Yes,Yes,Month-to-month,Yes,Mailed check,114.44,6274.54,No
1719-VFHW,Female,0,Yes,No,10,Yes,Yes,DSL,No,No,Yes,Yes,No,No,Two year,Yes,Bank transfer (automatic),95.21,920.39,No
9263-YFNC,Female,0,No,No,17,Yes,No,No,No internet service,No internet service,No internet service,No internet service,No internet service,No internet service,Month-to-month,No,Credit card (automatic),36.76,634.37,No
5482-LQET,Male,0,No,Yes,44,No,No phone service,DSL,No,Yes,No,Yes,No,Yes,Two year,No,Electronic check,77.34,3415.64,No
4416-IUZT,Male,0,No,No,25,Yes,No,No,No internet service,No internet service,No internet service,No internet service,No internet service,No internet service,Month-to-month,Yes,Bank transfer (automatic),35.78,902.29,No
4558-VDMM,Male,0,Yes,No,58,Yes,No,Fiber optic,Yes,No,No,No,Yes,Yes,Two year,Yes,Credit card (automatic),106.79,6208.39,No
3985-RQTT,Male,1,No,No,5,Yes,Yes,DSL,No,No,No,No,Yes,Yes,Two year,No,Electronic check,92.81,424.13,No
1336-VDAA,Male,0,No,Yes,42,Yes,No,Fiber optic,No,Yes,No,Yes,Yes,No,Month-to-month,No,Bank transfer (automatic),99.06,4159.92,Yes
1910-MQXZ,Female,0,No,Yes,51,Yes,No,Fiber optic,No,No,Yes,No,No,No,Month-to-month,No,Electronic check,84.65,4320.11,Yes
6447-RMWN,Male,0,Yes,No,61,Yes,Yes,Fiber optic,No,Yes,No,No,Yes,No,Month-to-month,No,Credit card (automatic),104.04,6355.74,No
9519-HZOM,Male,0,No,Yes,16,Yes,Yes,No,No internet service,No internet service,No internet service,No internet service,No internet service,No internet service,Month-to-month,No,Electronic check,49.16,822.23,No
9102-EQYP,Male,0,Yes,No,45,Yes,No,Fiber optic,No,No,Yes,No,Yes,No,Month-to-month,No,Electronic check,91.94,4105.89,Yes
1886-BVRQ,Male,0,Yes,No,40,No,No phone service,DSL,No,Yes,No,No,No,Yes,Month-to-month,No,Mailed check,64.02,2552.39,No
4357-GMRN,Female,1,Yes,No,12,Yes,No,DSL,Yes,No,Yes,No,No,No,Month-to-month,Yes,Mailed check,79.67,968.29,No
2117-RMKU,Female,0,Yes,Yes,5,Yes,No,No,No internet service,No internet service,No internet service,No internet service,No internet service,No internet service,One year,Yes,Mailed check,37.11,191.3,No
2647-WQHS,Female,0,No,No,32,Yes,Yes,Fiber optic,No,Yes,No,No,No,No,One year,No,Electronic check,103.4,3338.64,No
7771-OITJ,Male,0,Yes,No,3,No,No phone service,Fiber optic,Yes,No,No,No,Yes,Yes,Month-to-month,Yes,Credit card (automatic),92.29,301.16,Yes
4435-UWTA,Male,0,No,No,49,Yes,No,DSL,Yes,No,No,No,No,No,One year,No,Bank transfer (automatic),71.78,3533.38,No
2848-TIVO,Male,0,Yes,No,47,Yes,No,Fiber optic,No,Yes,No,No,Yes,Yes,Month-to-month,Yes,Credit card (automatic),110.44,5218.62,Yes
4072-LCKB,Female,0,Yes,No,26,Yes,No,Fiber optic,No,Yes,No,No,No,Yes,Month-to-month,No,Electronic check,92.68,2378.34,Yes
4791-IOLA,Male,0,Yes,No,5,Yes,No,Fiber optic,Yes,No,Yes,No,No,Yes,Month-to-month,Yes,Mailed check,103.12,515.38,Yes
4308-NYYH,Female,0,Yes,No,57,Yes,Yes,No,No internet service,No internet service,No internet service,No internet service,No internet service,No internet service,Month-to-month,Yes,Electronic check,37.9,2203.58,No
9263-LAKH,Male,0,Yes,Yes,62,Yes,Yes,Fiber optic,No,No,No,Yes,Yes,Yes,Month-to-month,Yes,Bank transfer (automatic),108.11,6707.31,No
4113-SKGK,Female,0,No,Yes,0,Yes,Yes,No,No internet service,No internet service,No internet service,No internet service,No internet service,No internet service,Month-to-month,Yes,Credit card (automatic),46.36, ,No
7416-AZUU,Female,0,No,No,27,Yes,No,DSL,Yes,No,No,No,No,Yes,Month-to-month,No,Electronic check,76.0,2042.35,Yes
9615-WXFV,Male,0,Yes,Yes,28,Yes,No,No,No internet service,No internet service,No internet service,No internet service,No internet service,No internet service,Two year,No,Credit card (automatic),30.47,862.14,No
9100-MSVH,Male,0,Yes,No,27,Yes,No,Fiber optic,No,No,No,Yes,No,Yes,One year,No,Credit card (automatic),97.69,2627.2,No
5322-SKXQ,Female,0,Yes,No,67,Yes,No,DSL,No,Yes,Yes,No,Yes,Yes,Month-to-month,Yes,Electronic check,97.67,6556.28,No
8282-BHSG,Female,0,No,No,40,No,No phone service,Fiber optic,Yes,No,No,No,No,No,Month-to-month,Yes,Electronic check,79.05,3169.44,Yes
5763-QFSX,Female,1,No,No,54,Yes,Yes,Fiber optic,Yes,No,No,No,Yes,Yes,Month-to-month,No,Credit card (automatic),118.75,6379.53,No
2051-BFWE,Female,0,No,No,31,Yes,No,Fiber optic,Yes,Yes,No,Yes,No,No,Month-to-month,No,Credit card (automatic),110.67,3429.86,Yes
8538-TDVZ,Female,0,Yes,Yes,68,Yes,No,DSL,No,No,Yes,No,No,No,Month-to-month,Yes,Bank transfer (automatic),68.43,4614.59,No
7320-KDZM,Male,0,Yes,No,21,Yes,Yes,Fiber optic,No,No,Yes,No,Yes,Yes,One year,No,Mailed check,116.27,2425.97,No
1307-ZQID,Female,0,Yes,Yes,56,Yes,No,DSL,Yes,No,No,Yes,Yes,Yes,Two year,Yes,Electronic check,95.41,5326.27,No
6366-NSZC,Male,0,No,No,21,Yes,Yes,Fiber optic,No,Yes,No,No,Yes,No,One year,Yes,Electronic check,109.63,2307.61,No
6869-HXAJ,Male,0,Yes,Yes,65,Yes,Yes,No,No internet service,No internet service,No internet service,No internet service,No internet service,No internet service,One year,Yes,Electronic check,37.1,2456.24,No
3863-HALH,Male,0,No,No,40,Yes,Yes,DSL,Yes,No,No,Yes,Yes,No,Month-to-month,No,Credit card (automatic),96.49,3873.51,No
5567-PRDF,Male,0,No,Yes,42,Yes,Yes,No,No internet service,No internet service,No internet service,No internet service,No internet service,No internet service,Month-to-month,No,Electronic check,45.3,1897.06,No
1183-LXWN,Male,0,No,No,33,Yes,No,Fiber optic,No,Yes,Yes,No,No,Yes,Month-to-month,Yes,Electronic check,108.01,3562.32,Yes
9728-BCZX,Female,0,Yes,No,1,No,No phone service,DSL,No,No,No,Yes,Yes,Yes,Month-to-month,Yes,Credit card (automatic),77.68,87.32,No
7653-VJIZ,Male,0,No,Yes,58,Yes,Yes,No,No internet service,No internet service,No internet service,No internet service,No internet service,No internet service,Two year,No,Bank transfer (automatic),42.71,2434.51,No
9002-XECZ,Female,0,Yes,No,35,Yes,No,Fiber optic,No,No,No,No,No,No,One year,No,Electronic check,78.59,2753.31,No
4354-PQOC,Male,0,No,No,7,Yes,No,Fiber optic,No,Yes,No,Yes,No,Yes,Month-to-month,Yes,Electronic check,106.26,732.43,Yes
7305-WRTL,Female,0,Yes,No,32,Yes,No,DSL,No,No,Yes,Yes,Yes,No,Month-to-month,Yes,Credit card (automatic),85.77,2731.03,No
8299-WPWP,Male,0,Yes,No,32,Yes,Yes,Fiber optic,No,No,No,No,No,Yes,One year,No,Bank transfer (automatic),101.78,3285.6,No
1128-VYBC,Female,0,Yes,No,67,Yes,Yes,DSL,No,No,Yes,No,No,No,Month-to-month,No,Mailed check,75.13,5085.74,No
8545-UYTQ,Female,0,No,Yes,17,Yes,Yes,No,No internet service,No internet service,No internet service,No internet service,No internet service,No internet service,Month-to-month,No,Credit card (automatic),47.09,832.05,No
1627-VUAT,Female,0,Yes,Yes,63,Yes,No,DSL,Yes,No,Yes,Yes,No,No,One year,Yes,Electronic check,82.0,5175.06,No
3341-OZZN,Male,0,Yes,No,60,Yes,Yes,No,No internet service,No internet service,No internet service,No internet service,No internet service,No internet service,Month-to-month,No,Mailed check,46.97,2823.28,No
6043-ONYU,Female,1,Yes,No,9,Yes,No,Fiber optic,Yes,Yes,Yes,No,Yes,No,Month-to-month,Yes,Credit card (automatic),118.75,1066.84,Yes
3672-KPLO,Male,0,Yes,No,49,Yes,No,No,No internet service,No internet service,No internet service,No internet service,No internet service,No internet service,Month-to-month,No,Mailed check,35.88,1760.4,No
9662-DRUC,Male,0,No,No,21,Yes,No,DSL,Yes,No,Yes,No,No,No,Month-to-month,Yes,Electronic check,76.16,1596.09,Yes
3773-HWCH,Female,0,Yes,No,38,Yes,No,Fiber optic,No,Yes,No,No,No,No,Month-to-month,Yes,Credit card (automatic),88.9,3368.3,Yes
8409-JYTQ,Male,0,No,No,64,Yes,Yes,Fiber optic,Yes,No,Yes,No,Yes,Yes,Month-to-month,Yes,Mailed check,118.75,7592.24,No
4783-WKEZ,Male,0,No,Yes,29,Yes,Yes,No,No internet service,No internet service,No internet service,No internet service,No internet service,No internet service,Two year,Yes,Mailed check,41.67,1211.53,No
2716-WEXM,Male,0,No,Yes,4,Yes,Yes,DSL,No,No,No,No,No,No,Month-to-month,No,Electronic check,70.64,315.49,Yes
4932-EIPB,Male,0,Yes,No,25,Yes,No,No,No internet service,No internet service,No internet service,No internet service,No internet service,No internet service,Month-to-month,Yes,Electronic check,36.51,907.88,No
8616-HSKL,Female,0,Yes,Yes,62,Yes,Yes,DSL,No,Yes,No,No,Yes,No,Two year,Yes,Electronic check,84.59,5241.22,No
5939-GZMH,Male,0,No,No,45,No,No phone service,Fiber optic,Yes,Yes,No,No,No,No,Two year,Yes,Credit card (automatic),81.92,3677.05,No
7078-VZIG,Female,0,No,No,30,No,No phone service,DSL,No,Yes,No,No,No,No,Month-to-month,No,Mailed check,52.84,1559.92,No
4806-ZUXO,Male,0,Yes,No,40,Yes,Yes,DSL,No,No,Yes,Yes,Yes,No,One year,No,Mailed check,95.32,3823.47,No
7686-TYLA,Female,0,No,Yes,11,Yes,No,Fiber optic,Yes,No,Yes,No,No,Yes,Two year,No,Bank transfer (automatic),101.62,1125.99,No
6558-VHEO,Female,0,No,No,16,No,No phone service,DSL,Yes,Yes,No,Yes,No,Yes,Two year,Yes,Mailed check,78.8,1228.02,No
3432-AYJV,Male,0,Yes,No,17,Yes,Yes,Fiber optic,Yes,Yes,No,No,No,Yes,Month-to-month,Yes,Electronic check,118.75,2001.51,Yes
2449-UOQV,Male,0,No,No,65,Yes,No,DSL,No,No,No,Yes,No,Yes,Month-to-month,Yes,Bank transfer (automatic),75.72,4960.14,No
9869-CMPH,Male,1,No,No,38,Yes,Yes,No,No internet service,No internet service,No internet service,No internet service,No internet service,No internet service,One year,Yes,Mailed check,47.28,1793.22,No
7845-OQQV,Male,0,Yes,Yes,32,Yes,No,No,No internet service,No internet service,No internet service,No internet service,No internet service,No internet service,Month-to-month,Yes,Electronic check,38.52,1219.23,No
9848-FQPN,Male,0,Yes,No,7,Yes,No,Fiber optic,No,No,No,No,No,Yes,Month-to-month,Yes,Electronic check,93.27,625.99,Yes
5524-FCNN,Female,1,Yes,No,25,Yes,Yes,Fiber optic,No,No,Yes,No,Yes,No,Month-to-month,Yes,Electronic check,106.37,2683.69,Yes
1071-OVMQ,Female,0,Yes,No,34,No,No phone service,Fiber optic,No,No,No,No,No,Yes,Month-to-month,Yes,Mailed check,68.32,2337.91,Yes
3462-UXCF,Female,1,No,Yes,56,Yes,No,Fiber optic,No,Yes,No,No,No,Yes,Month-to-month,Yes,Electronic check,92.57,5176.76,Yes
8984-WYBZ,Male,0,No,No,20,Yes,No,Fiber optic,No,No,Yes,No,No,No,Month-to-month,Yes,Bank transfer (automatic),90.07,1825.93,Yes
8982-EZTF,Male,0,No,No,36,Yes,No,Fiber optic,No,Yes,No,No,Yes,Yes,Month-to-month,Yes,Credit card (automatic),108.86,3914.45,Yes
9901-RRDQ,Male,0,No,No,4,Yes,No,Fiber optic,No,No,Yes,Yes,No,No,Month-to-month,No,Bank transfer (automatic),99.16,390.06,Yes
6368-NNMG,Female,0,Yes,Yes,16,Yes,No,DSL,No,Yes,No,Yes,Yes,Yes,Month-to-month,No,Electronic check,97.3,1585.02,No
8566-SKOL,Male,1,Yes,No,24,Yes,No,DSL,No,Yes,No,No,No,No,One year,Yes,Mailed check,70.49,1693.99,No
8504-CSTD,Female,0,No,Yes,60,Yes,No,Fiber optic,Yes,No,No,Yes,No,No,Month-to-month,No,Electronic check,99.45,5942.52,No
9095-ZPLH,Female,0,No,No,36,Yes,No,Fiber optic,No,No,No,No,Yes,No,Month-to-month,Yes,Electronic check,88.07,3147.66,Yes
7524-QGKR,Male,0,No,No,65,Yes,Yes,No,No internet service,No internet service,No internet service,No internet service,No internet service,No internet service,Two year,No,Bank transfer (automatic),41.15,2667.41,No
6184-CDMF,Female,0,No,No,12,Yes,Yes,Fiber optic,No,Yes,Yes,No,Yes,Yes,One year,No,Bank transfer (automatic),118.75,1412.68,No
2956-POOD,Female,0,Yes,Yes,39,Yes,Yes,DSL,No,No,Yes,Yes,No,Yes,One year,No,Electronic check,98.55,3855.79,No
1807-PPDM,Female,0,No,No,41,Yes,No,DSL,Yes,No,Yes,No,No,Yes,One year,Yes,Bank transfer (automatic),91.11,3685.05,No
3284-BCVH,Male,0,No,No,69,Yes,No,Fiber optic,No,Yes,No,No,Yes,Yes,One year,Yes,Credit card (automatic),112.8,7785.81,No
5887-OKIG,Female,0,Yes,No,24,Yes,No,Fiber optic,No,No,No,Yes,No,No,Month-to-month,No,Bank transfer (automatic),94.42,2275.32,Yes
1961-HGXL,Male,0,Yes,No,41,Yes,Yes,Fiber optic,Yes,No,Yes,No,Yes,No,Month-to-month,No,Mailed check,118.23,4861.85,Yes
3418-GJYP,Male,0,No,No,9,Yes,Yes,DSL,Yes,Yes,No,Yes,Yes,No,Month-to-month,No,Electronic check,103.68,907.8,Yes
5066-JFRR,Female,0,Yes,No,42,Yes,Yes,No,No internet service,No internet service,No internet service,No internet service,No internet service,No internet service,Two year,No,Electronic check,48.86,2077.52,No
6316-UGBK,Male,1,Yes,No,67,Yes,No,No,No internet service,No internet service,No internet service,No internet service,No internet service,No internet service,Month-to-month,No,Electronic check,36.87,2449.58,No
8549-MWEF,Female,0,No,No,27,Yes,No,DSL,Yes,No,No,Yes,No,No,One year,No,Electronic check,74.4,2031.47,No
2657-NLDW,Male,0,No,Yes,23,Yes,No,Fiber optic,Yes,Yes,Yes,No,Yes,No,Month-to-month,Yes,Bank transfer (automatic),115.97,2624.11,Yes
3053-JROH,Male,0,No,Yes,40,No,No phone service,DSL,No,No,No,No,No,Yes,Two year,Yes,Bank transfer (automatic),57.2,2297.52,No
7009-IEJT,Male,1,No,No,60,Yes,Yes,DSL,Yes,Yes,No,Yes,No,Yes,Month-to-month,Yes,Mailed check,103.48,6196.31,No
3671-XCJK,Male,0,No,Yes,4,Yes,No,DSL,No,No,Yes,Yes,No,No,Two year,Yes,Credit card (automatic),78.06,303.12,No
5906-QDDQ,Male,0,No,No,10,No,No phone service,Fiber optic,Yes,No,No,No,No,No,Two year,No,Electronic check,71.69,701.25,No
1808-SEVX,Male,1,Yes,No,7,No,No phone service,No,No internet service,No internet service,No internet service,No internet service,No internet service,No internet service,Month-to-month,No,Mailed check,25.41,185.32,No
8701-ATVP,Male,0,No,Yes,20,Yes,No,No,No internet service,No internet service,No internet service,No internet service,No internet service,No internet service,Two year,Yes,Electronic check,37.2,749.76,No
3806-KMJC,Female,0,Yes,Yes,63,Yes,No,DSL,No,Yes,No,No,Yes,Yes,Month-to-month,Yes,Electronic check,92.13,5817.79,No
8483-LWNA,Female,0,Yes,Yes,4,Yes,No,Fiber optic,Yes,No,Yes,No,Yes,Yes,One year,Yes,Credit card (automatic),118.75,499.2,No
2814-JSOE,Female,0,No,Yes,33,No,No phone service,DSL,Yes,No,Yes,No,Yes,No,Month-to-month,No,Credit card (automatic),68.64,2280.06,No
3931-WYBM,Male,0,Yes,No,8,No,No phone service,Fiber optic,No,No,No,Yes,No,No,Two year,Yes,Electronic check,74.69,592.79,No
8415-POYJ,Female,0,No,No,37,Yes,No,Fiber optic,Yes,Yes,Yes,Yes,Yes,No,Month-to-month,No,Mailed check,118.75,4433.79,Yes
1717-JYNZ,Male,0,Yes,No,42,No,No phone service,No,No internet service,No internet service,No internet service,No internet service,No internet service,No internet service,Month-to-month,No,Bank transfer (automatic),21.86,906.71,No
7782-IYNC,Male,0,No,Yes,9,Yes,No,No,No internet service,No internet service,No internet service,No internet service,No internet service,No internet service,Month-to-month,Yes,Bank transfer (automatic),34.2,292.71,No
9307-PBJC,Male,1,Yes,No,11,Yes,Yes,DSL,Yes,No,Yes,No,No,No,Month-to-month,Yes,Bank transfer (automatic),85.06,952.85,Yes
6578-KUUV,Male,0,Yes,Yes,17,Yes,No,Fiber optic,No,Yes,No,No,No,No,Month-to-month,No,Bank transfer (automatic),83.74,1406.13,Yes
5780-GWQB,Male,0,Yes,No,11,Yes,Yes,Fiber optic,Yes,No,Yes,Yes,Yes,No,Two year,No,Electronic check,118.75,1292.63,No
7197-KPQS,Male,1,Yes,Yes,30,Yes,No,Fiber optic,No,No,No,No,Yes,Yes,Month-to-month,Yes,Credit card (automatic),98.0,2920.81,Yes
2553-CUZP,Male,0,No,No,10,No,No phone service,DSL,No,Yes,Yes,No,No,No,Two year,Yes,Bank transfer (automatic),67.79,665.13,No
5586-OOPJ,Male,0,No,Yes,26,Yes,Yes,DSL,Yes,Yes,No,Yes,Yes,Yes,Two year,No,Mailed check,107.87,2808.41,No
1075-MDGV,Female,0,No,No,20,Yes,No,No,No internet service,No internet service,No internet service,No internet service,No internet service,No internet service,Month-to-month,Yes,Electronic check,29.35,602.93,No
7785-ZOHG,Male,0,Yes,Yes,12,Yes,Yes,DSL,No,Yes,No,No,Yes,No,Two year,Yes,Electronic check,85.23,1057.04,No
2902-WNHL,Female,0,Yes,Yes,44,Yes,No,No,No internet service,No internet service,No internet service,No internet service,No internet service,No internet service,Month-to-month,Yes,Bank transfer (automatic),29.61,1291.73,No
1140-KQQX,Female,0,Yes,No,46,Yes,No,DSL,Yes,Yes,No,Yes,Yes,Yes,Two year,Yes,Mailed check,103.91,4777.83,No
2827-UHEZ,Male,0,Yes,No,24,Yes,Yes,Fiber optic,No,Yes,Yes,Yes,Yes,No,Two year,No,Mailed check,118.75,2834.74,No
5815-DVOL,Female,0,No,No,63,Yes,Yes,Fiber optic,No,Yes,Yes,Yes,No,Yes,Month-to-month,Yes,Credit card (automatic),118.75,7462.42,No
7543-NJGM,Male,0,Yes,No,69,Yes,No,DSL,No,No,No,No,Yes,No,One year,Yes,Electronic check,64.69,4456.78,No
8347-ECOD,Female,0,No,No,27,Yes,Yes,No,No internet service,No internet service,No internet service,No internet service,No internet service,No internet service,Month-to-month,No,Electronic check,42.29,1125.74,No
6555-SMJU,Male,0,Yes,No,19,Yes,No,Fiber optic,No,No,No,No,No,Yes,Month-to-month,No,Mailed check,95.99,1844.9,Yes
5159-EWTT,Female,0,No,No,40,Yes,No,DSL,Yes,Yes,Yes,No,No,No,One year,Yes,Bank transfer (automatic),84.91,3386.09,No
5933-DBVP,Male,0,No,No,3,Yes,No,No,No internet service,No internet service,No internet service,No internet service,No internet service,No internet service,Two year,No,Electronic check,38.88,103.12,No
8108-VDMS,Female,1,Yes,Yes,68,Yes,No,No,No internet service,No internet service,No internet service,No internet service,No internet service,No internet service,One year,No,Mailed check,38.77,2637.82,No
5566-BMKV,Male,1,No,No,23,Yes,No,DSL,Yes,Yes,No,Yes,No,No,Two year,No,Bank transfer (automatic),83.5,1917.91,No
7364-DVTT,Male,0,No,No,16,Yes,Yes,No,No internet service,No internet service,No internet service,No internet service,No internet service,No internet service,Two year,No,Electronic check,46.52,736.67,No
1931-IGSS,Female,1,No,No,4,Yes,No,No,No internet service,No internet service,No internet service,No internet service,No internet service,No internet service,Two year,No,Mailed check,38.97,168.79,No
7382-OYTI,Female,1,No,No,56,Yes,Yes,DSL,No,Yes,Yes,Yes,No,Yes,One year,Yes,Credit card (automatic),107.32,6049.2,No
2311-DRRE,Female,0,No,No,25,No,No phone service,DSL,Yes,No,Yes,Yes,Yes,Yes,Month-to-month,No,Electronic check,84.28,2107.84,No
7781-KEVZ,Female,0,No,No,71,Yes,Yes,Fiber optic,No,Yes,Yes,No,Yes,Yes,One year,No,Bank transfer (automatic),118.75,8404.85,No
2859-LBMJ,Male,1,Yes,Yes,72,Yes,No,No,No internet service,No internet service,No internet service,No internet service,No internet service,No internet service,Month-to-month,Yes,Electronic check,32.88,2358.1,No
7792-JGDS,Female,0,Yes,Yes,16,Yes,Yes,Fiber optic,Yes,Yes,No,No,No,Yes,Two year,No,Mailed check,116.52,1874.61,No
9681-CYUS,Female,0,Yes,Yes,55,Yes,Yes,Fiber optic,No,Yes,No,No,Yes,Yes,Two year,Yes,Bank transfer (automatic),118.57,6535.2,No
1287-BTJB,Male,0,Yes,No,7,Yes,No,DSL,Yes,No,No,Yes,Yes,No,Month-to-month,No,Mailed check,85.83,604.81,Yes
7337-XQPP,Male,0,No,Yes,63,Yes,Yes,No,No internet service,No internet service,No internet service,No internet service,No internet service,No internet service,Month-to-month,Yes,Electronic check,45.74,2900.35,No
8469-GUKX,Male,0,Yes,No,68,Yes,Yes,DSL,No,No,No,Yes,Yes,No,Two year,No,Mailed check,89.75,6106.36,No
3176-KWUD,Female,0,No,Yes,9,Yes,Yes,DSL,No,Yes,No,No,Yes,Yes,Month-to-month,Yes,Electronic check,101.9,909.5,Yes
4398-ZORL,Female,0,Yes,Yes,49,Yes,Yes,Fiber optic,No,Yes,No,Yes,Yes,No,Month-to-month,No,Electronic check,116.77,5694.43,No
3654-QAKA,Female,0,Yes,Yes,54,Yes,Yes,Fiber optic,Yes,No,Yes,Yes,No,No,One year,Yes,Bank transfer (automatic),112.75,6070.12,No
5654-UJGB,Female,1,No,Yes,13,Yes,No,DSL,Yes,No,Yes,Yes,Yes,Yes,Month-to-month,Yes,Electronic check,101.95,1328.7,No
7553-KHRK,Male,0,Yes,No,26,Yes,Yes,DSL,No,Yes,No,No,Yes,Yes,Month-to-month,No,Credit card (automatic),95.63,2481.1,No
8498-MCLC,Female,0,No,No,4,Yes,Yes,DSL,Yes,No,No,No,No,No,Month-to-month,Yes,Bank transfer (automatic),77.36,364.7,Yes
3537-QVBQ,Female,0,No,No,27,Yes,No,DSL,No,Yes,Yes,No,No,No,Two year,Yes,Bank transfer (automatic),78.37,2146.35,No
3077-TFYJ,Male,0,No,No,4,Yes,No,No,No internet service,No internet service,No internet service,No internet service,No internet service,No internet service,Month-to-month,Yes,Bank transfer (automatic),33.74,141.38,No
9635-JHAM,Male,1,No,No,11,Yes,No,DSL,Yes,Yes,No,Yes,Yes,Yes,Month-to-month,Yes,Electronic check,107.33,1176.34,Yes
2015-IVJO,Male,0,No,No,7,Yes,Yes,No,No internet service,No internet service,No internet service,No internet service,No internet service,No internet service,One year,No,Electronic check,43.22,270.01,No
2269-PMVY,Female,0,No,No,58,Yes,Yes,No,No internet service,No internet service,No internet service,No internet service,No internet service,No internet service,Month-to-month,Yes,Credit card (automatic),43.28,2544.88,No
5563-RKIP,Female,0,Yes,No,64,Yes,Yes,Fiber optic,No,Yes,No,Yes,Yes,Yes,One year,No,Credit card (automatic),118.75,7598.19,No
6593-YBLH,Male,0,No,Yes,59,Yes,No,Fiber optic,No,No,Yes,No,Yes,Yes,Month-to-month,Yes,Credit card (automatic),104.4,6178.14,No
8240-LZIJ,Female,0,No,No,54,Yes,No,Fiber optic,No,No,Yes,Yes,Yes,No,Month-to-month,No,Bank transfer (automatic),103.59,5599.21,No
4809-PTGB,Female,0,No,Yes,42,Yes,No,Fiber optic,No,No,No,Yes,No,No,Month-to-month,Yes,Mailed check,83.95,3541.69,Yes
2409-YNBO,Male,0,Yes,No,40,Yes,Yes,No,No internet service,No internet service,No internet service,No internet service,No internet service,No internet service,One year,No,Electronic check,45.57,1812.54,No
3172-GXUJ,Male,0,No,No,9,Yes,No,Fiber optic,Yes,Yes,Yes,No,No,Yes,Month-to-month,Yes,Mailed check,114.1,1009.6,Yes
3669-NERX,Male,1,No,No,6,Yes,No,DSL,Yes,No,No,No,Yes,No,Month-to-month,No,Electronic check,75.24,464.08,Yes
4981-BZLV,Female,0,Yes,No,20,Yes,No,DSL,Yes,No,No,Yes,No,No,Month-to-month,Yes,Electronic check,73.17,1442.55,No
7135-FDMD,Female,0,No,Yes,43,Yes,No,DSL,No,No,Yes,No,No,Yes,Month-to-month,No,Bank transfer (automatic),79.58,3433.54,No
8189-NPDX,Female,0,No,No,36,Yes,No,DSL,Yes,No,Yes,No,Yes,No,Two year,Yes,Electronic check,86.73,3141.17,No
3776-AMDT,Male,0,No,No,43,Yes,Yes,No,No internet service,No internet service,No internet service,No internet service,No internet service,No internet service,Month-to-month,Yes,Bank transfer (automatic),45.11,1915.66,No
8697-FCWM,Female,0,Yes,Yes,64,Yes,No,Fiber optic,No,No,Yes,Yes,No,Yes,Two year,No,Electronic check,104.73,6699.12,No
5218-PEDU,Female,1,Yes,No,5,Yes,Yes,DSL,No,No,Yes,Yes,No,No,Two year,Yes,Electronic check,89.28,444.7,No
6874-NGNF,Male,0,No,No,37,Yes,Yes,Fiber optic,No,No,No,Yes,No,No,Month-to-month,No,Electronic check,96.16,3584.03,Yes
8148-WNGN,Female,0,No,Yes,42,No,No phone service,Fiber optic,Yes,Yes,Yes,Yes,No,No,Month-to-month,No,Credit card (automatic),95.71,3991.79,Yes
6919-OLQI,Female,0,Yes,Yes,56,Yes,Yes,DSL,No,No,No,No,No,Yes,One year,Yes,Mailed check,76.1,4272.38,No
7638-LBEM,Male,0,Yes,No,69,Yes,Yes,DSL,No,Yes,No,No,Yes,Yes,One year,Yes,Bank transfer (automatic),101.32,6979.91,No
4866-TWHN,Male,0,Yes,No,64,Yes,No,DSL,No,No,No,No,Yes,Yes,Month-to-month,No,Electronic check,83.05,5322.8,No
5942-KAUC,Male,0,No,Yes,54,Yes,Yes,Fiber optic,No,No,No,No,No,Yes,One year,No,Credit card (automatic),101.0,5439.16,No
9976-SNVW,Male,0,No,No,34,Yes,Yes,Fiber optic,No,Yes,No,Yes,No,Yes,Two year,Yes,Credit card (automatic),117.55,4009.22,No
1935-MTCE,Male,0,No,No,23,No,No phone service,No,No internet service,No internet service,No internet service,No internet service,No internet service,No internet service,Month-to-month,Yes,Electronic check,18.25,381.88,No
1325-YVBM,Female,0,No,No,37,No,No phone service,Fiber optic,No,No,No,No,Yes,No,Month-to-month,Yes,Credit card (automatic),70.02,2567.87,Yes
5932-YHWA,Male,0,No,No,2,Yes,Yes,Fiber optic,Yes,No,No,No,No,No,One year,No,Electronic check,97.86,197.68,No
8754-GOVX,Male,0,No,Yes,50,Yes,Yes,DSL,No,Yes,No,Yes,Yes,Yes,Month-to-month,Yes,Credit card (automatic),112.95,5656.36,No
5042-VZPC,Male,0,Yes,No,60,No,No phone service,DSL,No,Yes,No,No,No,No,Two year,No,Mailed check,52.51,3163.73,No
2581-CAZU,Female,0,No,Yes,39,Yes,No,Fiber optic,No,No,No,No,Yes,Yes,Month-to-month,Yes,Mailed check,95.47,3684.54,Yes
9320-QBTF,Female,0,Yes,No,53,Yes,No,No,No internet service,No internet service,No internet service,No internet service,No internet service,No internet service,Two year,No,Electronic check,43.71,2320.13,No
5103-PSAC,Male,0,No,No,65,Yes,No,Fiber optic,No,No,No,Yes,No,Yes,Month-to-month,No,Bank transfer (automatic),100.38,6483.07,No
6594-LLTM,Female,0,Yes,No,59,Yes,No,DSL,Yes,No,Yes,No,Yes,No,Month-to-month,Yes,Electronic check,84.91,5000.97,No
4144-GDSV,Female,0,Yes,No,14,Yes,No,No,No internet service,No internet service,No internet service,No internet service,No internet service,No internet service,Month-to-month,No,Electronic check,33.02,479.31,No
8954-FMKM,Female,0,Yes,No,45,No,No phone service,Fiber optic,Yes,Yes,No,No,No,No,Month-to-month,Yes,Mailed check,81.16,3669.47,Yes
7331-YVTO,Male,0,No,Yes,54,Yes,No,DSL,No,No,Yes,Yes,Yes,Yes,Month-to-month,Yes,Electronic check,91.7,4977.91,No
6162-SHTH,Female,0,Yes,No,3,Yes,Yes,Fiber optic,No,Yes,No,No,No,Yes,Month-to-month,No,Electronic check,109.87,331.07,Yes
8977-ZPSZ,Female,1,Yes,Yes,23,Yes,Yes,Fiber optic,Yes,No,No,Yes,Yes,No,Month-to-month,Yes,Credit card (automatic),114.51,2636.21,Yes
1298-MITX,Male,0,No,No,39,Yes,Yes,No,No internet service,No internet service,No internet service,No internet service,No internet service,No internet service,Two year,Yes,Bank transfer (automatic),48.53,1901.56,No
5306-PGSL,Male,1,No,No,26,Yes,Yes,No,No internet service,No internet service,No internet service,No internet service,No internet service,No internet service,Month-to-month,Yes,Electronic check,45.77,1167.57,No
6326-WNKZ,Female,0,Yes,No,51,Yes,No,DSL,No,No,No,No,No,No,Month-to-month,Yes,Mailed check,55.0,2790.66,No
3657-KSFN,Male,0,Yes,No,36,Yes,No,Fiber optic,Yes,No,No,Yes,Yes,No,Month-to-month,No,Electronic check,102.48,3690.83,Yes
2907-FQJA,Male,0,Yes,Yes,0,Yes,Yes,Fiber optic,No,No,No,No,No,Yes,Month-to-month,No,Electronic check,96.89, ,Yes
2466-TVOX,Male,0,No,Yes,8,Yes,Yes,Fiber optic,No,No,No,No,Yes,No,Month-to-month,Yes,Mailed check,91.82,736.05,Yes
1262-KGDY,Male,0,No,No,17,No,No phone service,DSL,No,Yes,No,No,Yes,Yes,One year,No,Mailed check,70.84,1280.98,No
8833-FNLK,Female,1,Yes,No,38,Yes,Yes,Fiber optic,Yes,No,Yes,No,No,No,Two year,Yes,Credit card (automatic),108.8,4127.37,No
2652-ENUX,Male,0,No,Yes,29,Yes,No,Fiber optic,Yes,No,Yes,Yes,Yes,No,Two year,Yes,Bank transfer (automatic),116.84,3384.1,No
5815-YMYV,Male,0,Yes,Yes,19,Yes,No,DSL,Yes,Yes,No,Yes,Yes,Yes,Two year,Yes,Bank transfer (automatic),104.1,1948.24,No
4637-YTVD,Female,1,Yes,Yes,14,Yes,No,Fiber optic,No,Yes,Yes,No,No,Yes,Two year,No,Bank transfer (automatic),110.4,1516.67,No
6599-QGNZ,Male,0,No,No,63,Yes,No,DSL,Yes,Yes,No,No,No,No,One year,No,Electronic check,74.33,4712.15,No
8382-MWRK,Female,0,Yes,No,24,Yes,Yes,DSL,Yes,Yes,No,Yes,No,No,Month-to-month,Yes,Credit card (automatic),91.35,2169.29,No
9504-ZYVS,Male,1,No,No,48,Yes,Yes,No,No internet service,No internet service,No internet service,No internet service,No internet service,No internet service,Two year,Yes,Bank transfer (automatic),40.23,1937.13,No
8008-DNNC,Female,0,No,No,66,Yes,Yes,Fiber optic,No,No,No,Yes,No,Yes,Two year,Yes,Electronic check,114.35,7574.22,No
9989-QCPN,Male,0,Yes,No,25,Yes,No,Fiber optic,No,Yes,No,Yes,No,No,Month-to-month,Yes,Mailed check,93.09,2327.59,Yes
3547-MONX,Male,0,No,Yes,44,Yes,No,DSL,No,No,Yes,No,No,No,Month-to-month,No,Electronic check,65.76,2871.84,Yes
1946-FJOU,Female,0,No,No,5,Yes,Yes,DSL,Yes,Yes,Yes,Yes,Yes,No,One year,No,Mailed check,114.03,588.08,No
7719-VTZF,Female,0,No,No,31,Yes,Yes,DSL,No,No,No,Yes,No,Yes,Month-to-month,Yes,Bank transfer (automatic),87.72,2761.55,No
7360-JGVQ,Female,0,Yes,Yes,16,Yes,Yes,DSL,No,No,No,No,No,Yes,Two year,Yes,Mailed check,74.21,1206.53,No
2192-JJYG,Female,0,Yes,No,45,Yes,Yes,Fiber optic,No,No,Yes,Yes,Yes,Yes,Two year,No,Mailed check,118.75,5321.79,No
6615-RFTA,Female,1,Yes,No,52,Yes,No,DSL,Yes,No,No,No,Yes,No,One year,Yes,Electronic check,76.85,3990.98,No
3560-LUBD,Male,0,No,No,3,Yes,No,DSL,Yes,No,No,No,Yes,Yes,Month-to-month,No,Electronic check,90.8,278.21,Yes
1643-KVZD,Female,0,Yes,No,27,No,No phone service,DSL,No,Yes,No,No,No,Yes,Two year,Yes,Mailed check,59.09,1600.48,No
8680-GRIC,Male,0,Yes,No,70,Yes,No,DSL,Yes,No,No,No,No,No,Month-to-month,No,Mailed check,67.63,4716.25,No
1919-SDRT,Female,0,No,No,15,Yes,Yes,Fiber optic,No,No,Yes,Yes,No,No,Two year,No,Bank transfer (automatic),103.21,1582.77,No
6930-NYRP,Female,0,Yes,No,38,Yes,No,Fiber optic,No,No,Yes,Yes,No,Yes,Month-to-month,No,Electronic check,105.86,4025.27,Yes
9750-DEQG,Male,0,Yes,No,29,Yes,Yes,No,No internet service,No internet service,No internet service,No internet service,No internet service,No internet service,Month-to-month,Yes,Mailed check,43.13,1247.57,No
5399-NZPG,Male,0,No,Yes,56,Yes,Yes,DSL,No,Yes,No,No,Yes,No,Month-to-month,Yes,Mailed check,87.16,4865.62,No
4715-VKBL,Male,0,No,No,55,Yes,No,Fiber optic,No,Yes,Yes,No,No,Yes,Two year,Yes,Mailed check,106.06,5822.5,No
7411-DRZU,Male,1,Yes,Yes,38,Yes,No,DSL,Yes,No,No,Yes,Yes,No,Month-to-month,No,Electronic check,84.13,3229.74,No
2478-AZZW,Female,0,Yes,No,41,No,No phone service,Fiber optic,No,Yes,No,No,No,No,One year,No,Bank transfer (automatic),75.77,3085.36,No
6209-MFFL,Male,0,Yes,No,17,Yes,Yes,Fiber optic,No,No,Yes,No,No,Yes,One year,Yes,Mailed check,108.07,1865.25,No
3645-SERE,Female,1,Yes,Yes,21,Yes,No,DSL,No,Yes,Yes,No,No,No,Month-to-month,Yes,Mailed check,72.89,1577.37,No
8928-JAJE,Female,0,No,No,3,Yes,No,Fiber optic,No,Yes,No,No,No,No,One year,Yes,Electronic check,88.92,245.93,No
8797-GIVU,Female,0,No,No,2,Yes,No,Fiber optic,Yes,Yes,Yes,No,No,No,Month-to-month,No,Bank transfer (automatic),104.67,212.04,Yes
2184-KUOB,Male,0,No,No,60,Yes,Yes,Fiber optic,No,No,No,Yes,Yes,No,One year,No,Bank transfer (automatic),109.22,6562.71,No
6811-GULV,Male,0,No,No,23,Yes,No,Fiber optic,Yes,Yes,No,Yes,Yes,No,One year,No,Mailed check,118.28,2707.61,No
9465-CGKR,Male,0,No,No,51,Yes,Yes,DSL,No,No,No,Yes,No,No,Month-to-month,Yes,Mailed check,77.72,3981.46,No
1421-EZAL,Male,0,No,No,66,Yes,No,No,No internet service,No internet service,No internet service,No internet service,No internet service,No internet service,Month-to-month,No,Electronic check,37.29,2434.0,No
5675-RDQB,Male,0,No,Yes,30,Yes,No,Fiber optic,Yes,Yes,No,No,No,No,Month-to-month,No,Electronic check,92.73,2786.52,Yes
7748-XVBL,Male,0,No,Yes,52,Yes,Yes,DSL,Yes,No,No,Yes,Yes,No,Two year,Yes,Credit card (automatic),98.26,5096.49,No
3181-JYWY,Female,0,No,Yes,60,No,No phone service,No,No internet service,No internet service,No internet service,No internet service,No internet service,No internet service,Month-to-month,Yes,Electronic check,18.25,1084.78,No
6882-PNGS,Male,0,Yes,Yes,57,Yes,No,Fiber optic,No,No,No,No,Yes,No,Month-to-month,Yes,Mailed check,84.65,4848.54,No
9456-ZMVE,Female,0,Yes,Yes,34,Yes,No,No,No internet service,No internet service,No internet service,No internet service,No internet service,No internet service,Month-to-month,No,Electronic check,30.24,1049.92,No
3774-EJUJ,Female,0,No,No,30,Yes,No,DSL,No,Yes,No,Yes,No,No,Month-to-month,Yes,Mailed check,70.52,2103.78,No
4854-GOCS,Male,0,Yes,No,56,Yes,No,DSL,No,No,Yes,No,Yes,Yes,Month-to-month,Yes,Mailed check,94.0,5284.49,No
3395-OCFL,Male,1,No,No,9,Yes,Yes,Fiber optic,Yes,Yes,No,Yes,No,No,One year,No,Mailed check,113.82,1041.5,No
3670-FMSC,Male,0,No,No,17,Yes,No,No,No internet service,No internet service,No internet service,No internet service,No internet service,No internet service,Two year,Yes,Electronic check,31.61,529.68,No
7663-WZTO,Male,0,No,No,55,Yes,No,DSL,No,Yes,No,No,Yes,No,Two year,No,Electronic check,76.35,4176.44,No
7019-SUCM,Female,0,No,No,35,Yes,No,Fiber optic,No,Yes,No,Yes,Yes,Yes,Two year,No,Electronic check,118.75,4176.61,No
9022-PMCP,Male,0,Yes,No,50,Yes,No,DSL,No,No,No,Yes,No,Yes,Month-to-month,Yes,Mailed check,77.63,3877.32,No
4899-NMUY,Male,0,Yes,No,60,No,No phone service,No,No internet service,No internet service,No internet service,No internet service,No internet service,No internet service,One year,No,Credit card (automatic),21.31,1271.01,No
7470-OGFB,Female,0,No,No,18,Yes,Yes,Fiber optic,Yes,Yes,No,Yes,No,No,Month-to-month,Yes,Mailed check,111.89,1994.18,Yes
4496-VXQE,Female,0,Yes,Yes,10,Yes,Yes,No,No internet service,No internet service,No internet service,No internet service,No internet service,No internet service,Month-to-month,No,Mailed check,39.01,375.42,No
3313-KPNH,Male,0,No,No,4,Yes,No,Fiber optic,Yes,No,No,No,No,No,One year,Yes,Mailed check,87.57,347.69,No
3999-QYRL,Female,1,Yes,No,44,Yes,No,No,No internet service,No internet service,No internet service,No internet service,No internet service,No internet service,Two year,No,Credit card (automatic),34.49,1526.79,No
2689-NPNI,Male,0,Yes,No,44,Yes,Yes,DSL,No,No,Yes,No,Yes,Yes,Month-to-month,No,Mailed check,102.93,4533.28,No
9611-YWKF,Male,0,Yes,No,47,Yes,No,DSL,Yes,Yes,No,No,No,No,Month-to-month,No,Bank transfer (automatic),71.91,3370.98,No
6649-MKNR,Female,0,No,No,13,Yes,Yes,No,No internet service,No internet service,No internet service,No internet service,No internet service,No internet service,Month-to-month,Yes,Bank transfer (automatic),45.28,595.85,No
2342-YSXO,Female,0,Yes,No,27,Yes,No,DSL,No,Yes,No,No,Yes,No,Month-to-month,No,Mailed check,79.56,2148.56,No
7280-HTAD,Male,0,Yes,No,8,No,No phone service,Fiber optic,Yes,No,No,No,No,Yes,Two year,No,Bank transfer (automatic),83.83,636.58,No
1813-YBPC,Male,0,Yes,No,58,Yes,No,Fiber optic,No,No,No,Yes,No,Yes,One year,Yes,Mailed check,97.46,5655.9,No
6911-PGMM,Male,0,Yes,No,37,Yes,No,DSL,No,No,No,Yes,No,No,Two year,No,Bank transfer (automatic),66.85,2453.72,No
8876-YTVR,Female,0,Yes,No,24,Yes,Yes,DSL,Yes,Yes,Yes,Yes,No,No,Month-to-month,Yes,Credit card (automatic),101.25,2406.63,No
9558-RBJW,Female,0,Yes,Yes,71,Yes,No,DSL,Yes,No,No,No,Yes,Yes,One year,Yes,Credit card (automatic),85.97,6099.28,No
5270-LOMR,Male,0,No,No,47,Yes,No,No,No internet service,No internet service,No internet service,No internet service,No internet service,No internet service,Month-to-month,No,Electronic check,33.31,1538.72,No
2784-WKSC,Male,0,Yes,Yes,18,Yes,Yes,Fiber optic,No,Yes,Yes,Yes,No,No,Month-to-month,No,Electronic check,114.18,2021.71,Yes
6428-ZNNV,Female,0,Yes,No,1,Yes,No,Fiber optic,Yes,Yes,No,No,No,Yes,Two year,No,Electronic check,108.13,108.13,No
5658-KWVW,Male,1,No,No,5,Yes,Yes,Fiber optic,No,Yes,No,No,Yes,Yes,One year,Yes,Credit card (automatic),112.43,575.89,No
8607-VSRL,Female,0,Yes,No,29,Yes,Yes,Fiber optic,Yes,No,No,No,No,Yes,One year,No,Bank transfer (automatic),109.76,3172.94,No
5534-ASTQ,Male,0,No,No,60,Yes,No,Fiber optic,No,No,No,No,No,No,Month-to-month,Yes,Mailed check,80.15,4831.39,No
8204-ZCBC,Female,0,Yes,No,1,Yes,No,Fiber optic,No,No,Yes,No,No,No,One year,Yes,Mailed check,88.34,88.34,No
2191-PFMW,Male,0,Yes,No,50,Yes,Yes,Fiber optic,Yes,Yes,Yes,Yes,Yes,Yes,Month-to-month,Yes,Electronic check,118.75,5916.77,No
7453-VPPC,Male,0,Yes,No,12,No,No phone service,DSL,Yes,No,Yes,Yes,No,No,Month-to-month,No,Credit card (automatic),72.2,852.01,No
5539-MNHL,Male,0,No,No,48,Yes,No,Fiber optic,No,Yes,Yes,Yes,No,Yes,One year,Yes,Credit card (automatic),115.31,5544.64,No
5086-VUZH,Female,0,No,No,7,Yes,No,DSL,No,Yes,Yes,No,No,No,Month-to-month,Yes,Mailed check,76.2,512.13,Yes
7040-IAFW,Male,0,Yes,No,8,Yes,No,No,No internet service,No internet service,No internet service,No internet service,No internet service,No internet service,Two year,Yes,Electronic check,33.6,291.83,No
1626-WKKW,Male,1,No,No,22,Yes,Yes,Fiber optic,Yes,No,No,Yes,No,No,Month-to-month,Yes,Credit card (automatic),101.12,2215.55,Yes
2375-MKRW,Male,0,No,No,71,No,No phone service,DSL,No,Yes,No,No,No,No,Month-to-month,Yes,Electronic check,53.79,3784.85,No
4534-AUYG,Male,0,Yes,No,72,Yes,No,DSL,No,Yes,No,No,Yes,No,Month-to-month,No,Mailed check,77.27,5521.29,No
6014-MLRX,Male,0,No,No,15,No,No phone service,DSL,No,No,No,Yes,Yes,No,Two year,Yes,Credit card (automatic),60.49,931.57,No
5530-JGRP,Male,0,No,No,15,Yes,No,No,No internet service,No internet service,No internet service,No internet service,No internet service,No internet service,Month-to-month,Yes,Mailed check,36.95,541.49,No
3387-FIUM,Female,0,Yes,No,11,Yes,No,No,No internet service,No internet service,No internet service,No internet service,No internet service,No internet service,Two year,No,Mailed check,38.23,395.58,No
8966-UZHP,Female,0,Yes,Yes,10,Yes,Yes,DSL,No,No,Yes,Yes,Yes,No,Month-to-month,Yes,Mailed check,95.19,932.17,Yes
7772-QIBY,Male,0,No,Yes,12,Yes,No,Fiber optic,Yes,Yes,No,Yes,Yes,Yes,Month-to-month,Yes,Mailed check,118.75,1455.56,Yes
9488-FKYF,Male,0,No,No,34,Yes,No,No,No internet service,No internet service,No internet service,No internet service,No internet service,No internet service,Month-to-month,No,Electronic check,36.97,1231.31,No
1901-MKNB,Female,0,Yes,No,42,Yes,No,Fiber optic,No,No,Yes,Yes,No,No,One year,Yes,Electronic check,93.47,3909.58,No
6622-UCAX,Female,0,No,No,29,Yes,No,Fiber optic,No,No,Yes,No,No,No,Month-to-month,Yes,Electronic check,85.08,2425.68,Yes
6650-RQTX,Male,0,Yes,No,59,Yes,Yes,DSL,No,Yes,No,No,No,No,Month-to-month,Yes,Credit card (automatic),78.9,4647.46,No
2058-ADYM,Female,0,No,No,66,Yes,Yes,No,No internet service,No internet service,No internet service,No internet service,No internet service,No internet service,Month-to-month,No,Credit card (automatic),46.72,3099.72,No
5603-KBYP,Male,0,No,No,28,Yes,Yes,No,No internet service,No internet service,No internet service,No internet service,No internet service,No internet service,One year,No,Bank transfer (automatic),49.45,1407.66,No
1220-SWSY,Male,0,No,No,24,Yes,Yes,DSL,No,No,Yes,No,No,Yes,Month-to-month,No,Mailed check,85.77,2050.99,No
5623-VSIA,Female,0,No,No,65,Yes,Yes,Fiber optic,No,Yes,Yes,Yes,No,No,Month-to-month,Yes,Bank transfer (automatic),115.9,7563.42,No
8209-SABP,Male,0,Yes,No,4,Yes,No,DSL,No,Yes,No,Yes,No,Yes,Month-to-month,Yes,Mailed check,85.65,340.02,Yes
8915-HWRB,Male,0,Yes,No,4,Yes,Yes,Fiber optic,No,Yes,Yes,Yes,Yes,No,Month-to-month,Yes,Credit card (automatic),118.75,505.08,Yes
9536-MFUZ,Male,0,No,Yes,48,Yes,Yes,DSL,No,Yes,Yes,No,Yes,Yes,Month-to-month,Yes,Bank transfer (automatic),106.37,5130.99,No
8237-IPKG,Male,0,Yes,Yes,25,Yes,No,No,No internet service,No internet service,No internet service,No internet service,No internet service,No internet service,Two year,Yes,Bank transfer (automatic),34.17,876.54,No
2001-JYTR,Female,1,Yes,No,70,Yes,Yes,No,No internet service,No internet service,No internet service,No internet service,No internet service,No internet service,Month-to-month,No,Electronic check,41.11,2871.86,No
6051-XTIO,Female,0,No,No,29,Yes,No,DSL,Yes,No,No,No,No,No,Two year,Yes,Credit card (automatic),69.46,2050.24,No
1515-HIMI,Female,0,Yes,No,27,Yes,No,Fiber optic,No,No,No,No,No,Yes,Month-to-month,Yes,Electronic check,91.17,2487.35,Yes
7297-DQPO,Male,0,No,No,13,No,No phone service,Fiber optic,No,No,No,Yes,No,No,Two year,Yes,Bank transfer (automatic),76.71,1007.08,No
8778-YTEW,Female,0,Yes,Yes,17,Yes,Yes,No,No internet service,No internet service,No internet service,No internet service,No internet service,No internet service,Two year,Yes,Mailed check,44.64,741.03,No
4332-TORO,Female,0,No,No,56,No,No phone service,DSL,No,No,Yes,No,Yes,No,Two year,Yes,Bank transfer (automatic),59.21,3314.12,No
4841-MDJM,Female,0,Yes,No,24,Yes,Yes,Fiber optic,No,Yes,No,Yes,No,Yes,One year,Yes,Credit card (automatic),118.75,2822.26,No
6214-IHCP,Male,0,Yes,No,69,No,No phone service,Fiber optic,No,Yes,Yes,Yes,Yes,No,Month-to-month,No,Mailed check,103.22,7092.51,No
8533-IUKC,Male,0,No,Yes,4,Yes,Yes,DSL,No,No,No,No,Yes,No,Two year,No,Credit card (automatic),77.7,312.0,No
8465-MDXM,Male,0,No,No,52,Yes,No,DSL,No,Yes,Yes,No,Yes,No,Two year,Yes,Electronic check,82.42,4289.66,No
4339-EJXI,Male,1,No,No,38,No,No phone service,Fiber optic,Yes,No,No,No,No,Yes,Two year,Yes,Credit card (automatic),82.19,3102.05,No
1198-BVXW,Male,0,No,No,56,Yes,Yes,DSL,No,No,No,No,No,Yes,Two year,No,Mailed check,77.87,4404.29,No
2174-NZSE,Female,0,Yes,No,10,No,No phone service,Fiber optic,No,No,Yes,No,Yes,No,Month-to-month,Yes,Mailed check,79.48,814.52,Yes
5086-YRTL,Female,0,No,Yes,68,Yes,No,Fiber optic,Yes,Yes,Yes,Yes,No,Yes,Two year,Yes,Mailed check,116.86,7941.16,No
5588-BYMZ,Female,1,Yes,No,24,Yes,Yes,DSL,Yes,Yes,Yes,No,No,No,Month-to-month,Yes,Electronic check,90.04,2127.1,Yes
1731-JWFC,Male,0,Yes,No,29,Yes,Yes,No,No internet service,No internet service,No internet service,No internet service,No internet service,No internet service,One year,Yes,Bank transfer (automatic),36.17,1036.35,No
3933-TESV,Female,0,Yes,No,1,Yes,No,Fiber optic,No,No,No,Yes,No,Yes,Two year,Yes,Mailed check,96.44,96.44,No
8099-SOPX,Female,0,Yes,No,35,Yes,Yes,DSL,Yes,Yes,No,No,Yes,Yes,Two year,Yes,Credit card (automatic),104.6,3645.63,No
4432-DOYL,Male,0,Yes,No,36,Yes,Yes,No,No internet service,No internet service,No internet service,No internet service,No internet service,No internet service,Month-to-month,No,Credit card (automatic),46.51,1666.11,No
7326-NQSF,Male,0,Yes,No,1,Yes,Yes,DSL,No,No,No,No,No,No,One year,Yes,Electronic check,68.36,68.36,No
6731-GSQY,Male,0,No,No,46,Yes,No,No,No internet service,No internet service,No internet service,No internet service,No internet service,No internet service,Two year,Yes,Bank transfer (automatic),34.81,1620.95,No
2167-OVHS,Male,0,Yes,No,58,Yes,Yes,Fiber optic,No,No,No,Yes,Yes,Yes,Month-to-month,No,Electronic check,116.4,6739.32,No
4655-RPTS,Female,0,No,No,3,Yes,No,No,No internet service,No internet service,No internet service,No internet service,No internet service,No internet service,Month-to-month,Yes,Bank transfer (automatic),35.0,130.15,No
2577-QMMG,Male,0,No,No,66,Yes,No,Fiber optic,No,No,No,Yes,Yes,No,Month-to-month,Yes,Electronic check,100.35,6626.88,No
7691-YFXR,Male,0,No,No,45,Yes,Yes,DSL,Yes,Yes,No,No,No,Yes,One year,Yes,Credit card (automatic),95.81,4292.27,No
7358-FYWQ,Male,0,Yes,Yes,35,Yes,No,DSL,Yes,No,Yes,No,Yes,Yes,One year,Yes,Credit card (automatic),93.77,3261.54,No
8037-BCKF,Female,0,No,No,64,Yes,No,Fiber optic,Yes,No,No,No,No,No,Two year,Yes,Electronic check,88.18,5658.27,No
6308-NSZP,Female,0,No,No,55,Yes,No,Fiber optic,Yes,Yes,No,No,Yes,No,Two year,Yes,Credit card (automatic),104.75,5806.19,No
5661-XGHS,Female,0,No,No,34,Yes,Yes,DSL,No,Yes,Yes,No,No,No,Month-to-month,No,Mailed check,85.28,2874.03,No
4183-VGIM,Female,0,Yes,No,22,Yes,No,No,No internet service,No internet service,No internet service,No internet service,No internet service,No internet service,One year,Yes,Mailed check,33.18,743.87,No
4968-HXVD,Female,0,Yes,No,43,Yes,No,No,No internet service,No internet service,No internet service,No internet service,No internet service,No internet service,Month-to-month,Yes,Electronic check,37.18,1566.57,No
1378-CVMH,Male,0,Yes,No,0,Yes,Yes,Fiber optic,Yes,No,Yes,Yes,Yes,No,One year,No,Mailed check,118.75, ,No
3330-APFG,Male,0,Yes,No,65,No,No phone service,DSL,Yes,No,Yes,No,No,Yes,Month-to-month,No,Mailed check,69.4,4489.17,No
5267-WIKJ,Male,1,No,No,11,Yes,Yes,DSL,No,No,No,No,No,Yes,Month-to-month,No,Electronic check,79.28,869.82,Yes
7004-ARDE,Female,0,No,Yes,12,Yes,No,No,No internet service,No internet service,No internet service,No internet service,No internet service,No internet service,Month-to-month,No,Bank transfer (automatic),35.5,438.22,No
7120-QCPE,Male,0,Yes,No,26,Yes,No,Fiber optic,No,No,No,Yes,No,No,Two year,Yes,Mailed check,90.12,2348.54,No
7146-TOCT,Female,0,Yes,Yes,19,Yes,Yes,No,No internet service,No internet service,No internet service,No internet service,No internet service,No internet service,Month-to-month,Yes,Mailed check,45.83,881.35,No
8437-PQXT,Female,0,Yes,No,5,Yes,No,DSL,Yes,No,No,No,No,Yes,Two year,Yes,Electronic check,79.47,393.99,No
6969-RVNR,Male,0,Yes,No,7,No,No phone service,No,No internet service,No internet service,No internet service,No internet service,No internet service,No internet service,One year,Yes,Electronic check,22.36,163.65,No
6454-OFOR,Male,0,No,Yes,20,Yes,No,Fiber optic,No,No,No,Yes,Yes,No,Month-to-month,Yes,Credit card (automatic),97.43,1937.77,Yes
7947-WHOC,Male,0,No,Yes,20,Yes,Yes,DSL,Yes,No,Yes,Yes,No,No,One year,Yes,Mailed check,95.44,1926.57,No
5797-OMIB,Male,0,Yes,Yes,44,No,No phone service,Fiber optic,Yes,No,Yes,No,Yes,Yes,Month-to-month,No,Bank transfer (automatic),101.53,4460.58,Yes
1983-HTQM,Female,0,Yes,Yes,69,Yes,No,No,No internet service,No internet service,No internet service,No internet service,No internet service,No internet service,Two year,Yes,Electronic check,33.56,2289.61,No
9737-OLNY,Female,0,No,No,43,Yes,No,DSL,Yes,No,No,No,Yes,No,Month-to-month,No,Electronic check,81.04,3462.43,Yes
8265-RVGW,Female,0,Yes,No,58,No,No phone service,Fiber optic,No,No,No,Yes,No,Yes,Month-to-month,Yes,Bank transfer (automatic),82.46,4781.42,No
4998-YFNH,Male,0,No,Yes,29,Yes,No,Fiber optic,No,Yes,No,Yes,No,Yes,Two year,Yes,Bank transfer (automatic),103.53,2978.32,No
5435-UUVC,Female,0,No,Yes,9,Yes,No,Fiber optic,No,Yes,No,No,No,Yes,Month-to-month,No,Bank transfer (automatic),99.6,932.11,Yes
8951-RZQK,Male,0,No,No,0,Yes,No,Fiber optic,Yes,No,No,Yes,No,No,Month-to-month,Yes,Electronic check,97.78, ,Yes
8440-PZWB,Female,0,Yes,Yes,9,Yes,Yes,No,No internet service,No internet service,No internet service,No internet service,No internet service,No internet service,Two year,Yes,Mailed check,44.74,391.35,No
1596-GBFQ,Male,0,Yes,No,24,Yes,No,No,No internet service,No internet service,No internet service,No internet service,No internet service,No internet service,Month-to-month,Yes,Electronic check,33.26,777.2,No
7468-ETPS,Female,1,No,Yes,13,Yes,Yes,Fiber optic,No,Yes,Yes,Yes,Yes,No,Two year,No,Credit card (automatic),118.75,1544.77,No
7852-JYBI,Male,0,Yes,No,2,Yes,No,Fiber optic,No,Yes,Yes,Yes,No,Yes,Month-to-month,Yes,Mailed check,111.97,242.66,Yes
9042-DVVV,Male,0,Yes,No,67,Yes,No,DSL,No,No,Yes,No,No,No,Month-to-month,No,Electronic check,68.22,4579.96,No
3721-WFNA,Female,0,No,Yes,39,Yes,No,DSL,No,Yes,No,No,No,Yes,Month-to-month,Yes,Mailed check,75.16,2926.41,No
8104-AAXD,Male,0,No,Yes,32,Yes,No,No,No internet service,No internet service,No internet service,No internet service,No internet service,No internet service,One year,No,Electronic check,42.49,1351.58,No
4153-KAJI,Female,0,Yes,No,6,Yes,No,DSL,No,Yes,Yes,No,No,No,Month-to-month,Yes,Bank transfer (automatic),75.2,461.01,Yes
4510-DFPB,Male,0,Yes,No,2,Yes,No,DSL,Yes,Yes,No,No,No,Yes,Month-to-month,Yes,Bank transfer (automatic),82.01,196.51,Yes
6718-RJXX,Female,0,No,No,36,Yes,No,DSL,Yes,No,No,Yes,No,No,One year,Yes,Bank transfer (automatic),77.4,2782.09,No
3741-MQEK,Male,0,Yes,Yes,25,Yes,Yes,DSL,Yes,No,No,Yes,No,Yes,Two year,No,Credit card (automatic),100.09,2502.64,No
1294-JQOR,Female,0,Yes,No,24,Yes,No,Fiber optic,Yes,Yes,No,No,No,No,One year,Yes,Credit card (automatic),99.6,2369.38,No
1918-VSZB,Female,0,No,No,39,Yes,Yes,No,No internet service,No internet service,No internet service,No internet service,No internet service,No internet service,One year,Yes,Credit card (automatic),47.01,1847.12,No
4779-CGXR,Female,0,Yes,No,42,Yes,No,DSL,No,No,No,No,No,Yes,Two year,No,Credit card (automatic),73.09,3027.51,No
8942-HFVZ,Female,0,Yes,Yes,43,Yes,No,DSL,Yes,No,No,No,Yes,No,Two year,No,Credit card (automatic),75.1,3199.43,No
1192-DNQT,Male,0,Yes,No,70,Yes,Yes,No,No internet service,No internet service,No internet service,No internet service,No internet service,No internet service,One year,Yes,Bank transfer (automatic),53.06,3714.41,No
3410-UZNI,Male,0,No,No,28,Yes,Yes,Fiber optic,No,Yes,Yes,Yes,No,No,Two year,No,Electronic check,114.13,3183.19,No
6882-OLJS,Female,0,No,No,56,No,No phone service,No,No internet service,No internet service,No internet service,No internet service,No internet service,No internet service,Month-to-month,Yes,Electronic check,19.97,1123.19,No
4199-TXFH,Female,1,No,No,8,Yes,No,No,No internet service,No internet service,No internet service,No internet service,No internet service,No internet service,One year,Yes,Mailed check,35.59,264.33,No
1240-QXOG,Male,0,No,Yes,21,Yes,No,No,No internet service,No internet service,No internet service,No internet service,No internet service,No internet service,Month-to-month,Yes,Credit card (automatic),34.44,703.99,No
9274-VYWC,Female,0,No,Yes,69,Yes,Yes,Fiber optic,Yes,No,Yes,Yes,No,Yes,Two year,No,Bank transfer (automatic),118.75,8201.33,No
7429-VKTS,Female,0,No,Yes,5,Yes,Yes,Fiber optic,No,No,Yes,Yes,No,No,Two year,Yes,Electronic check,106.19,504.3,No
7568-JBAP,Female,0,Yes,Yes,26,Yes,No,Fiber optic,Yes,Yes,No,No,Yes,No,Month-to-month,Yes,Electronic check,103.67,2686.47,Yes
4830-ZQFN,Male,0,Yes,Yes,51,Yes,Yes,Fiber optic,No,No,Yes,Yes,Yes,Yes,One year,Yes,Electronic check,118.75,6067.06,No
2230-NXVC,Female,1,No,Yes,69,No,No phone service,Fiber optic,Yes,No,No,No,No,Yes,Two year,No,Bank transfer (automatic),79.14,5461.29,No
2910-SYLB,Male,1,Yes,Yes,48,Yes,Yes,Fiber optic,Yes,No,Yes,Yes,No,Yes,One year,Yes,Bank transfer (automatic),118.75,5714.91,No
8970-RATU,Male,0,Yes,Yes,22,Yes,Yes,Fiber optic,No,Yes,No,No,No,Yes,One year,Yes,Bank transfer (automatic),108.13,2333.8,No
3757-EASA,Male,0,Yes,No,20,Yes,Yes,DSL,No,Yes,No,Yes,No,No,Two year,Yes,Bank transfer (automatic),86.01,1733.34,No
7362-UUPL,Female,0,No,Yes,7,Yes,No,Fiber optic,Yes,Yes,Yes,No,No,Yes,One year,Yes,Electronic check,114.67,811.98,No
1060-VHZP,Female,0,No,Yes,53,Yes,Yes,DSL,No,No,No,Yes,No,No,Two year,Yes,Bank transfer (automatic),78.21,4170.61,No
1585-KQYW,Female,0,No,No,13,Yes,Yes,Fiber optic,No,No,No,Yes,No,Yes,Two year,Yes,Credit card (automatic),113.32,1450.4,No
4462-LUGL,Male,0,Yes,Yes,30,Yes,No,Fiber optic,No,Yes,Yes,Yes,No,No,Month-to-month,Yes,Electronic check,101.05,3031.95,Yes
6966-BNMD,Female,0,No,Yes,50,No,No phone service,Fiber optic,No,No,No,Yes,Yes,No,One year,No,Credit card (automatic),84.62,4259.04,No
6325-NPGS,Female,1,Yes,Yes,61,Yes,Yes,Fiber optic,No,No,No,Yes,Yes,Yes,One year,Yes,Credit card (automatic),118.75,7275.93,No
1001-JRQE,Male,0,No,No,17,Yes,No,Fiber optic,Yes,No,No,No,Yes,No,Month-to-month,No,Mailed check,99.01,1652.94,Yes
2861-VITA,Male,0,Yes,No,46,Yes,No,Fiber optic,Yes,Yes,Yes,Yes,No,Yes,Two year,No,Electronic check,118.75,5459.88,No
1437-OUZF,Male,0,Yes,Yes,51,Yes,Yes,Fiber optic,No,Yes,Yes,No,No,Yes,Month-to-month,Yes,Credit card (automatic),118.75,6035.94,No
9081-FMAW,Female,0,No,No,36,No,No phone service,DSL,No,No,No,No,Yes,No,Two year,Yes,Electronic check,58.28,2080.45,No
7678-ZMGO,Female,0,Yes,No,29,Yes,Yes,Fiber optic,Yes,Yes,No,Yes,Yes,No,Two year,No,Credit card (automatic),118.75,3419.24,No
2067-ZAOD,Female,0,Yes,No,29,Yes,Yes,Fiber optic,Yes,No,No,No,Yes,No,Month-to-month,Yes,Mailed check,104.25,2987.61,Yes
9758-YEBW,Male,0,No,No,47,Yes,No,Fiber optic,No,Yes,No,No,Yes,Yes,Month-to-month,Yes,Bank transfer (automatic),107.26,5044.36,Yes
8776-PWFW,Female,0,Yes,No,38,No,No phone service,DSL,No,Yes,Yes,No,No,No,Month-to-month,Yes,Electronic check,63.55,2388.4,Yes
4791-NZCO,Male,0,No,Yes,26,Yes,Yes,Fiber optic,No,No,No,No,No,No,Two year,No,Mailed check,91.27,2357.35,No
3460-BAII,Female,0,Yes,No,15,Yes,Yes,Fiber optic,No,Yes,No,No,No,Yes,One year,No,Electronic check,107.62,1627.55,No
7726-CZRK,Female,0,Yes,No,31,Yes,No,DSL,Yes,No,No,Yes,Yes,No,One year,Yes,Electronic check,88.97,2775.73,No
1616-ANTF,Female,0,No,No,28,Yes,No,No,No internet service,No internet service,No internet service,No internet service,No internet service,No internet service,Month-to-month,No,Mailed check,35.2,1008.79,No
4174-JGZB,Female,0,No,No,51,Yes,No,No,No internet service,No internet service,No internet service,No internet service,No internet service,No internet service,Month-to-month,Yes,Credit card (automatic),31.96,1608.83,No
9861-DUQA,Female,0,Yes,Yes,14,Yes,No,DSL,Yes,Yes,No,No,Yes,Yes,Month-to-month,Yes,Electronic check,93.0,1302.24,Yes
5078-JSLX,Male,1,No,Yes,43,Yes,Yes,Fiber optic,No,Yes,No,Yes,Yes,No,Two year,No,Electronic check,116.95,5010.19,No
9911-IOQN,Male,0,No,No,22,Yes,Yes,Fiber optic,No,No,No,No,No,No,Month-to-month,Yes,Electronic check,93.36,2031.92,Yes
5593-ZBDR,Female,0,No,No,47,Yes,No,DSL,Yes,Yes,No,No,No,No,Month-to-month,Yes,Credit card (automatic),72.87,3432.4,No
8366-MOYW,Female,0,Yes,No,22,Yes,Yes,Fiber optic,No,No,Yes,No,No,Yes,One year,Yes,Credit card (automatic),108.12,2349.61,No
7587-VZAK,Male,0,Yes,No,70,Yes,No,Fiber optic,No,No,No,No,Yes,No,Month-to-month,No,Credit card (automatic),90.04,6272.62,No
3121-YEPK,Female,0,Yes,Yes,13,Yes,Yes,No,No internet service,No internet service,No internet service,No internet service,No internet service,No internet service,Month-to-month,Yes,Electronic check,49.48,638.54,No
4188-FIMX,Male,0,Yes,No,72,Yes,No,Fiber optic,Yes,No,No,Yes,No,Yes,Month-to-month,Yes,Electronic check,103.18,7453.57,No
5704-QXEY,Female,0,Yes,No,53,Yes,No,Fiber optic,Yes,No,Yes,No,No,Yes,Month-to-month,Yes,Electronic check,105.84,5617.32,Yes
4201-YXID,Female,0,Yes,No,69,Yes,No,Fiber optic,No,Yes,No,No,No,No,One year,Yes,Bank transfer (automatic),86.03,5933.14,No
5212-RPHZ,Male,0,No,No,42,Yes,Yes,DSL,Yes,No,No,Yes,No,No,Two year,No,Electronic check,84.26,3561.02,No
2738-UURW,Male,0,No,No,44,Yes,No,DSL,No,No,No,No,No,No,Two year,No,Mailed check,59.86,2627.69,No
1924-XJMQ,Female,0,Yes,Yes,21,Yes,No,DSL,Yes,No,No,No,Yes,Yes,Month-to-month,Yes,Electronic check,93.17,1902.88,Yes
3321-JPTE,Male,0,No,Yes,60,Yes,No,DSL,No,Yes,No,No,Yes,No,Month-to-month,Yes,Electronic check,79.94,4766.04,No
1556-RQIN,Male,1,No,Yes,17,Yes,Yes,DSL,Yes,Yes,Yes,No,No,No,Two year,No,Bank transfer (automatic),88.89,1502.48,No
4504-DRTX,Female,0,Yes,No,43,Yes,Yes,DSL,No,No,No,Yes,No,Yes,Month-to-month,Yes,Electronic check,87.22,3740.6,No
9055-OKLI,Female,0,Yes,No,72,Yes,Yes,No,No internet service,No internet service,No internet service,No internet service,No internet service,No internet service,Month-to-month,No,Electronic check,44.22,3188.86,No
8246-OEWS,Female,0,Yes,Yes,17,Yes,Yes,Fiber optic,No,No,Yes,No,Yes,Yes,Month-to-month,Yes,Electronic check,118.75,2051.31,Yes
3905-TZYZ,Female,0,No,No,56,Yes,Yes,Fiber optic,No,No,No,No,No,No,Two year,Yes,Mailed check,88.8,5005.34,No
1153-NQRU,Male,1,Yes,Yes,14,Yes,Yes,DSL,No,No,Yes,No,Yes,Yes,Month-to-month,No,Mailed check,96.47,1338.62,No
1786-QLAL,Female,0,Yes,Yes,72,Yes,No,No,No internet service,No internet service,No internet service,No internet service,No internet service,No internet service,Month-to-month,No,Mailed check,32.6,2335.17,No
5272-XCKQ,Female,0,Yes,No,57,Yes,Yes,DSL,No,Yes,No,Yes,No,Yes,Two year,Yes,Credit card (automatic),99.3,5671.22,No
9857-CHTD,Male,0,No,No,1,Yes,Yes,DSL,No,No,No,Yes,Yes,Yes,Month-to-month,No,Mailed check,96.57,111.98,Yes
9052-VGNN,Male,0,No,No,13,Yes,Yes,Fiber optic,Yes,No,No,No,Yes,No,Month-to-month,Yes,Electronic check,111.56,1401.22,Yes
8011-PXVA,Female,0,Yes,No,20,Yes,No,DSL,No,No,Yes,Yes,No,Yes,Month-to-month,No,Electronic check,89.14,1768.85,No
7704-YJVP,Female,0,Yes,No,42,Yes,Yes,DSL,No,Yes,Yes,Yes,Yes,Yes,Month-to-month,No,Bank transfer (automatic),112.32,4726.75,No
1143-ZHGF,Male,0,No,No,44,Yes,No,Fiber optic,No,Yes,No,Yes,No,No,One year,No,Credit card (automatic),93.06,4102.45,No
7031-TPGI,Female,1,No,No,33,Yes,No,DSL,Yes,No,No,Yes,Yes,No,Month-to-month,No,Bank transfer (automatic),83.24,2731.45,No
3713-ZNGA,Male,0,No,No,70,Yes,Yes,No,No internet service,No internet service,No internet service,No internet service,No internet service,No internet service,Month-to-month,No,Credit card (automatic),46.14,3238.12,No
5633-YMTC,Male,0,No,No,11,Yes,Yes,DSL,No,No,No,No,No,No,Month-to-month,No,Bank transfer (automatic),72.82,786.38,Yes
6555-DZKB,Male,0,Yes,No,6,Yes,No,No,No internet service,No internet service,No internet service,No internet service,No internet service,No internet service,Month-to-month,No,Credit card (automatic),37.3,218.37,No
1397-LQLZ,Female,0,Yes,No,68,Yes,Yes,No,No internet service,No internet service,No internet service,No internet service,No internet service,No internet service,One year,No,Electronic check,44.69,3026.28,No
9747-AMNX,Female,0,No,Yes,27,No,No phone service,Fiber optic,Yes,Yes,Yes,No,No,No,Month-to-month,No,Electronic check,83.98,2296.08,Yes
3941-BLZU,Male,1,Yes,Yes,24,Yes,Yes,DSL,No,No,Yes,No,No,Yes,One year,No,Bank transfer (automatic),85.71,2062.5,No
8067-PDHB,Female,0,Yes,No,65,Yes,Yes,No,No internet service,No internet service,No internet service,No internet service,No internet service,No internet service,Month-to-month,Yes,Mailed check,45.81,2969.48,No
2480-WOMW,Male,1,Yes,No,50,Yes,Yes,Fiber optic,No,Yes,No,No,No,No,Two year,Yes,Mailed check,93.92,4750.2,No
7447-BTTN,Female,0,Yes,No,72,Yes,No,Fiber optic,Yes,No,Yes,No,No,Yes,Month-to-month,Yes,Mailed check,105.16,7562.82,No
5994-WLHB,Female,0,Yes,No,33,No,No phone service,DSL,Yes,No,Yes,Yes,No,Yes,Month-to-month,Yes,Electronic check,80.99,2670.56,No
9269-PSBL,Male,0,No,No,45,Yes,Yes,Fiber optic,No,Yes,No,Yes,No,No,Month-to-month,No,Credit card (automatic),105.66,4740.83,Yes
2532-NFMD,Female,0,Yes,No,46,Yes,Yes,Fiber optic,Yes,No,Yes,No,Yes,No,Month-to-month,Yes,Mailed check,115.79,5330.68,Yes
1277-RLTV,Female,1,Yes,No,31,Yes,No,Fiber optic,No,No,Yes,No,No,Yes,Month-to-month,No,Electronic check,101.45,3117.04,Yes
4122-HGPS,Female,0,Yes,Yes,11,Yes,Yes,No,No internet service,No internet service,No internet service,No internet service,No internet service,No internet service,Month-to-month,Yes,Electronic check,40.79,441.03,Yes
2797-TUKE,Male,0,No,No,18,Yes,Yes,No,No internet service,No internet service,No internet service,No internet service,No internet service,No internet service,Two year,No,Mailed check,45.64,871.5,No
1815-GEKO,Female,0,No,No,46,Yes,No,No,No internet service,No internet service,No internet service,No internet service,No internet service,No internet service,One year,No,Electronic check,36.67,1658.23,No
2410-ZEWU,Male,0,Yes,No,37,Yes,Yes,No,No internet service,No internet service,No internet service,No internet service,No internet service,No internet service,One year,Yes,Credit card (automatic),41.64,1557.34,No
4364-IOCF,Female,0,Yes,Yes,9,No,No phone service,No,No internet service,No internet service,No internet service,No internet service,No internet service,No internet service,One year,No,Credit card (automatic),22.74,227.35,No
5500-HUYK,Female,0,No,Yes,9,Yes,No,Fiber optic,Yes,Yes,Yes,No,No,No,Two year,Yes,Electronic check,103.01,941.37,No
5517-HJXC,Female,1,Yes,No,40,Yes,Yes,DSL,Yes,No,Yes,Yes,No,No,One year,No,Credit card (automatic),95.27,3778.35,No
5726-NWNJ,Male,0,No,Yes,54,Yes,Yes,Fiber optic,Yes,No,No,No,No,No,Month-to-month,Yes,Bank transfer (automatic),99.19,5369.62,No
4723-FLWN,Male,0,No,No,70,Yes,No,Fiber optic,Yes,Yes,No,No,Yes,No,Month-to-month,Yes,Electronic check,108.94,7621.36,Yes
1545-IJZQ,Male,0,Yes,No,42,Yes,No,Fiber optic,No,Yes,No,Yes,No,No,Month-to-month,Yes,Electronic check,94.99,3993.67,Yes
1882-ALGD,Female,1,No,Yes,37,Yes,No,DSL,Yes,Yes,Yes,Yes,No,No,Two year,Yes,Mailed check,95.71,3557.04,No
6204-VYDR,Female,0,Yes,No,26,Yes,Yes,Fiber optic,No,No,No,No,No,No,Month-to-month,No,Bank transfer (automatic),86.19,2247.28,Yes
3244-SBLQ,Female,0,Yes,No,31,Yes,No,DSL,Yes,Yes,No,No,Yes,Yes,One year,No,Electronic check,99.03,3101.87,No
9521-BFHS,Male,0,Yes,No,70,Yes,No,No,No internet service,No internet service,No internet service,No internet service,No internet service,No internet service,Month-to-month,Yes,Credit card (automatic),33.43,2341.24,No
4518-YLIB,Female,0,No,No,47,No,No phone service,No,No internet service,No internet service,No internet service,No internet service,No internet service,No internet service,Month-to-month,Yes,Electronic check,21.75,999.07,No
3567-ZKUD,Female,0,Yes,No,25,Yes,No,No,No internet service,No internet service,No internet service,No internet service,No internet service,No internet service,Two year,No,Electronic check,34.34,873.09,No
2545-UTPH,Male,0,Yes,No,57,Yes,Yes,Fiber optic,No,No,No,No,No,No,Two year,Yes,Mailed check,91.55,5184.99,No
7947-JLNP,Female,0,Yes,No,23,Yes,Yes,Fiber optic,Yes,No,Yes,No,Yes,No,Month-to-month,Yes,Mailed check,118.75,2743.05,Yes
8124-VULR,Male,0,No,No,53,Yes,No,No,No internet service,No internet service,No internet service,No internet service,No internet service,No internet service,One year,Yes,Electronic check,36.1,1909.07,No
9669-GTXW,Female,0,Yes,Yes,45,Yes,No,Fiber optic,No,No,No,Yes,Yes,No,Month-to-month,Yes,Mailed check,96.51,4336.08,Yes
6413-VLVL,Female,0,Yes,No,57,Yes,Yes,Fiber optic,Yes,No,Yes,No,Yes,Yes,Month-to-month,No,Bank transfer (automatic),118.75,6763.87,No
6961-WZFQ,Female,0,No,No,31,No,No phone service,No,No internet service,No internet service,No internet service,No internet service,No internet service,No internet service,Two year,Yes,Electronic check,21.09,631.59,No
9433-FXSJ,Female,0,No,No,15,Yes,Yes,Fiber optic,Yes,No,No,No,No,No,Two year,Yes,Credit card (automatic),97.45,1475.35,No
9084-XFUY,Female,0,No,No,69,Yes,Yes,DSL,Yes,Yes,No,No,No,No,Month-to-month,Yes,Mailed check,79.22,5475.29,No
3007-ARXY,Male,0,Yes,No,64,Yes,No,Fiber optic,Yes,Yes,No,No,Yes,No,Month-to-month,No,Mailed check,106.89,6822.58,No
1755-LPJJ,Female,0,No,Yes,12,Yes,No,Fiber optic,No,No,Yes,No,No,Yes,Month-to-month,Yes,Mailed check,95.73,1154.64,Yes
9301-YTJJ,Female,0,Yes,No,5,Yes,No,DSL,Yes,Yes,No,Yes,Yes,No,Month-to-month,Yes,Bank transfer (automatic),95.0,474.34,Yes
9216-KWBY,Male,0,Yes,Yes,11,Yes,Yes,DSL,Yes,Yes,No,Yes,No,Yes,One year,Yes,Electronic check,108.52,1174.01,No
9371-HWGH,Male,0,No,No,8,Yes,Yes,Fiber optic,Yes,No,Yes,No,Yes,Yes,Two year,No,Credit card (automatic),118.75,943.72,No
7401-ROAE,Male,1,No,No,58,Yes,No,No,No internet service,No internet service,No internet service,No internet service,No internet service,No internet service,Month-to-month,No,Electronic check,34.68,2015.39,No
8393-TCSR,Female,1,No,No,66,Yes,No,DSL,No,No,No,No,No,Yes,One year,No,Electronic check,73.58,4845.59,No
8164-VRNX,Male,0,No,No,23,Yes,Yes,Fiber optic,No,Yes,No,No,No,Yes,Month-to-month,No,Electronic check,109.55,2492.39,Yes
7727-LUJW,Male,0,No,No,14,Yes,No,DSL,No,Yes,No,Yes,Yes,Yes,Month-to-month,No,Bank transfer (automatic),98.94,1414.23,No
9627-QKBZ,Male,0,Yes,No,62,Yes,Yes,No,No internet service,No internet service,No internet service,No internet service,No internet service,No internet service,Month-to-month,Yes,Bank transfer (automatic),41.96,2615.33,No
4235-AOMH,Male,0,No,No,49,Yes,Yes,Fiber optic,No,No,No,Yes,No,No,Month-to-month,Yes,Electronic check,99.35,4819.73,No
6720-DJSR,Female,0,Yes,No,20,Yes,No,DSL,No,No,No,No,No,Yes,Month-to-month,No,Credit card (automatic),68.76,1393.56,No
5957-SZWV,Male,0,No,No,0,Yes,No,Fiber optic,No,No,No,Yes,No,Yes,Two year,No,Credit card (automatic),100.38, ,No
6839-ALXB,Male,0,Yes,No,10,Yes,No,DSL,Yes,No,No,Yes,No,No,Month-to-month,No,Electronic check,79.47,779.08,Yes
2927-RYPE,Female,0,Yes,No,66,Yes,No,Fiber optic,Yes,Yes,Yes,No,No,No,Month-to-month,Yes,Mailed check,100.87,6652.81,No
6533-VMSC,Female,0,No,Yes,21,Yes,Yes,Fiber optic,Yes,Yes,No,No,Yes,No,Month-to-month,No,Mailed check,113.32,2424.26,Yes
7233-HZZL,Male,0,Yes,Yes,6,Yes,No,Fiber optic,Yes,Yes,No,Yes,No,No,Two year,Yes,Electronic check,103.61,606.29,No
2131-RMEV,Female,0,No,No,48,No,No phone service,DSL,Yes,Yes,Yes,No,No,No,Two year,Yes,Bank transfer (automatic),71.99,3449.23,No
6092-GZZX,Male,0,No,No,0,Yes,Yes,Fiber optic,Yes,No,Yes,Yes,No,Yes,One year,Yes,Credit card (automatic),118.75, ,No
7159-WHIO,Female,0,Yes,No,64,Yes,No,No,No internet service,No internet service,No internet service,No internet service,No internet service,No internet service,One year,Yes,Bank transfer (automatic),35.32,2298.05,No
4044-MEKJ,Female,0,No,No,62,Yes,No,Fiber optic,Yes,No,No,Yes,No,No,Two year,No,Credit card (automatic),92.4,5731.91,No
3892-IUNR,Male,0,No,No,63,Yes,Yes,Fiber optic,Yes,No,Yes,No,No,No,Month-to-month,Yes,Mailed check,106.65,6698.41,No
1654-JXGH,Female,0,No,Yes,25,Yes,Yes,Fiber optic,Yes,No,Yes,No,No,No,Month-to-month,Yes,Electronic check,101.27,2522.16,Yes
9446-OPDU,Female,0,No,No,16,Yes,No,Fiber optic,No,No,Yes,Yes,No,No,Two year,Yes,Credit card (automatic),96.52,1530.09,No
7154-LZEW,Male,0,Yes,No,10,Yes,No,DSL,No,Yes,Yes,No,No,No,Month-to-month,Yes,Credit card (automatic),80.02,793.61,Yes
6972-PMMQ,Male,1,Yes,Yes,66,Yes,No,No,No internet service,No internet service,No internet service,No internet service,No internet service,No internet service,Month-to-month,Yes,Mailed check,40.02,2617.9,No
5314-GHMW,Female,0,Yes,No,9,Yes,Yes,No,No internet service,No internet service,No internet service,No internet service,No internet service,No internet service,Two year,No,Electronic check,41.79,417.14,No
3682-PDHP,Female,0,Yes,No,65,Yes,Yes,Fiber optic,No,Yes,No,Yes,No,Yes,One year,Yes,Electronic check,114.67,7435.23,No
7964-JYLL,Male,0,No,No,31,Yes,No,No,No internet service,No internet service,No internet service,No internet service,No internet service,No internet service,Month-to-month,Yes,Mailed check,34.03,1048.43,No
5452-PAIL,Female,0,Yes,No,15,Yes,Yes,Fiber optic,No,No,No,Yes,No,Yes,Month-to-month,Yes,Electronic check,108.4,1612.05,Yes
4908-VTVX,Male,0,No,No,25,Yes,No,DSL,No,No,Yes,No,No,No,Month-to-month,No,Mailed check,69.69,1751.2,No
1098-EBNB,Female,0,No,No,55,Yes,Yes,Fiber optic,Yes,Yes,No,Yes,Yes,Yes,Month-to-month,Yes,Bank transfer (automatic),118.75,6537.44,No
2868-GJMP,Female,0,Yes,No,8,Yes,No,Fiber optic,Yes,No,No,Yes,No,No,Month-to-month,No,Mailed check,98.3,807.39,Yes
9761-NKJF,Male,0,Yes,No,4,Yes,Yes,DSL,Yes,No,No,Yes,No,No,One year,Yes,Credit card (automatic),86.47,352.0,No
3883-UAGX,Male,0,No,Yes,6,Yes,No,Fiber optic,Yes,No,No,No,Yes,Yes,Month-to-month,Yes,Electronic check,112.72,659.41,Yes
2223-ESJK,Female,0,No,No,64,Yes,Yes,Fiber optic,Yes,Yes,No,No,Yes,No,Two year,Yes,Credit card (automatic),113.48,7258.21,No
7520-OFOE,Female,0,No,No,11,Yes,No,DSL,No,No,No,No,Yes,No,Month-to-month,Yes,Electronic check,68.96,781.37,Yes
9412-SVSJ,Female,0,Yes,No,47,Yes,No,Fiber optic,No,Yes,Yes,Yes,Yes,No,Month-to-month,Yes,Mailed check,118.75,5597.95,Yes
6515-VDRP,Female,0,Yes,No,71,Yes,No,No,No internet service,No internet service,No internet service,No internet service,No internet service,No internet service,Month-to-month,No,Bank transfer (automatic),30.65,2157.58,No
9167-DYWL,Male,0,No,No,24,Yes,Yes,Fiber optic,No,No,No,No,No,Yes,Month-to-month,No,Bank transfer (automatic),100.6,2376.47,Yes
4681-DECI,Female,0,Yes,Yes,12,Yes,No,DSL,No,Yes,No,Yes,No,Yes,Two year,No,Electronic check,86.26,1064.4,No
1572-URKC,Female,0,No,No,40,Yes,No,Fiber optic,Yes,No,Yes,No,Yes,Yes,Month-to-month,Yes,Electronic check,117.76,4689.57,Yes
6629-YWBI,Male,0,Yes,No,9,Yes,Yes,No,No internet service,No internet service,No internet service,No internet service,No internet service,No internet service,One year,No,Electronic check,40.03,346.1,No
2997-DIMR,Male,0,No,No,39,Yes,No,Fiber optic,Yes,No,Yes,No,Yes,No,One year,No,Electronic check,100.7,3944.54,No
4407-LTEB,Male,0,Yes,No,32,Yes,No,DSL,Yes,No,No,No,No,No,Month-to-month,Yes,Electronic check,69.42,2203.02,Yes
3793-AGZQ,Female,0,No,No,34,Yes,No,No,No internet service,No internet service,No internet service,No internet service,No internet service,No internet service,Month-to-month,No,Bank transfer (automatic),36.19,1222.46,No
3415-XCNJ,Male,0,No,Yes,36,No,No phone service,Fiber optic,No,No,No,No,Yes,Yes,Month-to-month,Yes,Bank transfer (automatic),81.96,2937.55,Yes
9102-ZQFW,Male,0,No,Yes,15,Yes,No,No,No internet service,No internet service,No internet service,No internet service,No internet service,No internet service,One year,Yes,Electronic check,39.27,564.12,No
2173-DQID,Female,0,Yes,No,71,Yes,Yes,Fiber optic,Yes,Yes,No,No,Yes,No,Month-to-month,Yes,Electronic check,118.75,8417.21,Yes
3262-BQXH,Male,0,Yes,Yes,32,Yes,No,DSL,No,No,Yes,No,Yes,Yes,Month-to-month,Yes,Mailed check,85.73,2741.68,No
1246-OOHP,Male,0,Yes,No,52,Yes,No,Fiber optic,No,No,No,Yes,Yes,No,Month-to-month,No,Credit card (automatic),100.96,5247.64,No
6930-BWXQ,Female,1,No,No,34,Yes,No,DSL,No,No,Yes,Yes,No,No,One year,Yes,Mailed check,77.14,2626.66,No
7617-PYOM,Male,0,No,No,54,Yes,Yes,Fiber optic,No,Yes,No,Yes,No,Yes,Month-to-month,Yes,Bank transfer (automatic),115.9,6266.74,No
8054-DPLD,Female,0,No,No,16,Yes,No,No,No internet service,No internet service,No internet service,No internet service,No internet service,No internet service,Month-to-month,Yes,Electronic check,35.26,559.13,No
1706-VQVR,Male,0,Yes,No,26,Yes,Yes,Fiber optic,Yes,Yes,Yes,Yes,No,Yes,Month-to-month,Yes,Credit card (automatic),118.75,3051.69,Yes
9945-WQLW,Male,0,No,Yes,20,No,No phone service,Fiber optic,No,Yes,No,Yes,Yes,No,Month-to-month,Yes,Credit card (automatic),93.67,1877.41,Yes
6588-XDLZ,Male,0,Yes,No,20,Yes,Yes,No,No internet service,No internet service,No internet service,No internet service,No internet service,No internet service,Month-to-month,Yes,Credit card (automatic),44.22,891.91,No
4317-UTOW,Female,0,Yes,No,16,Yes,No,DSL,Yes,Yes,No,No,No,Yes,Two year,No,Electronic check,92.89,1486.6,No
7811-PEUO,Male,0,No,No,26,Yes,No,Fiber optic,No,No,Yes,No,No,No,Two year,No,Mailed check,81.95,2122.73,No
4057-EMSM,Male,0,Yes,Yes,47,Yes,Yes,Fiber optic,No,No,No,No,No,Yes,Two year,No,Electronic check,101.5,4780.84,No
7349-DDTT,Male,1,No,No,43,Yes,Yes,No,No internet service,No internet service,No internet service,No internet service,No internet service,No internet service,Two year,Yes,Credit card (automatic),41.61,1793.67,No
9210-MLGY,Male,0,No,No,35,Yes,Yes,DSL,No,No,No,No,No,No,Two year,Yes,Electronic check,69.21,2402.97,No
7571-UDBB,Female,0,No,Yes,27,Yes,No,Fiber optic,No,No,No,No,Yes,No,Month-to-month,No,Bank transfer (automatic),86.59,2311.57,Yes
7468-WJJI,Male,0,No,No,24,Yes,No,DSL,Yes,Yes,No,No,No,Yes,One year,No,Electronic check,84.1,2033.27,No
1452-ZJJF,Male,0,Yes,No,72,Yes,No,Fiber optic,No,No,No,No,Yes,No,Month-to-month,No,Credit card (automatic),88.97,6433.1,No
9154-SUHA,Male,0,No,No,46,No,No phone service,Fiber optic,No,No,No,No,No,Yes,Month-to-month,No,Electronic check,76.24,3554.24,Yes
7747-QGNU,Male,0,Yes,No,22,Yes,No,No,No internet service,No internet service,No internet service,No internet service,No internet service,No internet service,One year,Yes,Electronic check,36.29,810.29,No
8892-QIQE,Female,0,Yes,No,49,Yes,Yes,DSL,No,No,Yes,No,Yes,No,Month-to-month,No,Electronic check,85.55,4197.85,No
4129-YTHF,Female,0,No,No,64,Yes,Yes,Fiber optic,No,Yes,No,Yes,No,Yes,Two year,No,Credit card (automatic),115.9,7421.78,No
8338-SDRA,Female,0,No,No,15,Yes,No,DSL,Yes,No,No,No,Yes,No,Month-to-month,Yes,Credit card (automatic),82.12,1210.62,No
6111-AKQD,Male,1,Yes,No,49,Yes,No,DSL,Yes,No,Yes,Yes,No,No,Two year,No,Bank transfer (automatic),84.54,4144.86,No
6497-LJFY,Female,0,Yes,Yes,12,No,No phone service,Fiber optic,No,Yes,Yes,No,No,No,One year,Yes,Credit card (automatic),84.41,1074.73,No
5992-GZUP,Female,0,No,Yes,34,Yes,Yes,No,No internet service,No internet service,No internet service,No internet service,No internet service,No internet service,Two year,No,Credit card (automatic),48.18,1655.93,No
4443-TFVY,Female,0,Yes,Yes,31,Yes,Yes,DSL,Yes,Yes,No,Yes,No,No,Month-to-month,Yes,Bank transfer (automatic),93.52,2917.37,No
9347-EXUR,Male,0,No,Yes,24,Yes,Yes,DSL,No,No,Yes,No,No,Yes,One year,Yes,Electronic check,85.14,2033.92,No
6724-SAAM,Male,0,Yes,No,42,Yes,Yes,DSL,Yes,Yes,Yes,Yes,Yes,No,Month-to-month,Yes,Electronic check,115.15,4841.78,No
2410-JUCI,Female,0,Yes,Yes,27,Yes,No,Fiber optic,No,Yes,No,Yes,No,No,Month-to-month,No,Electronic check,95.95,2587.58,Yes
1551-CYMF,Male,0,No,No,65,Yes,No,DSL,Yes,No,No,Yes,No,No,Month-to-month,Yes,Electronic check,75.01,4872.31,No
5076-WTTL,Male,1,No,No,66,Yes,No,No,No internet service,No internet service,No internet service,No internet service,No internet service,No internet service,Two year,Yes,Electronic check,34.64,2261.73,No
5052-XWPW,Male,0,No,No,32,Yes,Yes,Fiber optic,No,Yes,No,Yes,Yes,Yes,Two year,No,Electronic check,118.75,3771.26,No
6490-UMQW,Female,0,No,No,46,Yes,Yes,DSL,No,Yes,Yes,Yes,No,No,Month-to-month,Yes,Mailed check,101.01,4643.18,No
3248-QBSS,Male,0,Yes,No,34,Yes,Yes,Fiber optic,No,No,Yes,No,Yes,Yes,Month-to-month,Yes,Credit card (automatic),116.89,3940.46,Yes
9695-GVJJ,Male,0,No,No,63,Yes,Yes,Fiber optic,No,No,Yes,No,No,Yes,Two year,Yes,Electronic check,108.13,6795.36,No
1314-TIQO,Female,0,Yes,No,11,No,No phone service,No,No internet service,No internet service,No internet service,No internet service,No internet service,No internet service,Month-to-month,Yes,Electronic check,18.25,215.98,Yes
9449-DSQE,Male,0,No,No,52,Yes,No,No,No internet service,No internet service,No internet service,No internet service,No internet service,No internet service,Month-to-month,Yes,Mailed check,31.07,1635.79,No
6585-UVGQ,Male,0,Yes,No,43,Yes,No,No,No internet service,No internet service,No internet service,No internet service,No internet service,No internet service,One year,Yes,Bank transfer (automatic),36.69,1606.33,No
6670-DHMD,Female,1,Yes,No,45,Yes,Yes,Fiber optic,Yes,Yes,No,No,No,Yes,Month-to-month,No,Electronic check,113.5,5101.0,Yes
7117-YELD,Female,0,Yes,No,10,Yes,No,DSL,No,Yes,No,Yes,No,Yes,One year,Yes,Mailed check,88.59,889.1,No
3775-IDSX,Male,0,No,No,69,Yes,No,Fiber optic,No,No,Yes,Yes,Yes,No,Month-to-month,Yes,Electronic check,109.98,7609.03,No
5109-ERJY,Male,1,Yes,Yes,45,Yes,No,Fiber optic,No,No,Yes,Yes,No,No,One year,Yes,Electronic check,94.99,4268.93,No
1722-LRQX,Male,0,No,No,58,Yes,Yes,No,No internet service,No internet service,No internet service,No internet service,No internet service,No internet service,Two year,Yes,Electronic check,45.89,2678.77,No
6398-QAOI,Female,0,Yes,No,58,Yes,No,DSL,No,Yes,Yes,No,Yes,No,Two year,No,Credit card (automatic),86.25,5018.57,No
1919-CVSM,Female,0,Yes,No,33,Yes,No,Fiber optic,No,Yes,Yes,No,Yes,No,Two year,No,Electronic check,110.64,3653.84,No
2099-TAUQ,Male,0,Yes,No,20,Yes,No,Fiber optic,Yes,No,No,No,Yes,No,Month-to-month,Yes,Bank transfer (automatic),95.7,1904.63,Yes
7784-JOGV,Male,0,Yes,No,71,Yes,Yes,Fiber optic,No,Yes,Yes,No,No,Yes,Two year,No,Electronic check,110.52,7834.35,No
8194-RGQR,Male,1,No,No,51,Yes,Yes,DSL,No,No,No,No,No,No,Month-to-month,Yes,Credit card (automatic),69.8,3546.75,No
2502-BGDR,Male,0,No,Yes,47,Yes,No,No,No internet service,No internet service,No internet service,No internet service,No internet service,No internet service,Two year,Yes,Electronic check,35.45,1671.34,No
7654-IINH,Female,1,No,No,18,Yes,No,No,No internet service,No internet service,No internet service,No internet service,No internet service,No internet service,Month-to-month,Yes,Mailed check,34.18,596.34,No
3594-REND,Male,0,Yes,Yes,3,Yes,No,DSL,No,No,No,No,No,Yes,Month-to-month,Yes,Electronic check,70.61,175.75,Yes
7310-TYLB,Female,0,No,Yes,31,Yes,Yes,Fiber optic,No,No,No,No,Yes,Yes,One year,Yes,Mailed check,106.6,3306.26,No
7378-NVWP,Female,0,Yes,No,27,Yes,No,Fiber optic,No,No,No,Yes,Yes,No,One year,No,Electronic check,96.94,2608.62,No
1403-FWDO,Female,0,No,Yes,57,Yes,No,No,No internet service,No internet service,No internet service,No internet service,No internet service,No internet service,Two year,Yes,Mailed check,35.29,2060.08,No
1087-YAGY,Male,0,Yes,No,40,Yes,No,DSL,No,No,No,Yes,Yes,No,Month-to-month,Yes,Bank transfer (automatic),79.2,3131.17,No
6470-LJEL,Female,0,No,No,32,Yes,Yes,Fiber optic,No,No,Yes,Yes,Yes,No,Month-to-month,Yes,Bank transfer (automatic),118.75,3806.11,Yes
5273-JFLG,Female,0,No,No,13,Yes,Yes,No,No internet service,No internet service,No internet service,No internet service,No internet service,No internet service,One year,Yes,Credit card (automatic),39.47,528.68,No
7606-LZQD,Male,1,Yes,No,52,Yes,Yes,DSL,Yes,No,No,No,No,No,Two year,No,Electronic check,75.93,3953.01,No
1317-ISWG,Male,0,Yes,Yes,41,Yes,No,No,No internet service,No internet service,No internet service,No internet service,No internet service,No internet service,Two year,Yes,Credit card (automatic),36.6,1507.95,No
1118-BFRF,Female,0,No,No,35,No,No phone service,No,No internet service,No internet service,No internet service,No internet service,No internet service,No internet service,Two year,Yes,Mailed check,21.56,763.29,No
4250-BLON,Male,0,Yes,No,24,No,No phone service,No,No internet service,No internet service,No internet service,No internet service,No internet service,No internet service,Month-to-month,No,Mailed check,22.39,550.97,No
5421-RERC,Female,0,No,No,51,Yes,Yes,DSL,Yes,Yes,No,No,No,Yes,Two year,No,Mailed check,98.17,4996.04,No
7658-VVJS,Male,0,No,Yes,39,Yes,No,DSL,No,Yes,No,No,No,No,Two year,Yes,Bank transfer (automatic),65.74,2584.52,No
1508-LPQG,Female,0,No,No,69,Yes,Yes,Fiber optic,Yes,No,Yes,Yes,No,No,Month-to-month,No,Mailed check,114.14,7888.06,No
6495-BDJG,Female,1,No,Yes,61,Yes,Yes,No,No internet service,No internet service,No internet service,No internet service,No internet service,No internet service,Month-to-month,No,Credit card (automatic),45.15,2749.77,No
7743-QTFS,Male,0,Yes,No,8,Yes,No,No,No internet service,No internet service,No internet service,No internet service,No internet service,No internet service,Month-to-month,Yes,Bank transfer (automatic),32.65,275.94,No
1324-JIMS,Male,0,Yes,No,68,Yes,Yes,Fiber optic,No,No,Yes,No,No,Yes,Month-to-month,Yes,Bank transfer (automatic),110.79,7546.27,No
4557-DXCC,Male,1,Yes,No,20,No,No phone service,Fiber optic,Yes,No,No,Yes,No,Yes,Two year,Yes,Electronic check,84.97,1717.31,No
8160-EHPV,Female,1,No,No,52,No,No phone service,DSL,No,No,Yes,No,No,No,Two year,Yes,Electronic check,50.22,2624.67,No
4127-LYHM,Female,1,No,Yes,69,Yes,No,Fiber optic,No,No,No,No,No,Yes,Month-to-month,Yes,Bank transfer (automatic),92.14,6360.07,No
4395-NNMF,Male,0,No,No,0,Yes,Yes,DSL,No,Yes,No,No,No,Yes,Month-to-month,Yes,Mailed check,85.11, ,Yes
6904-DHQC,Female,0,No,No,30,Yes,No,Fiber optic,Yes,No,No,Yes,Yes,No,Month-to-month,No,Bank transfer (automatic),108.63,3277.6,Yes
2872-IBYM,Male,0,No,Yes,44,Yes,Yes,Fiber optic,Yes,Yes,No,No,No,No,One year,Yes,Mailed check,103.31,4580.9,No
9257-TKZV,Female,0,No,No,27,Yes,No,Fiber optic,No,No,No,No,No,No,Two year,No,Credit card (automatic),80.78,2217.1,No
3486-CCZL,Female,1,Yes,No,2,Yes,Yes,Fiber optic,No,No,Yes,Yes,Yes,No,Two year,No,Bank transfer (automatic),113.45,256.01,No
9919-ETGG,Male,0,No,No,39,Yes,Yes,Fiber optic,Yes,No,No,No,Yes,Yes,Month-to-month,No,Credit card (automatic),115.93,4515.16,Yes
2036-IYUM,Male,0,No,No,3,Yes,No,Fiber optic,Yes,No,No,No,Yes,No,Two year,Yes,Credit card (automatic),99.03,308.36,No
8435-MXJA,Female,0,Yes,No,69,Yes,Yes,No,No internet service,No internet service,No internet service,No internet service,No internet service,No internet service,Month-to-month,Yes,Electronic check,43.08,2953.76,No
7183-VPMC,Female,0,Yes,No,11,Yes,No,DSL,Yes,Yes,Yes,Yes,Yes,No,Two year,Yes,Mailed check,97.44,1085.05,No
5354-XEZK,Female,0,Yes,Yes,61,Yes,No,DSL,Yes,Yes,Yes,No,Yes,No,Two year,Yes,Bank transfer (automatic),97.94,5991.18,No
3886-UXJJ,Female,0,No,Yes,70,Yes,No,DSL,Yes,Yes,Yes,No,Yes,No,Month-to-month,Yes,Electronic check,87.1,6071.63,No
6235-BCHK,Male,1,No,No,47,Yes,Yes,DSL,No,No,No,No,No,No,Month-to-month,No,Electronic check,71.64,3385.35,Yes
5934-MBFI,Male,0,Yes,Yes,6,No,No phone service,No,No internet service,No internet service,No internet service,No internet service,No internet service,No internet service,Month-to-month,Yes,Credit card (automatic),19.4,117.19,No
7559-TYBR,Male,0,No,No,56,Yes,Yes,DSL,No,Yes,Yes,Yes,No,No,Month-to-month,Yes,Electronic check,96.54,5386.03,No
7539-GGQM,Female,0,Yes,No,55,Yes,Yes,No,No internet service,No internet service,No internet service,No internet service,No internet service,No internet service,Month-to-month,Yes,Electronic check,40.87,2282.0,No
9060-WNFF,Female,0,No,No,66,Yes,No,No,No internet service,No internet service,No internet service,No internet service,No internet service,No internet service,Two year,Yes,Bank transfer (automatic),37.64,2539.01,No
3689-VTYO,Female,0,No,No,12,No,No phone service,DSL,Yes,No,No,Yes,Yes,No,Two year,Yes,Credit card (automatic),64.6,773.06,No
4932-HEQT,Female,1,No,No,51,No,No phone service,Fiber optic,No,No,No,Yes,No,No,Month-to-month,No,Credit card (automatic),73.22,3679.57,No
6408-VROE,Male,0,Yes,Yes,62,Yes,Yes,Fiber optic,Yes,No,Yes,Yes,No,No,One year,No,Mailed check,110.05,6809.28,No
3833-FVUE,Male,0,No,No,40,No,No phone service,No,No internet service,No internet service,No internet service,No internet service,No internet service,No internet service,One year,Yes,Credit card (automatic),18.25,684.57,No
8645-SJOJ,Male,0,Yes,No,22,Yes,No,DSL,Yes,No,No,No,Yes,No,One year,Yes,Bank transfer (automatic),78.24,1744.75,No
3735-LRWA,Female,0,Yes,Yes,46,Yes,No,No,No internet service,No internet service,No internet service,No internet service,No internet service,No internet service,One year,Yes,Credit card (automatic),29.95,1371.18,No
1821-FCBB,Male,0,Yes,No,64,Yes,Yes,No,No internet service,No internet service,No internet service,No internet service,No internet service,No internet service,Two year,No,Electronic check,46.27,2945.09,No
2932-IPEW,Male,0,No,Yes,30,Yes,No,Fiber optic,No,No,No,No,Yes,Yes,Month-to-month,Yes,Electronic check,100.39,3007.58,Yes
3790-MTXZ,Male,0,No,No,35,Yes,No,DSL,No,No,No,No,No,Yes,Month-to-month,Yes,Bank transfer (automatic),69.69,2429.98,No
7636-ZGJO,Male,0,No,No,13,Yes,No,DSL,Yes,No,Yes,No,No,Yes,Month-to-month,No,Electronic check,81.64,1062.64,Yes
1564-FEWB,Female,0,No,No,36,No,No phone service,No,No internet service,No internet service,No internet service,No internet service,No internet service,No internet service,One year,Yes,Bank transfer (automatic),21.15,743.79,No
4636-OZPS,Female,0,Yes,Yes,31,Yes,No,DSL,Yes,Yes,No,No,No,No,Month-to-month,No,Bank transfer (automatic),81.64,2535.53,No
2928-VZSG,Male,0,Yes,Yes,52,Yes,Yes,Fiber optic,Yes,Yes,Yes,No,No,No,One year,Yes,Bank transfer (automatic),115.84,6035.61,No
8170-XTKA,Male,0,No,No,27,Yes,Yes,DSL,Yes,Yes,No,No,No,Yes,Month-to-month,No,Mailed check,100.42,2652.51,No
2893-ZKAU,Male,0,Yes,No,64,Yes,Yes,No,No internet service,No internet service,No internet service,No internet service,No internet service,No internet service,One year,Yes,Electronic check,49.93,3179.63,No
8718-FNBD,Male,0,No,No,46,No,No phone service,Fiber optic,No,Yes,Yes,No,No,No,Month-to-month,Yes,Electronic check,72.55,3326.04,Yes
5042-ORAC,Male,0,No,No,70,Yes,No,No,No internet service,No internet service,No internet service,No internet service,No internet service,No internet service,Month-to-month,Yes,Electronic check,35.24,2489.56,No
4483-GAYK,Female,0,Yes,No,31,Yes,No,No,No internet service,No internet service,No internet service,No internet service,No internet service,No internet service,One year,No,Mailed check,31.89,992.27,No
8653-TCSB,Male,0,No,No,23,Yes,Yes,Fiber optic,Yes,Yes,No,No,No,No,Month-to-month,No,Electronic check,108.32,2453.74,Yes
5305-LJEI,Male,0,Yes,No,13,Yes,Yes,No,No internet service,No internet service,No internet service,No internet service,No internet service,No internet service,Month-to-month,Yes,Credit card (automatic),38.67,530.87,No
2211-FJRL,Male,1,Yes,Yes,46,No,No phone service,DSL,Yes,No,Yes,Yes,Yes,No,Month-to-month,Yes,Bank transfer (automatic),83.61,3843.3,No
1501-UQOF,Female,0,No,Yes,0,Yes,Yes,DSL,No,No,No,Yes,No,Yes,Two year,Yes,Bank transfer (automatic),83.66, ,No
4055-QCJE,Female,0,No,Yes,18,Yes,No,Fiber optic,No,No,No,No,Yes,No,Month-to-month,No,Electronic check,91.72,1658.33,Yes
6820-UMZF,Female,0,No,No,57,Yes,Yes,Fiber optic,No,Yes,Yes,Yes,No,Yes,Month-to-month,Yes,Mailed check,118.75,6795.75,No
3302-LZHE,Female,0,Yes,Yes,6,Yes,Yes,No,No internet service,No internet service,No internet service,No internet service,No internet service,No internet service,One year,No,Bank transfer (automatic),44.99,244.43,No
5366-PAPE,Female,0,No,Yes,63,Yes,No,No,No internet service,No internet service,No internet service,No internet service,No internet service,No internet service,Month-to-month,Yes,Mailed check,31.86,2017.83,No
9450-TOMX,Male,0,Yes,No,17,Yes,Yes,Fiber optic,Yes,Yes,No,No,Yes,Yes,Month-to-month,Yes,Credit card (automatic),118.75,1998.87,Yes
9399-WKUB,Male,0,Yes,No,62,Yes,No,No,No internet service,No internet service,No internet service,No internet service,No internet service,No internet service,Month-to-month,No,Bank transfer (automatic),41.09,2556.35,No
1437-FZZF,Female,0,No,No,67,Yes,No,DSL,No,Yes,Yes,No,No,Yes,One year,Yes,Bank transfer (automatic),86.94,5815.12,No
6336-KHHA,Female,0,Yes,No,49,Yes,No,DSL,No,No,Yes,No,Yes,No,Month-to-month,Yes,Electronic check,82.5,4060.04,No
9677-UHSV,Female,0,No,No,67,Yes,No,Fiber optic,No,Yes,Yes,No,No,No,Two year,No,Credit card (automatic),98.28,6570.05,No
2982-UXTH,Male,0,No,No,15,Yes,No,DSL,No,No,No,Yes,Yes,Yes,One year,No,Electronic check,90.21,1329.36,No
8225-NRYP,Female,0,Yes,No,13,Yes,Yes,DSL,Yes,Yes,No,Yes,Yes,Yes,Month-to-month,No,Electronic check,112.11,1469.58,No
6785-JVPD,Female,0,No,No,61,Yes,No,DSL,No,No,Yes,Yes,No,No,Month-to-month,Yes,Electronic check,74.38,4566.83,No
8532-VEVG,Female,0,Yes,Yes,6,No,No phone service,Fiber optic,No,No,Yes,No,No,Yes,Month-to-month,No,Credit card (automatic),88.66,538.12,Yes
4815-PFPF,Male,0,No,No,55,Yes,No,DSL,No,Yes,No,Yes,No,No,One year,Yes,Credit card (automatic),75.7,4187.57,No
5468-AYIY,Female,0,Yes,No,13,Yes,Yes,No,No internet service,No internet service,No internet service,No internet service,No internet service,No internet service,Two year,Yes,Credit card (automatic),45.78,575.42,No
5698-XMZS,Male,0,Yes,No,41,Yes,No,Fiber optic,Yes,No,No,No,No,No,Month-to-month,Yes,Electronic check,93.18,3794.66,Yes
2840-KHWE,Male,0,No,No,69,Yes,Yes,DSL,Yes,Yes,No,No,No,Yes,One year,Yes,Credit card (automatic),99.66,6863.11,No
7697-GJDI,Male,0,No,Yes,61,Yes,Yes,DSL,Yes,No,No,No,No,No,Two year,Yes,Bank transfer (automatic),79.64,4854.1,No
1282-ZNBY,Male,0,No,No,42,Yes,No,No,No internet service,No internet service,No internet service,No internet service,No internet service,No internet service,Two year,No,Credit card (automatic),35.0,1451.02,No
3970-AWJJ,Male,1,Yes,Yes,56,Yes,No,Fiber optic,No,No,No,No,Yes,No,Month-to-month,Yes,Electronic check,93.42,5210.22,Yes
1947-YVCF,Female,0,Yes,No,30,Yes,Yes,Fiber optic,Yes,Yes,Yes,No,Yes,No,Month-to-month,Yes,Electronic check,118.75,3566.96,Yes
9828-ZFUB,Male,1,No,No,50,Yes,No,Fiber optic,Yes,Yes,No,No,No,No,Month-to-month,Yes,Credit card (automatic),93.3,4661.17,No
4670-BLVE,Male,1,No,No,66,Yes,No,Fiber optic,No,No,No,No,Yes,Yes,One year,No,Electronic check,98.37,6496.13,No
5631-PTAA,Male,0,Yes,No,0,Yes,No,Fiber optic,Yes,Yes,No,No,No,Yes,Two year,No,Electronic check,104.15, ,No
7906-AUTM,Female,0,Yes,Yes,43,Yes,No,Fiber optic,No,Yes,No,No,No,No,One year,No,Mailed check,87.64,3774.87,No
4549-IOCN,Male,0,Yes,No,49,Yes,Yes,Fiber optic,No,Yes,Yes,No,No,No,Two year,Yes,Bank transfer (automatic),110.49,5411.08,No
7966-KXVL,Male,0,Yes,No,59,Yes,No,No,No internet service,No internet service,No internet service,No internet service,No internet service,No internet service,Month-to-month,No,Bank transfer (automatic),30.24,1762.33,No
9089-MAXJ,Male,0,No,No,2,Yes,No,Fiber optic,No,Yes,No,No,No,No,Month-to-month,Yes,Electronic check,83.96,202.64,Yes
4618-XDPH,Female,0,Yes,No,71,Yes,Yes,DSL,No,Yes,No,Yes,No,Yes,Two year,Yes,Mailed check,94.44,6747.36,No
3063-QSVO,Male,0,Yes,Yes,53,Yes,No,No,No internet service,No internet service,No internet service,No internet service,No internet service,No internet service,Month-to-month,Yes,Electronic check,39.35,2086.73,No
2294-YBKA,Male,0,Yes,No,1,Yes,Yes,DSL,No,Yes,No,No,No,Yes,Two year,No,Mailed check,82.81,117.66,No
9014-ZSDK,Male,0,Yes,No,28,Yes,Yes,Fiber optic,No,Yes,No,Yes,No,No,Two year,Yes,Electronic check,104.92,2922.23,No
6956-CMJK,Male,0,Yes,No,15,Yes,Yes,No,No internet service,No internet service,No internet service,No internet service,No internet service,No internet service,One year,Yes,Bank transfer (automatic),49.69,722.71,No
6073-BGIJ,Male,0,No,Yes,58,Yes,No,DSL,Yes,No,Yes,No,No,Yes,One year,Yes,Bank transfer (automatic),87.58,5065.72,No
4787-GQZA,Male,1,No,No,10,No,No phone service,DSL,Yes,No,No,Yes,No,Yes,Month-to-month,Yes,Mailed check,73.4,717.68,No
6988-POBI,Male,1,Yes,No,23,Yes,No,Fiber optic,No,Yes,No,No,No,No,Two year,Yes,Electronic check,86.81,1985.53,No
7014-GDTR,Female,0,No,Yes,31,No,No phone service,Fiber optic,No,No,No,Yes,Yes,Yes,One year,No,Electronic check,94.98,2931.5,No
9867-MAXC,Female,0,No,Yes,53,No,No phone service,DSL,No,No,No,No,Yes,Yes,One year,Yes,Electronic check,63.74,3368.24,No
6231-VDYW,Female,1,Yes,Yes,55,Yes,No,Fiber optic,Yes,Yes,Yes,Yes,Yes,Yes,Month-to-month,Yes,Credit card (automatic),118.75,6547.81,No
2752-PZSA,Male,0,Yes,No,70,Yes,No,DSL,No,Yes,No,No,No,No,Month-to-month,No,Mailed check,67.38,4723.52,No
5402-VXKM,Female,1,Yes,No,42,Yes,No,DSL,Yes,No,No,Yes,No,No,Two year,Yes,Mailed check,71.6,2993.96,No
6491-EUDD,Male,0,No,Yes,52,Yes,Yes,Fiber optic,No,No,No,No,Yes,No,Month-to-month,Yes,Mailed check,103.1,5339.22,No
8633-RPIR,Female,0,No,No,0,Yes,No,DSL,Yes,No,Yes,Yes,No,No,Two year,No,Electronic check,84.77, ,No
3113-UDLG,Female,0,Yes,Yes,60,Yes,No,Fiber optic,Yes,No,Yes,Yes,Yes,Yes,Two year,Yes,Credit card (automatic),118.75,7099.22,No
2582-GVZU,Male,0,No,No,33,Yes,No,No,No internet service,No internet service,No internet service,No internet service,No internet service,No internet service,One year,Yes,Mailed check,34.66,1121.27,No
8503-SINQ,Male,0,No,No,60,No,No phone service,DSL,No,Yes,Yes,No,No,Yes,Month-to-month,Yes,Credit card (automatic),68.28,4096.07,No
1100-BTPN,Male,0,Yes,No,60,Yes,Yes,DSL,No,No,No,No,No,Yes,Month-to-month,No,Mailed check,80.15,4801.9,No
8226-ACZG,Male,0,No,No,7,Yes,No,No,No internet service,No internet service,No internet service,No internet service,No internet service,No internet service,Month-to-month,Yes,Bank transfer (automatic),36.59,247.56,No
7073-OSTB,Male,0,Yes,Yes,53,Yes,Yes,Fiber optic,No,Yes,No,No,No,Yes,Month-to-month,Yes,Credit card (automatic),106.46,5660.07,No
1754-ISER,Female,0,No,Yes,52,Yes,No,Fiber optic,No,Yes,Yes,No,No,No,Month-to-month,Yes,Credit card (automatic),95.9,5020.72,No
8823-DLGN,Male,0,Yes,No,19,Yes,No,No,No internet service,No internet service,No internet service,No internet service,No internet service,No internet service,One year,No,Mailed check,30.75,559.08,No
8926-LCEQ,Female,0,No,Yes,45,Yes,No,Fiber optic,Yes,Yes,No,Yes,Yes,No,Month-to-month,Yes,Mailed check,117.47,5295.14,Yes
9697-JJKQ,Female,0,Yes,No,30,Yes,Yes,No,No internet service,No internet service,No internet service,No internet service,No internet service,No internet service,Month-to-month,Yes,Electronic check,48.34,1475.44,No
9553-IQAD,Male,0,No,No,25,Yes,No,DSL,Yes,No,Yes,No,Yes,No,Two year,No,Bank transfer (automatic),83.44,2078.87,No
5195-RIYR,Female,0,Yes,No,62,Yes,No,Fiber optic,No,No,No,No,Yes,Yes,Month-to-month,Yes,Bank transfer (automatic),103.26,6414.08,No
3509-YOFX,Female,0,No,Yes,19,Yes,Yes,Fiber optic,Yes,No,Yes,No,Yes,No,Month-to-month,Yes,Electronic check,118.69,2224.5,Yes
1681-ODRR,Male,0,Yes,No,21,Yes,No,Fiber optic,No,Yes,No,No,No,No,Month-to-month,No,Mailed check,86.39,1811.83,Yes
6560-QLGP,Male,0,Yes,No,56,Yes,Yes,DSL,Yes,No,No,No,No,No,Month-to-month,Yes,Mailed check,79.44,4414.27,No
1074-NCSR,Female,1,Yes,No,56,Yes,Yes,No,No internet service,No internet service,No internet service,No internet service,No internet service,No internet service,Two year,Yes,Credit card (automatic),47.72,2663.76,No
5157-JFMJ,Female,0,Yes,No,25,Yes,No,No,No internet service,No internet service,No internet service,No internet service,No internet service,No internet service,Month-to-month,Yes,Electronic check,40.84,1049.9,No
7713-PYYF,Female,0,No,No,16,No,No phone service,DSL,No,No,No,No,No,Yes,One year,No,Electronic check,52.78,829.14,No
9652-DWNA,Male,0,No,No,26,Yes,No,Fiber optic,No,No,Yes,No,Yes,No,Two year,No,Mailed check,94.86,2484.8,No
2075-EHLB,Male,0,No,No,66,Yes,Yes,DSL,No,Yes,No,Yes,No,No,Month-to-month,Yes,Electronic check,86.7,5687.45,No
7379-EVEM,Male,0,No,No,55,Yes,Yes,Fiber optic,No,Yes,Yes,No,Yes,No,Month-to-month,Yes,Mailed check,111.48,6119.62,No
7792-JACR,Female,0,Yes,No,23,Yes,No,Fiber optic,No,No,No,No,No,No,Month-to-month,No,Electronic check,77.73,1773.46,Yes
3251-CZYI,Male,1,Yes,Yes,24,Yes,No,Fiber optic,Yes,Yes,Yes,No,Yes,Yes,Two year,No,Electronic check,118.75,2838.44,No
7041-BCND,Male,0,No,Yes,9,Yes,No,Fiber optic,No,No,Yes,No,No,No,Month-to-month,No,Electronic check,87.64,764.43,Yes
2560-SMGL,Female,0,No,Yes,35,Yes,No,Fiber optic,No,No,No,Yes,Yes,Yes,Month-to-month,Yes,Electronic check,108.02,3790.66,Yes
3722-WWIB,Female,0,No,Yes,44,Yes,Yes,Fiber optic,No,Yes,Yes,No,No,No,Month-to-month,Yes,Bank transfer (automatic),109.34,4785.75,Yes
2468-VILL,Female,0,Yes,No,16,No,No phone service,DSL,Yes,No,No,No,No,No,One year,Yes,Mailed check,52.36,819.01,No
6073-MNEZ,Male,0,Yes,No,57,Yes,No,DSL,No,Yes,Yes,No,Yes,No,Month-to-month,No,Credit card (automatic),84.57,4829.05,No
2129-LJXK,Male,0,Yes,No,22,Yes,No,Fiber optic,No,No,Yes,No,No,No,Month-to-month,No,Electronic check,85.68,1874.61,Yes
4454-YBEG,Male,0,Yes,No,7,Yes,No,Fiber optic,No,Yes,No,No,No,Yes,One year,Yes,Electronic check,92.94,631.78,No
2790-FVWC,Male,0,No,No,49,Yes,No,Fiber optic,No,Yes,Yes,Yes,Yes,No,Month-to-month,No,Electronic check,118.75,5846.71,No
5492-CZYX,Male,0,Yes,No,15,Yes,No,Fiber optic,No,No,No,Yes,No,Yes,Month-to-month,Yes,Credit card (automatic),94.8,1410.46,Yes
6317-KZQJ,Male,0,No,No,42,Yes,No,No,No internet service,No internet service,No internet service,No internet service,No internet service,No internet service,Month-to-month,Yes,Electronic check,32.16,1378.64,No
3032-DBKG,Male,0,No,No,45,Yes,No,Fiber optic,No,No,Yes,No,No,No,Month-to-month,Yes,Mailed check,92.26,4142.96,Yes
8129-RUDH,Female,0,No,No,48,Yes,Yes,No,No internet service,No internet service,No internet service,No internet service,No internet service,No internet service,Month-to-month,Yes,Credit card (automatic),42.21,2039.26,No
1947-NLVU,Male,0,No,No,14,Yes,Yes,DSL,No,No,Yes,No,No,No,Two year,Yes,Electronic check,78.32,1109.73,No
8866-RKHB,Male,0,Yes,No,48,Yes,Yes,Fiber optic,Yes,No,No,No,No,No,One year,Yes,Electronic check,99.88,4753.11,No
5920-OIST,Female,1,No,No,20,Yes,No,Fiber optic,No,No,No,No,No,No,Two year,Yes,Mailed check,77.61,1558.83,No
5376-SEKO,Female,0,Yes,No,5,Yes,Yes,Fiber optic,No,Yes,No,Yes,No,No,Month-to-month,No,Electronic check,106.55,544.66,Yes
5423-SWHZ,Female,0,No,No,54,Yes,No,No,No internet service,No internet service,No internet service,No internet service,No internet service,No internet service,Two year,Yes,Bank transfer (automatic),38.64,2072.42,No
7170-SRJG,Female,0,Yes,No,14,Yes,No,DSL,No,No,No,No,No,No,Month-to-month,Yes,Bank transfer (automatic),64.52,915.25,No
8867-IASE,Male,0,Yes,Yes,10,Yes,No,DSL,No,No,No,Yes,Yes,No,Month-to-month,Yes,Electronic check,78.21,810.45,Yes
8776-OPWG,Male,0,Yes,Yes,38,No,No phone service,Fiber optic,No,Yes,Yes,Yes,Yes,No,Two year,No,Mailed check,98.07,3712.79,No
4935-LHEJ,Female,0,Yes,Yes,50,Yes,No,Fiber optic,Yes,Yes,No,No,Yes,Yes,Month-to-month,Yes,Electronic check,118.27,5912.56,Yes
7875-UEQZ,Female,0,No,Yes,36,Yes,No,DSL,No,Yes,No,Yes,Yes,No,One year,No,Mailed check,83.81,3021.09,No
4022-MAKW,Male,0,No,No,48,Yes,No,No,No internet service,No internet service,No internet service,No internet service,No internet service,No internet service,Two year,No,Bank transfer (automatic),37.2,1786.73,No
6984-KRRU,Female,0,No,Yes,56,Yes,No,DSL,Yes,Yes,Yes,No,No,No,Two year,Yes,Electronic check,87.01,4886.01,No
9989-ZPMG,Female,0,No,No,64,Yes,Yes,DSL,Yes,Yes,Yes,No,Yes,Yes,Month-to-month,No,Electronic check,116.85,7486.96,No
3976-ZPAQ,Male,0,No,Yes,16,Yes,No,DSL,No,No,No,No,No,No,Two year,Yes,Bank transfer (automatic),59.81,935.31,No
2392-FNRF,Female,0,Yes,No,62,Yes,No,No,No internet service,No internet service,No internet service,No internet service,No internet service,No internet service,One year,No,Electronic check,33.96,2084.29,No
1105-XRIH,Male,0,No,Yes,13,Yes,Yes,Fiber optic,No,Yes,Yes,Yes,Yes,No,Two year,Yes,Credit card (automatic),118.75,1544.38,No
7985-QWZF,Female,0,No,No,37,Yes,No,DSL,Yes,Yes,No,No,No,Yes,One year,No,Electronic check,85.94,3191.5,No
5869-ZGLC,Male,0,No,No,24,Yes,No,DSL,Yes,Yes,No,No,Yes,Yes,One year,Yes,Electronic check,98.69,2343.77,No
4981-VSWP,Female,0,No,No,36,Yes,No,DSL,Yes,No,No,Yes,No,No,One year,No,Credit card (automatic),75.54,2718.13,No
5550-HRYM,Male,0,Yes,No,55,Yes,Yes,DSL,Yes,No,Yes,No,Yes,No,Month-to-month,No,Bank transfer (automatic),93.96,5169.32,No
7376-JUWI,Male,0,Yes,Yes,6,No,No phone service,No,No internet service,No internet service,No internet service,No internet service,No internet service,No internet service,Two year,Yes,Credit card (automatic),18.25,113.47,No
1078-TBYM,Female,0,No,No,10,Yes,Yes,DSL,Yes,No,No,Yes,No,No,Month-to-month,No,Mailed check,87.22,872.42,Yes
9417-SZBC,Female,0,No,No,34,Yes,No,No,No internet service,No internet service,No internet service,No internet service,No internet service,No internet service,Month-to-month,Yes,Credit card (automatic),38.84,1296.84,No
3178-JXFW,Female,1,No,No,35,No,No phone service,DSL,No,No,No,No,No,No,One year,No,Credit card (automatic),45.32,1583.2,No
9895-QSCR,Female,0,No,Yes,69,Yes,Yes,No,No internet service,No internet service,No internet service,No internet service,No internet service,No internet service,One year,Yes,Mailed check,44.81,3089.94,No
5710-ITLE,Female,0,Yes,Yes,51,Yes,Yes,Fiber optic,Yes,No,No,No,Yes,No,Two year,Yes,Bank transfer (automatic),107.52,5475.18,No
7794-YDEA,Male,0,Yes,No,68,Yes,Yes,Fiber optic,Yes,Yes,No,Yes,Yes,No,One year,Yes,Mailed check,118.75,8074.3,No
4675-RLMI,Male,0,Yes,No,41,Yes,No,Fiber optic,No,No,Yes,Yes,No,Yes,Month-to-month,Yes,Electronic check,113.29,4655.77,Yes
6249-EMPP,Male,0,No,Yes,70,Yes,Yes,DSL,Yes,No,No,Yes,No,Yes,Two year,Yes,Electronic check,101.78,7097.7,No
4170-VDKW,Male,0,Yes,No,14,Yes,No,DSL,Yes,No,Yes,No,No,Yes,Month-to-month,No,Electronic check,84.7,1197.05,Yes
1028-CPVO,Female,1,No,Yes,20,Yes,Yes,No,No internet service,No internet service,No internet service,No internet service,No internet service,No internet service,Month-to-month,Yes,Electronic check,42.62,863.91,No
3024-KPJQ,Male,0,No,Yes,0,Yes,No,DSL,No,Yes,No,No,No,No,One year,Yes,Mailed check,69.38, ,No
6791-SBXW,Male,0,No,No,67,Yes,Yes,DSL,Yes,Yes,No,Yes,Yes,No,One year,No,Credit card (automatic),104.81,7057.85,No
2906-HZCZ,Male,0,Yes,No,10,Yes,No,Fiber optic,Yes,No,Yes,No,No,Yes,Month-to-month,Yes,Credit card (automatic),103.77,1075.48,Yes
2460-CVZR,Female,0,Yes,No,9,Yes,No,No,No internet service,No internet service,No internet service,No internet service,No internet service,No internet service,Month-to-month,No,Electronic check,39.39,383.41,Yes
2416-FWUY,Female,0,No,No,44,Yes,No,Fiber optic,No,No,Yes,Yes,No,Yes,Month-to-month,Yes,Credit card (automatic),107.23,4725.36,Yes
2428-JFWL,Male,0,No,No,55,Yes,No,Fiber optic,No,No,Yes,Yes,No,No,Two year,Yes,Credit card (automatic),97.02,5357.38,No
9547-MQHZ,Female,1,No,No,18,Yes,No,No,No internet service,No internet service,No internet service,No internet service,No internet service,No internet service,Month-to-month,No,Electronic check,34.13,623.4,No
2779-CLGL,Male,0,No,Yes,41,Yes,No,Fiber optic,Yes,No,No,No,Yes,No,One year,Yes,Electronic check,100.86,4160.41,No
6057-XNVW,Female,0,Yes,No,40,Yes,No,No,No internet service,No internet service,No internet service,No internet service,No internet service,No internet service,One year,Yes,Electronic check,30.24,1214.79,No
4229-EIUK,Female,0,Yes,No,19,Yes,Yes,DSL,No,No,No,Yes,No,No,One year,Yes,Electronic check,77.72,1458.56,No
6188-CQBX,Female,1,Yes,Yes,26,Yes,Yes,Fiber optic,No,No,No,No,No,Yes,One year,No,Electronic check,96.12,2509.87,No
4998-AGNE,Male,0,No,No,11,Yes,No,No,No internet service,No internet service,No internet service,No internet service,No internet service,No internet service,Month-to-month,No,Mailed check,33.06,338.42,No
7363-KWYB,Female,1,Yes,No,63,Yes,No,Fiber optic,No,No,Yes,Yes,Yes,No,Month-to-month,Yes,Bank transfer (automatic),100.18,6318.6,No
5071-ICBG,Male,0,No,No,37,No,No phone service,Fiber optic,Yes,Yes,Yes,Yes,Yes,No,Month-to-month,Yes,Bank transfer (automatic),101.0,3780.1,Yes
5196-UZET,Female,0,No,No,65,Yes,Yes,DSL,Yes,No,No,No,Yes,Yes,One year,Yes,Credit card (automatic),98.97,6408.97,No
1940-UTFT,Male,0,Yes,Yes,57,Yes,No,Fiber optic,Yes,Yes,No,No,No,No,Month-to-month,Yes,Mailed check,96.67,5514.51,No
4457-YZFI,Male,0,No,Yes,10,Yes,Yes,DSL,No,Yes,Yes,No,No,No,Month-to-month,Yes,Bank transfer (automatic),90.35,898.39,Yes
9184-CAAS,Male,0,No,No,29,Yes,No,Fiber optic,Yes,No,Yes,No,No,Yes,Two year,Yes,Mailed check,108.66,3181.93,No
5868-MSLP,Male,0,No,Yes,63,Yes,No,Fiber optic,No,No,No,Yes,Yes,No,One year,Yes,Bank transfer (automatic),92.88,5849.11,No
1920-YSCL,Male,0,Yes,Yes,47,Yes,No,Fiber optic,No,No,No,Yes,No,No,One year,No,Bank transfer (automatic),91.05,4250.03,No
3017-VGMY,Male,0,Yes,Yes,39,No,No phone service,Fiber optic,No,No,No,No,No,No,Month-to-month,Yes,Electronic check,68.13,2647.98,Yes
7830-VCUT,Female,0,Yes,No,67,Yes,No,Fiber optic,Yes,No,No,Yes,Yes,Yes,Month-to-month,Yes,Bank transfer (automatic),113.98,7652.19,No
2438-EXHV,Male,1,Yes,Yes,20,Yes,No,DSL,No,No,No,No,Yes,Yes,One year,Yes,Electronic check,88.9,1805.58,No
7343-XRTP,Female,0,Yes,Yes,4,Yes,Yes,DSL,No,No,No,No,Yes,No,Month-to-month,No,Electronic check,82.07,311.6,Yes
8027-LMMJ,Male,0,No,Yes,35,Yes,Yes,Fiber optic,Yes,No,No,Yes,Yes,Yes,Month-to-month,No,Electronic check,118.75,4152.78,Yes
9742-YNXP,Male,0,Yes,No,6,No,No phone service,No,No internet service,No internet service,No internet service,No internet service,No internet service,No internet service,Month-to-month,Yes,Bank transfer (automatic),22.23,135.4,No
4243-IHRW,Female,0,No,No,59,Yes,No,DSL,No,Yes,No,No,No,No,Month-to-month,Yes,Electronic check,72.85,4291.76,No
8135-RODQ,Male,0,No,Yes,55,Yes,Yes,Fiber optic,No,Yes,Yes,No,No,No,Month-to-month,Yes,Mailed check,106.54,5854.26,No
8492-VPIJ,Female,0,Yes,No,30,Yes,Yes,Fiber optic,Yes,Yes,Yes,No,No,No,Month-to-month,Yes,Bank transfer (automatic),114.88,3456.24,Yes
8447-RQRG,Male,1,No,No,24,Yes,No,DSL,Yes,No,No,No,No,No,Two year,No,Credit card (automatic),65.0,1588.11,No
4161-EWPC,Female,0,No,No,55,Yes,Yes,DSL,Yes,No,No,Yes,Yes,Yes,Month-to-month,Yes,Bank transfer (automatic),106.73,5873.57,No
7617-RWUN,Female,0,No,Yes,33,Yes,Yes,Fiber optic,No,No,No,No,Yes,No,Month-to-month,No,Bank transfer (automatic),102.85,3396.63,Yes
9624-AYUQ,Male,0,Yes,No,43,Yes,Yes,DSL,No,Yes,Yes,Yes,Yes,Yes,One year,Yes,Mailed check,114.74,4895.12,No
3233-NTSU,Female,0,No,No,6,Yes,Yes,DSL,No,No,Yes,Yes,No,No,Month-to-month,Yes,Mailed check,84.6,531.94,Yes
8526-XMRW,Female,1,Yes,Yes,50,Yes,No,Fiber optic,Yes,No,No,No,No,No,Month-to-month,No,Electronic check,87.71,4402.54,Yes
7944-GHRI,Male,0,No,Yes,24,Yes,Yes,Fiber optic,No,Yes,No,Yes,No,No,Month-to-month,No,Mailed check,106.14,2515.95,Yes
2951-VQSF,Male,0,No,Yes,27,Yes,No,Fiber optic,Yes,Yes,Yes,No,Yes,Yes,Month-to-month,Yes,Electronic check,118.75,3198.37,Yes
8799-EBTY,Male,0,Yes,No,41,Yes,Yes,Fiber optic,Yes,Yes,Yes,No,No,Yes,Month-to-month,Yes,Mailed check,118.75,4832.47,Yes
8875-JJXU,Female,0,Yes,No,26,Yes,No,No,No internet service,No internet service,No internet service,No internet service,No internet service,No internet service,One year,No,Bank transfer (automatic),38.37,1018.55,No
1858-PZQP,Female,0,No,Yes,36,Yes,Yes,DSL,Yes,No,Yes,No,Yes,Yes,One year,No,Bank transfer (automatic),105.19,3773.16,No
2030-PCZP,Female,0,No,Yes,54,Yes,No,Fiber optic,Yes,No,Yes,No,No,Yes,Month-to-month,Yes,Mailed check,103.1,5560.82,No
2447-LCQU,Male,0,No,No,37,Yes,No,Fiber optic,No,No,No,No,No,No,Two year,No,Mailed check,74.07,2720.82,No
9106-DPQI,Male,1,Yes,No,55,Yes,Yes,Fiber optic,No,Yes,No,No,Yes,Yes,Month-to-month,Yes,Credit card (automatic),112.97,6207.14,No
5055-TYBI,Female,0,Yes,No,33,Yes,No,Fiber optic,Yes,No,Yes,Yes,No,Yes,Month-to-month,Yes,Credit card (automatic),116.0,3783.58,Yes
5532-FCTF,Male,0,Yes,No,28,Yes,Yes,DSL,Yes,Yes,Yes,Yes,No,No,One year,No,Credit card (automatic),100.17,2832.97,No
8734-AEFM,Male,0,No,No,47,Yes,Yes,DSL,Yes,No,No,No,No,No,Month-to-month,No,Electronic check,76.51,3626.03,Yes
9428-ZYNZ,Male,0,Yes,Yes,71,Yes,Yes,Fiber optic,Yes,Yes,No,No,Yes,No,Month-to-month,No,Electronic check,116.63,8271.62,Yes
4253-GNZX,Male,0,Yes,No,45,Yes,Yes,Fiber optic,Yes,No,Yes,No,No,No,Month-to-month,No,Mailed check,100.57,4484.39,Yes
8482-JQNH,Male,0,Yes,No,36,Yes,No,No,No internet service,No internet service,No internet service,No internet service,No internet service,No internet service,Month-to-month,No,Bank transfer (automatic),30.37,1074.39,No
4513-PXMV,Female,0,No,No,2,Yes,Yes,No,No internet service,No internet service,No internet service,No internet service,No internet service,No internet service,Month-to-month,Yes,Bank transfer (automatic),46.01,74.72,No
3072-TRNR,Female,0,No,No,49,Yes,Yes,No,No internet service,No internet service,No internet service,No internet service,No internet service,No internet service,Two year,Yes,Credit card (automatic),46.57,2279.04,No
9328-CHTV,Male,0,No,No,20,Yes,Yes,DSL,No,No,No,Yes,Yes,No,One year,Yes,Mailed check,88.34,1751.03,No
6993-VSUC,Male,0,No,Yes,47,Yes,No,DSL,No,Yes,No,No,Yes,No,One year,No,Electronic check,79.78,3725.1,No
4870-QPGD,Female,1,Yes,Yes,57,Yes,Yes,No,No internet service,No internet service,No internet service,No internet service,No internet service,No internet service,Month-to-month,Yes,Electronic check,47.71,2705.82,No
6085-WSLO,Female,0,No,No,30,Yes,No,No,No internet service,No internet service,No internet service,No internet service,No internet service,No internet service,Month-to-month,Yes,Mailed check,39.56,1184.32,No
1938-EEOR,Female,0,No,No,6,Yes,No,DSL,No,No,Yes,No,Yes,Yes,One year,Yes,Credit card (automatic),89.0,489.04,No
4690-ZLBT,Female,0,No,No,56,Yes,No,Fiber optic,Yes,Yes,No,No,Yes,No,One year,Yes,Bank transfer (automatic),103.08,5793.21,No
9405-RFWZ,Female,0,Yes,No,35,Yes,No,Fiber optic,Yes,Yes,No,No,No,Yes,Month-to-month,Yes,Electronic check,104.95,3695.54,Yes
5938-XBHK,Male,0,No,Yes,23,Yes,Yes,DSL,No,Yes,Yes,No,No,Yes,Two year,Yes,Electronic check,93.69,2169.62,No
4345-WRNV,Female,0,No,No,23,Yes,Yes,No,No internet service,No internet service,No internet service,No internet service,No internet service,No internet service,Month-to-month,Yes,Bank transfer (automatic),46.55,1083.27,No
2737-CICK,Female,0,No,No,55,Yes,Yes,No,No internet service,No internet service,No internet service,No internet service,No internet service,No internet service,Two year,Yes,Bank transfer (automatic),41.12,2226.1,No
8095-KGYU,Female,0,No,No,60,Yes,Yes,No,No internet service,No internet service,No internet service,No internet service,No internet service,No internet service,Month-to-month,No,Bank transfer (automatic),40.0,2387.96,No
6330-PVUT,Female,0,No,No,69,Yes,Yes,Fiber optic,Yes,No,No,Yes,Yes,Yes,One year,Yes,Bank transfer (automatic),118.75,8185.57,No
7123-RWME,Male,0,Yes,Yes,27,Yes,No,No,No internet service,No internet service,No internet service,No internet service,No internet service,No internet service,Month-to-month,No,Electronic check,31.06,828.81,No
9712-YSCE,Male,0,No,Yes,31,No,No phone service,Fiber optic,No,Yes,No,Yes,No,Yes,Month-to-month,No,Mailed check,86.3,2683.58,Yes
8111-SQQK,Female,0,No,No,44,Yes,Yes,No,No internet service,No internet service,No internet service,No internet service,No internet service,No internet service,Month-to-month,No,Mailed check,47.51,2088.56,No
8262-BFVN,Female,0,Yes,No,68,Yes,Yes,No,No internet service,No internet service,No internet service,No internet service,No internet service,No internet service,Month-to-month,No,Electronic check,42.04,2868.23,No
5491-DLMB,Male,0,Yes,No,67,Yes,Yes,Fiber optic,Yes,Yes,No,No,No,No,Month-to-month,No,Credit card (automatic),106.73,7201.97,No
1769-OWQG,Female,0,No,No,17,Yes,Yes,Fiber optic,No,No,Yes,Yes,No,Yes,Month-to-month,Yes,Bank transfer (automatic),114.47,1943.63,Yes
3269-NLQN,Female,1,Yes,No,1,Yes,Yes,No,No internet service,No internet service,No internet service,No internet service,No internet service,No internet service,One year,No,Credit card (automatic),45.0,45.0,No
6463-FRXE,Male,0,No,No,2,Yes,Yes,DSL,No,No,No,No,Yes,No,Month-to-month,Yes,Electronic check,80.89,170.73,Yes
4959-XFBH,Male,0,Yes,No,28,Yes,No,DSL,Yes,No,No,No,No,Yes,One year,Yes,Mailed check,74.45,2061.86,No
2070-OKVV,Female,0,No,Yes,47,Yes,No,Fiber optic,Yes,No,No,Yes,No,Yes,One year,No,Credit card (automatic),107.72,5092.1,No
4095-ARLL,Female,0,No,No,64,Yes,No,No,No internet service,No internet service,No internet service,No internet service,No internet service,No internet service,Two year,Yes,Bank transfer (automatic),39.67,2574.68,No
6432-KHGW,Male,0,Yes,No,41,Yes,No,DSL,No,No,No,Yes,Yes,No,Month-to-month,Yes,Bank transfer (automatic),76.49,3120.83,No
8637-JCTJ,Male,0,Yes,No,5,No,No phone service,No,No internet service,No internet service,No internet service,No internet service,No internet service,No internet service,Month-to-month,Yes,Electronic check,20.82,84.13,Yes
4867-RNRX,Male,0,Yes,No,58,Yes,No,No,No internet service,No internet service,No internet service,No internet service,No internet service,No internet service,Month-to-month,Yes,Mailed check,31.89,1825.33,No
9809-VMUH,Female,0,Yes,Yes,18,No,No phone service,Fiber optic,No,No,No,Yes,No,No,Month-to-month,Yes,Electronic check,73.72,1331.05,Yes
9067-DEAQ,Female,0,No,Yes,51,Yes,No,DSL,Yes,Yes,No,Yes,No,Yes,Month-to-month,Yes,Electronic check,94.16,4817.4,No
5381-HGOZ,Female,0,Yes,No,60,Yes,No,Fiber optic,Yes,No,No,Yes,No,No,Month-to-month,Yes,Electronic check,96.24,5761.99,No
6560-EBGH,Male,0,No,Yes,1,Yes,No,DSL,No,No,No,No,Yes,Yes,Two year,Yes,Credit card (automatic),80.37,93.45,No
8259-GGNU,Female,0,No,No,22,Yes,No,Fiber optic,No,No,No,No,Yes,No,Month-to-month,Yes,Credit card (automatic),88.6,1921.05,Yes
5581-DJRL,Male,0,Yes,No,18,Yes,No,Fiber optic,No,No,No,No,No,No,Two year,Yes,Mailed check,82.41,1494.06,No
7552-GFEC,Female,0,Yes,No,69,Yes,Yes,Fiber optic,Yes,Yes,No,Yes,Yes,No,Two year,No,Electronic check,118.75,8196.19,No
7035-SPKH,Male,0,Yes,Yes,49,Yes,No,Fiber optic,No,No,No,No,Yes,Yes,Two year,No,Credit card (automatic),102.2,4968.31,No
1834-WGWG,Female,0,No,No,60,No,No phone service,Fiber optic,No,No,Yes,No,No,Yes,Two year,Yes,Electronic check,82.68,5005.29,No
3413-BJSZ,Male,1,Yes,No,18,Yes,No,DSL,No,No,Yes,No,No,No,One year,Yes,Electronic check,67.18,1187.41,No
3568-PSRI,Male,0,Yes,No,21,Yes,No,DSL,No,Yes,No,No,No,No,Two year,No,Electronic check,69.3,1443.18,No
5911-MJYT,Male,0,Yes,Yes,2,No,No phone service,Fiber optic,Yes,Yes,Yes,No,No,Yes,Month-to-month,Yes,Electronic check,96.71,190.33,Yes
4110-WOPH,Male,0,No,No,4,Yes,No,Fiber optic,Yes,No,No,No,Yes,Yes,One year,No,Bank transfer (automatic),108.7,428.16,No
6193-DSSU,Female,0,No,Yes,66,Yes,Yes,Fiber optic,Yes,Yes,No,No,No,No,Month-to-month,No,Electronic check,102.09,6726.23,Yes
2658-ONAP,Male,0,No,No,59,Yes,No,DSL,No,No,No,No,No,Yes,Two year,No,Mailed check,70.66,4195.89,No
6917-VCEI,Female,0,Yes,No,38,Yes,Yes,DSL,Yes,Yes,No,No,Yes,No,Month-to-month,Yes,Electronic check,93.07,3518.19,Yes
6578-PBLV,Female,0,Yes,No,27,Yes,No,No,No internet service,No internet service,No internet service,No internet service,No internet service,No internet service,Two year,Yes,Mailed check,39.03,1024.75,No
4845-KHLB,Male,0,Yes,No,0,Yes,Yes,Fiber optic,Yes,No,Yes,No,No,No,Month-to-month,Yes,Mailed check,111.87, ,Yes
5808-OBAJ,Male,0,No,Yes,21,Yes,Yes,No,No internet service,No internet service,No internet service,No internet service,No internet service,No internet service,Month-to-month,No,Credit card (automatic),45.22,960.93,No
1737-LWHE,Female,1,Yes,No,44,Yes,No,No,No internet service,No internet service,No internet service,No internet service,No internet service,No internet service,One year,Yes,Mailed check,34.36,1486.75,No
2888-OFLH,Female,0,Yes,No,50,Yes,No,Fiber optic,No,No,No,Yes,No,No,Month-to-month,No,Electronic check,88.53,4390.54,No
1748-SAKT,Female,0,Yes,Yes,50,No,No phone service,Fiber optic,No,No,No,No,No,No,Month-to-month,No,Bank transfer (automatic),65.62,3301.69,No
9701-HEQH,Female,0,No,No,27,Yes,Yes,DSL,Yes,No,No,No,Yes,No,Month-to-month,Yes,Electronic check,84.08,2267.0,Yes
8777-IXWC,Female,0,Yes,Yes,29,Yes,No,Fiber optic,No,Yes,Yes,No,No,No,Month-to-month,No,Mailed check,91.45,2651.93,Yes
2777-GOUV,Female,0,No,Yes,7,Yes,Yes,No,No internet service,No internet service,No internet service,No internet service,No internet service,No internet service,Two year,Yes,Electronic check,40.78,310.55,No
2777-YCWN,Female,0,No,No,40,Yes,Yes,No,No internet service,No internet service,No internet service,No internet service,No internet service,No internet service,One year,No,Electronic check,40.29,1613.74,No
9343-BNVK,Male,0,Yes,Yes,24,Yes,Yes,Fiber optic,No,Yes,Yes,No,Yes,No,One year,Yes,Credit card (automatic),112.25,2718.45,No
6127-GKCQ,Female,0,No,No,58,Yes,No,Fiber optic,No,No,Yes,No,Yes,Yes,Two year,No,Mailed check,106.07,6153.67,No
2325-FHVE,Female,0,No,No,33,Yes,Yes,No,No internet service,No internet service,No internet service,No internet service,No internet service,No internet service,One year,No,Bank transfer (automatic),45.96,1534.61,No
2242-HBOL,Male,0,No,No,38,Yes,No,DSL,No,No,No,No,No,No,One year,Yes,Mailed check,61.42,2305.45,No
2918-QAON,Female,0,Yes,No,70,Yes,No,Fiber optic,Yes,No,Yes,Yes,Yes,No,Month-to-month,Yes,Electronic check,114.55,8035.29,No
3355-VPIA,Female,0,Yes,Yes,45,Yes,Yes,Fiber optic,Yes,No,Yes,No,Yes,Yes,Two year,Yes,Mailed check,118.75,5332.02,No
8280-MUZU,Male,0,No,No,37,Yes,Yes,DSL,No,No,Yes,Yes,No,No,Two year,Yes,Credit card (automatic),87.49,3240.08,No
6316-JFXS,Female,1,Yes,No,32,No,No phone service,Fiber optic,No,Yes,No,Yes,No,Yes,Two year,Yes,Electronic check,88.15,2823.12,No
1064-TYON,Female,0,No,No,21,Yes,Yes,DSL,Yes,No,No,Yes,No,Yes,Month-to-month,Yes,Credit card (automatic),97.61,2072.87,No
1968-QICK,Male,1,No,No,26,Yes,No,DSL,Yes,Yes,No,No,Yes,No,Month-to-month,No,Mailed check,84.35,2166.88,No
4083-JYQQ,Male,0,No,No,62,Yes,No,Fiber optic,No,Yes,No,No,Yes,Yes,Month-to-month,Yes,Mailed check,110.04,6810.57,No
2469-VDGU,Female,0,Yes,No,26,Yes,No,DSL,No,No,No,No,Yes,Yes,One year,No,Credit card (automatic),81.76,2106.08,No
1823-HAXV,Male,0,No,No,20,Yes,Yes,Fiber optic,No,Yes,No,No,No,Yes,Two year,Yes,Mailed check,106.08,2093.08,No
8420-LXCM,Male,0,No,No,52,Yes,Yes,DSL,No,No,Yes,No,No,No,Two year,Yes,Mailed check,78.47,4126.17,No
6534-FKWD,Female,0,No,No,34,Yes,Yes,Fiber optic,No,Yes,No,No,No,Yes,Month-to-month,No,Electronic check,105.41,3581.96,Yes
4718-VKXA,Male,0,Yes,No,46,Yes,No,Fiber optic,No,Yes,No,Yes,No,Yes,One year,Yes,Credit card (automatic),105.26,4844.51,No
4641-GLGW,Male,0,No,Yes,49,Yes,No,No,No internet service,No internet service,No internet service,No internet service,No internet service,No internet service,Month-to-month,No,Credit card (automatic),37.77,1825.35,No
5326-JPZH,Female,0,Yes,Yes,9,Yes,No,Fiber optic,No,Yes,Yes,Yes,Yes,No,Month-to-month,Yes,Electronic check,113.41,1051.91,Yes
9648-IBMM,Female,0,Yes,No,27,Yes,No,No,No internet service,No internet service,No internet service,No internet service,No internet service,No internet service,Month-to-month,Yes,Credit card (automatic),32.3,859.59,No
6494-DYXL,Male,1,No,No,36,No,No phone service,No,No internet service,No internet service,No internet service,No internet service,No internet service,No internet service,Month-to-month,Yes,Electronic check,18.25,650.69,No
7273-MROH,Male,0,No,No,40,Yes,Yes,No,No internet service,No internet service,No internet service,No internet service,No internet service,No internet service,Month-to-month,No,Bank transfer (automatic),42.61,1692.14,No
1462-ATJL,Female,0,Yes,No,60,Yes,No,No,No internet service,No internet service,No internet service,No internet service,No internet service,No internet service,Month-to-month,Yes,Bank transfer (automatic),37.32,2273.05,No
2736-WHPN,Female,1,No,Yes,50,Yes,No,DSL,Yes,No,No,Yes,No,No,Month-to-month,No,Electronic check,71.35,3576.92,No
8002-YMWU,Male,0,Yes,No,7,Yes,No,Fiber optic,Yes,Yes,No,No,Yes,Yes,Two year,No,Electronic check,115.6,820.82,No
2054-EPZK,Female,0,Yes,No,57,Yes,No,No,No internet service,No internet service,No internet service,No internet service,No internet service,No internet service,One year,No,Electronic check,34.9,1957.26,No
1667-KYSC,Female,0,No,No,60,Yes,Yes,DSL,Yes,Yes,No,No,No,No,Month-to-month,No,Credit card (automatic),85.34,5111.99,No
5070-GFCM,Male,1,Yes,No,32,Yes,No,DSL,No,Yes,No,No,No,No,Month-to-month,No,Mailed check,65.81,2133.86,No
4620-WRVH,Male,0,No,No,18,Yes,Yes,Fiber optic,No,Yes,No,Yes,No,Yes,Month-to-month,No,Credit card (automatic),116.34,2085.85,Yes
2075-ANQJ,Female,0,No,No,29,Yes,No,No,No internet service,No internet service,No internet service,No internet service,No internet service,No internet service,One year,Yes,Credit card (automatic),34.5,1001.55,No
9047-NPHW,Female,0,Yes,Yes,13,Yes,Yes,No,No internet service,No internet service,No internet service,No internet service,No internet service,No internet service,Two year,Yes,Bank transfer (automatic),51.84,648.55,No
2531-JQRT,Male,1,No,No,35,Yes,Yes,No,No internet service,No internet service,No internet service,No internet service,No internet service,No internet service,Month-to-month,Yes,Credit card (automatic),42.83,1481.77,No
7671-QPSX,Female,1,Yes,Yes,6,Yes,Yes,Fiber optic,Yes,No,Yes,Yes,Yes,No,Two year,Yes,Electronic check,118.75,730.41,No
9071-FFUI,Male,0,No,No,33,Yes,No,Fiber optic,Yes,No,No,No,Yes,Yes,Month-to-month,Yes,Electronic check,104.61,3442.86,Yes
7755-ZLLW,Female,1,No,No,49,Yes,Yes,Fiber optic,No,No,No,Yes,Yes,No,One year,No,Mailed check,110.47,5442.78,No
6008-OIGJ,Female,0,No,Yes,31,No,No phone service,No,No internet service,No internet service,No internet service,No internet service,No internet service,No internet service,Month-to-month,No,Bank transfer (automatic),22.06,684.9,No
3735-LYGR,Female,0,Yes,No,41,Yes,No,Fiber optic,No,No,No,No,Yes,No,Two year,No,Mailed check,89.37,3656.47,No
1974-FZLK,Male,1,Yes,No,32,Yes,Yes,No,No internet service,No internet service,No internet service,No internet service,No internet service,No internet service,Month-to-month,No,Mailed check,41.51,1306.91,No
5211-CBFX,Male,0,Yes,No,13,Yes,Yes,DSL,Yes,No,Yes,No,No,No,Month-to-month,Yes,Bank transfer (automatic),86.23,1130.04,No
5277-YERP,Female,0,No,Yes,27,Yes,No,No,No internet service,No internet service,No internet service,No internet service,No internet service,No internet service,Month-to-month,No,Electronic check,37.04,1031.86,No
4928-ZTVK,Female,0,No,Yes,38,Yes,No,No,No internet service,No internet service,No internet service,No internet service,No internet service,No internet service,One year,No,Credit card (automatic),36.05,1371.02,No
1393-XYLU,Male,0,Yes,No,30,Yes,Yes,DSL,No,Yes,Yes,Yes,No,No,Month-to-month,Yes,Mailed check,93.82,2819.97,No
9795-FTEW,Male,0,Yes,No,23,Yes,No,Fiber optic,Yes,No,No,No,No,No,Two year,Yes,Mailed check,86.14,1979.52,No
4385-PVNV,Female,1,No,No,3,Yes,No,No,No internet service,No internet service,No internet service,No internet service,No internet service,No internet service,Month-to-month,Yes,Electronic check,37.15,122.36,Yes
3835-SNGE,Male,0,Yes,No,8,Yes,No,Fiber optic,No,No,No,No,No,No,Month-to-month,No,Mailed check,78.18,639.09,Yes
7833-BKVH,Male,1,Yes,Yes,69,Yes,No,DSL,Yes,No,Yes,Yes,Yes,Yes,Month-to-month,Yes,Electronic check,100.07,6904.93,No
2963-BRGZ,Female,0,No,Yes,23,Yes,Yes,No,No internet service,No internet service,No internet service,No internet service,No internet service,No internet service,Month-to-month,Yes,Credit card (automatic),48.17,1083.25,No
4061-WNXG,Female,0,Yes,No,64,No,No phone service,Fiber optic,Yes,No,No,No,Yes,No,Month-to-month,No,Credit card (automatic),79.41,5104.54,No
9101-TBQL,Male,0,No,Yes,16,Yes,No,Fiber optic,No,No,No,No,No,No,Month-to-month,No,Electronic check,81.8,1296.94,Yes
5223-LQJC,Male,0,Yes,No,36,Yes,Yes,Fiber optic,Yes,No,Yes,Yes,No,No,Month-to-month,No,Credit card (automatic),110.92,4017.63,Yes
5607-RMLQ,Female,0,Yes,No,49,Yes,No,No,No internet service,No internet service,No internet service,No internet service,No internet service,No internet service,Month-to-month,Yes,Mailed check,34.72,1678.45,No
7371-WJKF,Male,0,No,No,44,Yes,No,No,No internet service,No internet service,No internet service,No internet service,No internet service,No internet service,One year,No,Electronic check,38.85,1740.02,No
1837-IOBD,Female,0,No,No,19,Yes,Yes,Fiber optic,No,No,Yes,No,No,No,Month-to-month,No,Electronic check,99.17,1878.35,Yes
1356-QHHV,Female,0,No,No,58,Yes,Yes,No,No internet service,No internet service,No internet service,No internet service,No internet service,No internet service,Month-to-month,Yes,Electronic check,48.07,2778.03,No
5647-SCRU,Male,0,Yes,No,58,Yes,Yes,DSL,No,No,No,Yes,Yes,Yes,Month-to-month,Yes,Electronic check,99.44,5750.1,No
7642-SOFP,Female,0,No,No,10,No,No phone service,No,No internet service,No internet service,No internet service,No internet service,No internet service,No internet service,Month-to-month,No,Mailed check,18.25,186.89,No
6319-PRTP,Female,0,No,No,54,Yes,Yes,DSL,No,Yes,No,No,No,No,Month-to-month,Yes,Electronic check,76.92,4131.95,No
5784-QLMJ,Female,0,Yes,Yes,64,No,No phone service,No,No internet service,No internet service,No internet service,No internet service,No internet service,No internet service,Month-to-month,No,Electronic check,19.13,1248.67,No
1877-WAQD,Female,0,No,No,57,Yes,No,DSL,No,Yes,No,No,Yes,No,Two year,Yes,Credit card (automatic),81.58,4638.28,No
1292-TXWY,Female,0,No,Yes,43,Yes,Yes,Fiber optic,Yes,No,No,No,No,Yes,Month-to-month,No,Bank transfer (automatic),113.73,4904.86,Yes
3686-JQGA,Male,0,No,No,13,Yes,Yes,No,No internet service,No internet service,No internet service,No internet service,No internet service,No internet service,Month-to-month,Yes,Credit card (automatic),45.68,563.3,No
1966-ZXKI,Female,1,No,Yes,51,Yes,No,Fiber optic,Yes,Yes,No,Yes,No,No,One year,No,Electronic check,101.96,5235.8,No
9226-DDYM,Female,0,Yes,No,33,Yes,No,DSL,Yes,Yes,No,No,No,Yes,One year,Yes,Electronic check,83.6,2765.6,No
2558-SJEG,Female,0,No,No,62,Yes,No,Fiber optic,Yes,Yes,No,Yes,No,No,One year,No,Electronic check,108.14,6713.05,No
5439-PALB,Male,1,No,No,26,Yes,Yes,DSL,Yes,No,Yes,Yes,No,No,Month-to-month,Yes,Credit card (automatic),95.23,2480.66,No
8869-MBGO,Female,0,Yes,No,11,Yes,No,Fiber optic,No,No,No,No,No,No,Month-to-month,Yes,Credit card (automatic),78.06,891.32,Yes
4384-KBGD,Female,1,No,No,37,Yes,Yes,Fiber optic,No,No,Yes,No,No,Yes,Month-to-month,No,Mailed check,109.23,4055.74,Yes
1028-BPGM,Female,0,Yes,Yes,55,No,No phone service,DSL,No,No,No,Yes,Yes,No,Month-to-month,No,Mailed check,67.45,3710.42,No
7948-QULS,Female,0,Yes,No,64,Yes,Yes,Fiber optic,Yes,No,No,No,No,Yes,Month-to-month,No,Credit card (automatic),106.64,6828.77,No
6062-FHME,Male,0,Yes,No,39,Yes,Yes,DSL,No,No,No,No,Yes,No,One year,No,Mailed check,76.2,2941.35,No
8105-IKXF,Male,0,No,No,20,Yes,No,DSL,No,No,Yes,No,Yes,No,One year,No,Mailed check,75.65,1538.39,No
1572-ZGYG,Female,1,No,Yes,31,Yes,Yes,Fiber optic,No,Yes,No,Yes,No,Yes,One year,No,Credit card (automatic),116.48,3599.3,No
5050-FKKG,Male,1,Yes,Yes,11,Yes,Yes,Fiber optic,Yes,Yes,No,Yes,No,Yes,One year,Yes,Credit card (automatic),118.75,1308.92,No
4777-SDZF,Male,1,No,No,25,Yes,Yes,DSL,Yes,No,No,No,No,No,Two year,Yes,Electronic check,76.16,1960.09,No
4696-YEGI,Male,1,Yes,No,35,Yes,Yes,Fiber optic,Yes,No,No,No,No,No,Two year,Yes,Bank transfer (automatic),93.97,3244.71,No
4808-ASFR,Female,1,No,No,15,Yes,No,No,No internet service,No internet service,No internet service,No internet service,No internet service,No internet service,Month-to-month,Yes,Bank transfer (automatic),29.58,461.3,No
1091-KAAM,Female,0,No,Yes,33,Yes,No,Fiber optic,No,Yes,No,Yes,No,Yes,Month-to-month,No,Bank transfer (automatic),104.57,3450.61,Yes
9128-TCRI,Female,0,No,No,23,Yes,Yes,Fiber optic,Yes,No,No,No,No,Yes,One year,Yes,Mailed check,112.6,2561.85,No
7861-QWND,Female,0,No,No,71,Yes,No,DSL,Yes,Yes,Yes,Yes,Yes,Yes,Two year,Yes,Credit card (automatic),104.92,7442.46,No
8140-ZUQV,Female,0,Yes,Yes,38,Yes,No,Fiber optic,No,No,Yes,Yes,No,Yes,Month-to-month,No,Bank transfer (automatic),107.16,4058.96,Yes
8320-BWVE,Female,0,No,No,63,Yes,Yes,No,No internet service,No internet service,No internet service,No internet service,No internet service,No internet service,Month-to-month,No,Mailed check,41.35,2590.73,No
2699-FTUM,Male,1,No,Yes,28,Yes,No,Fiber optic,No,No,No,No,Yes,Yes,One year,No,Bank transfer (automatic),92.37,2594.18,No
5086-YZWG,Male,0,No,No,30,Yes,No,Fiber optic,Yes,Yes,Yes,Yes,Yes,Yes,Month-to-month,No,Electronic check,118.75,3552.22,Yes
7611-ANXD,Male,0,No,No,62,Yes,No,Fiber optic,No,Yes,Yes,No,Yes,Yes,Month-to-month,No,Electronic check,114.45,7097.5,Yes
9340-NPNP,Male,0,No,Yes,42,Yes,No,DSL,Yes,No,No,Yes,Yes,Yes,One year,Yes,Mailed check,91.52,3845.9,No
2363-HXCY,Male,0,No,No,18,Yes,Yes,DSL,No,Yes,No,No,No,Yes,Month-to-month,No,Mailed check,87.61,1553.87,No
8233-OVJR,Female,1,No,No,9,Yes,No,No,No internet service,No internet service,No internet service,No internet service,No internet service,No internet service,One year,Yes,Electronic check,36.93,325.2,No
6781-NQMA,Female,0,No,Yes,55,Yes,No,Fiber optic,No,No,Yes,No,No,No,One year,Yes,Electronic check,86.67,4765.07,No
9780-YNXC,Male,1,Yes,No,59,Yes,No,Fiber optic,No,No,Yes,Yes,Yes,No,Two year,Yes,Credit card (automatic),104.16,6149.38,No
5846-SQCP,Female,0,Yes,No,42,Yes,Yes,Fiber optic,Yes,Yes,No,No,Yes,No,One year,Yes,Credit card (automatic),117.43,4936.72,No
5798-NLLK,Female,0,No,No,47,Yes,No,DSL,No,No,Yes,Yes,No,Yes,Two year,No,Electronic check,92.15,4339.95,No
1400-HQUY,Female,1,Yes,No,39,Yes,Yes,Fiber optic,Yes,No,No,Yes,No,Yes,Month-to-month,Yes,Mailed check,112.05,4374.71,Yes
9022-TKYY,Female,0,No,No,33,Yes,No,Fiber optic,Yes,No,No,No,Yes,Yes,Month-to-month,No,Electronic check,114.18,3779.27,Yes
5833-JJKF,Female,0,Yes,No,0,Yes,Yes,No,No internet service,No internet service,No internet service,No internet service,No internet service,No internet service,Month-to-month,Yes,Bank transfer (automatic),43.75, ,No
5311-LKWW,Male,0,Yes,Yes,18,Yes,Yes,No,No internet service,No internet service,No internet service,No internet service,No internet service,No internet service,Month-to-month,Yes,Electronic check,45.86,822.13,No
2209-YMEF,Male,0,No,Yes,0,Yes,Yes,DSL,Yes,No,No,No,Yes,No,One year,Yes,Electronic check,93.16, ,No
5416-FRVI,Male,0,Yes,No,24,Yes,No,DSL,Yes,Yes,Yes,No,No,No,Month-to-month,No,Credit card (automatic),82.93,1964.56,No
4671-YOZH,Female,0,Yes,No,67,No,No phone service,Fiber optic,Yes,Yes,Yes,No,Yes,Yes,One year,Yes,Bank transfer (automatic),103.98,6958.74,No
3098-XPFF,Female,1,Yes,Yes,27,Yes,No,DSL,No,No,Yes,Yes,Yes,No,One year,Yes,Credit card (automatic),82.32,2212.59,No
4264-NDZL,Female,0,No,Yes,44,Yes,Yes,Fiber optic,Yes,Yes,Yes,Yes,No,Yes,Month-to-month,Yes,Bank transfer (automatic),118.75,5205.99,Yes
5005-KLJR,Female,0,No,No,23,Yes,Yes,DSL,Yes,Yes,Yes,Yes,No,Yes,One year,No,Mailed check,111.95,2566.69,No
1550-GKDT,Male,1,No,No,43,Yes,No,DSL,Yes,Yes,No,Yes,No,No,Two year,Yes,Bank transfer (automatic),86.39,3702.94,No
6920-MRIZ,Female,1,Yes,Yes,1,Yes,Yes,DSL,No,No,Yes,Yes,No,No,Two year,Yes,Bank transfer (automatic),88.56,88.56,No
6783-IWIJ,Male,0,No,Yes,22,Yes,Yes,DSL,No,No,No,No,No,No,Month-to-month,No,Credit card (automatic),69.51,1515.37,No
7843-BFOC,Male,0,Yes,No,61,Yes,Yes,DSL,No,No,No,No,No,Yes,One year,No,Electronic check,80.45,4889.65,No
2079-KOMT,Male,0,Yes,No,14,Yes,Yes,No,No internet service,No internet service,No internet service,No internet service,No internet service,No internet service,Month-to-month,Yes,Bank transfer (automatic),46.97,631.79,No
9795-JFOY,Male,0,No,No,31,Yes,Yes,DSL,No,Yes,Yes,No,No,No,Month-to-month,Yes,Electronic check,88.26,2745.85,Yes
7214-ORRT,Female,0,Yes,No,3,Yes,Yes,Fiber optic,Yes,No,No,Yes,No,Yes,Two year,Yes,Credit card (automatic),114.69,357.34,No
9791-BHTB,Female,0,Yes,No,30,Yes,No,Fiber optic,No,No,Yes,No,Yes,No,Month-to-month,Yes,Electronic check,101.56,3059.26,Yes
8833-GFJE,Male,0,Yes,Yes,58,Yes,No,DSL,Yes,No,No,No,Yes,Yes,Month-to-month,Yes,Electronic check,89.73,5231.74,No
5864-SBUT,Female,0,Yes,No,70,Yes,No,No,No internet service,No internet service,No internet service,No internet service,No internet service,No internet service,Month-to-month,No,Electronic check,38.93,2696.29,No
8740-WUXD,Female,0,No,Yes,0,Yes,Yes,Fiber optic,No,No,No,Yes,No,No,Two year,Yes,Bank transfer (automatic),92.64, ,No
1789-TRAA,Female,0,Yes,No,68,No,No phone service,DSL,Yes,No,Yes,Yes,Yes,No,Two year,No,Credit card (automatic),78.5,5354.9,No
6389-DEKX,Male,0,No,No,13,Yes,No,DSL,No,No,No,Yes,Yes,No,One year,Yes,Mailed check,78.46,1023.94,No
4003-WMPX,Male,0,No,Yes,22,Yes,Yes,Fiber optic,No,Yes,Yes,No,No,Yes,Month-to-month,Yes,Electronic check,116.93,2550.18,Yes
3711-VZBP,Male,0,Yes,No,70,Yes,No,No,No internet service,No internet service,No internet service,No internet service,No internet service,No internet service,One year,Yes,Mailed check,28.84,2019.57,No
1421-NAQK,Male,0,No,Yes,15,Yes,Yes,DSL,No,No,No,No,Yes,No,Two year,No,Credit card (automatic),76.51,1148.5,No
1946-CKEQ,Male,0,No,No,8,No,No phone service,Fiber optic,Yes,No,No,Yes,No,No,Two year,Yes,Bank transfer (automatic),77.93,623.94,No
2308-KCTJ,Male,0,No,Yes,30,Yes,No,Fiber optic,Yes,Yes,Yes,Yes,No,No,Month-to-month,No,Mailed check,116.76,3509.03,Yes
4258-JNLO,Male,0,No,Yes,60,Yes,No,Fiber optic,Yes,Yes,No,Yes,Yes,Yes,Month-to-month,Yes,Electronic check,118.75,7115.52,No
7697-JZSA,Female,0,No,No,44,Yes,Yes,Fiber optic,No,Yes,No,Yes,No,Yes,Two year,Yes,Mailed check,111.37,4910.62,No
1055-ZJBQ,Male,0,Yes,No,6,Yes,No,Fiber optic,No,No,Yes,No,No,No,Two year,Yes,Electronic check,85.53,513.19,No
1669-XGGT,Female,1,No,No,56,Yes,Yes,DSL,Yes,No,Yes,No,No,No,Month-to-month,No,Credit card (automatic),82.06,4632.27,No
3138-IVBN,Male,0,No,Yes,63,Yes,No,Fiber optic,No,Yes,No,No,Yes,No,One year,Yes,Mailed check,101.41,6419.77,No
4632-AITU,Female,0,No,No,1,Yes,No,No,No internet service,No internet service,No internet service,No internet service,No internet service,No internet service,Month-to-month,Yes,Mailed check,36.61,36.61,No
7499-HMDI,Female,0,No,No,5,No,No phone service,Fiber optic,Yes,No,No,Yes,Yes,No,Month-to-month,No,Credit card (automatic),90.67,442.34,Yes
1104-VRLJ,Female,0,No,No,60,Yes,No,Fiber optic,Yes,No,No,No,No,Yes,Month-to-month,No,Bank transfer (automatic),95.82,5731.03,No
1298-GIFS,Female,0,Yes,No,33,Yes,No,Fiber optic,No,No,No,No,Yes,Yes,Month-to-month,Yes,Electronic check,99.12,3259.68,Yes
7382-GPEP,Male,0,No,No,16,Yes,Yes,Fiber optic,No,No,Yes,Yes,No,No,Two year,Yes,Electronic check,106.77,1689.1,No
5992-SEGS,Male,0,No,No,25,Yes,No,No,No internet service,No internet service,No internet service,No internet service,No internet service,No internet service,Month-to-month,Yes,Credit card (automatic),36.62,902.14,No
4196-QZVH,Male,0,Yes,No,19,Yes,No,DSL,Yes,No,No,No,No,No,Month-to-month,Yes,Bank transfer (automatic),76.55,1413.53,No
9572-ABOT,Male,0,Yes,No,40,Yes,Yes,Fiber optic,No,Yes,No,No,No,Yes,Month-to-month,No,Bank transfer (automatic),111.34,4465.25,Yes
7843-RKYJ,Male,0,No,No,57,Yes,Yes,Fiber optic,Yes,No,Yes,Yes,Yes,Yes,Month-to-month,Yes,Credit card (automatic),118.75,6723.89,No
2667-EDMY,Male,0,No,No,53,No,No phone service,Fiber optic,Yes,No,Yes,No,No,No,Month-to-month,No,Bank transfer (automatic),76.38,4027.4,No
2996-RXBP,Male,0,Yes,Yes,28,Yes,No,No,No internet service,No internet service,No internet service,No internet service,No internet service,No internet service,One year,Yes,Bank transfer (automatic),36.09,1007.4,No
3592-ZSIC,Male,0,Yes,No,47,Yes,No,Fiber optic,No,No,Yes,No,Yes,No,Month-to-month,Yes,Credit card (automatic),99.54,4677.56,Yes
4064-GJAJ,Male,0,No,No,21,Yes,No,No,No internet service,No internet service,No internet service,No internet service,No internet service,No internet service,Month-to-month,Yes,Bank transfer (automatic),33.92,741.11,No
3440-OOCY,Male,1,Yes,No,71,Yes,No,No,No internet service,No internet service,No internet service,No internet service,No internet service,No internet service,Month-to-month,Yes,Bank transfer (automatic),38.13,2730.34,No
6956-IZVI,Male,0,Yes,No,70,Yes,No,DSL,No,Yes,No,No,No,No,One year,No,Electronic check,67.95,4777.01,No
6190-XWLY,Female,0,No,No,4,Yes,Yes,DSL,No,No,No,Yes,Yes,No,Month-to-month,Yes,Bank transfer (automatic),86.58,363.01,Yes
4034-IFWB,Female,0,No,No,51,Yes,No,No,No internet service,No internet service,No internet service,No internet service,No internet service,No internet service,Month-to-month,Yes,Credit card (automatic),40.75,2067.52,No
4262-IQAS,Female,0,No,No,0,Yes,Yes,DSL,Yes,No,No,No,No,No,Month-to-month,Yes,Credit card (automatic),77.62, ,Yes
3747-FEBI,Female,0,No,No,44,Yes,No,Fiber optic,No,Yes,No,No,No,Yes,Month-to-month,No,Electronic check,100.11,4441.27,Yes
4133-ZNDD,Female,0,No,No,39,Yes,No,Fiber optic,No,No,No,No,Yes,Yes,One year,Yes,Credit card (automatic),97.94,3822.75,No
2689-DPUD,Male,0,No,Yes,63,Yes,No,DSL,Yes,Yes,Yes,No,No,Yes,One year,Yes,Bank transfer (automatic),92.1,5768.76,No
5541-PVLP,Male,0,Yes,No,10,Yes,No,Fiber optic,Yes,No,No,No,Yes,No,Month-to-month,Yes,Electronic check,95.69,917.76,Yes
1818-HFJE,Female,0,Yes,No,51,Yes,Yes,DSL,Yes,Yes,No,No,Yes,Yes,Month-to-month,Yes,Electronic check,110.49,5635.95,No
6660-RJJG,Male,0,Yes,Yes,6,Yes,Yes,Fiber optic,No,Yes,No,Yes,No,No,One year,No,Bank transfer (automatic),100.11,594.28,No
3001-AGUA,Female,0,No,Yes,50,Yes,Yes,Fiber optic,Yes,No,Yes,Yes,No,No,Month-to-month,No,Electronic check,118.75,5891.01,No
7331-TJWI,Male,0,No,No,20,Yes,No,No,No internet service,No internet service,No internet service,No internet service,No internet service,No internet service,Month-to-month,Yes,Mailed check,31.98,657.88,No
7523-NPAB,Male,0,No,No,38,Yes,No,No,No internet service,No internet service,No internet service,No internet service,No internet service,No internet service,Month-to-month,Yes,Credit card (automatic),30.89,1188.28,No
9974-QWPM,Female,0,No,No,43,Yes,No,Fiber optic,Yes,No,Yes,No,Yes,Yes,Month-to-month,Yes,Electronic check,112.52,4848.4,Yes
3956-NKJC,Female,1,No,Yes,56,Yes,No,DSL,No,No,No,No,No,Yes,One year,No,Credit card (automatic),72.35,4038.18,No
7460-QOIJ,Female,1,No,Yes,40,Yes,No,Fiber optic,No,No,No,Yes,No,No,Two year,No,Bank transfer (automatic),88.05,3545.58,No
7458-REFQ,Male,1,Yes,Yes,38,Yes,No,Fiber optic,No,No,Yes,No,No,No,Month-to-month,No,Electronic check,86.28,3299.51,Yes
4091-PIBE,Female,0,No,No,19,No,No phone service,DSL,Yes,Yes,Yes,Yes,No,No,One year,Yes,Electronic check,73.79,1369.11,No
4203-DVZY,Male,0,No,No,21,Yes,Yes,No,No internet service,No internet service,No internet service,No internet service,No internet service,No internet service,Month-to-month,Yes,Mailed check,45.94,972.38,No
8382-LJBK,Male,0,No,No,28,Yes,No,DSL,Yes,No,Yes,No,No,No,Month-to-month,No,Credit card (automatic),74.39,2109.57,No
4349-FRBB,Male,0,Yes,No,45,Yes,Yes,No,No internet service,No internet service,No internet service,No internet service,No internet service,No internet service,Two year,No,Mailed check,40.13,1789.16,No
1583-PRMO,Male,0,No,No,67,Yes,Yes,Fiber optic,Yes,Yes,No,No,No,No,Month-to-month,Yes,Electronic check,105.31,7064.15,Yes
7196-LHJN,Female,0,Yes,Yes,2,Yes,No,No,No internet service,No internet service,No internet service,No internet service,No internet service,No internet service,Two year,Yes,Bank transfer (automatic),32.48,95.35,No
4185-SOFK,Female,0,No,Yes,72,Yes,No,Fiber optic,Yes,No,No,Yes,No,No,One year,Yes,Electronic check,98.79,7126.01,No
7772-KTTU,Female,0,No,Yes,4,Yes,No,Fiber optic,Yes,Yes,No,No,Yes,No,One year,Yes,Electronic check,105.25,421.51,No
5945-YRJB,Female,0,Yes,No,55,Yes,No,Fiber optic,No,No,Yes,No,No,No,Month-to-month,Yes,Mailed check,89.06,4908.96,No
6273-INSJ,Male,0,Yes,Yes,66,Yes,No,Fiber optic,No,No,No,No,No,No,Month-to-month,Yes,Credit card (automatic),80.11,5316.36,No
7902-DFND,Female,0,No,No,31,Yes,Yes,DSL,No,No,No,No,Yes,No,Two year,Yes,Credit card (automatic),77.64,2397.91,No
7745-OPGQ,Female,0,No,Yes,40,Yes,Yes,Fiber optic,Yes,No,No,No,Yes,No,Month-to-month,Yes,Credit card (automatic),108.48,4356.92,Yes
3322-SQFK,Female,0,No,Yes,28,No,No phone service,No,No internet service,No internet service,No internet service,No internet service,No internet service,No internet service,Month-to-month,Yes,Electronic check,18.25,525.32,No
5047-YHKG,Female,0,No,No,65,Yes,Yes,No,No internet service,No internet service,No internet service,No internet service,No internet service,No internet service,One year,Yes,Mailed check,49.32,3208.15,No
5663-VYSZ,Male,0,No,No,10,Yes,No,No,No internet service,No internet service,No internet service,No internet service,No internet service,No internet service,One year,No,Mailed check,32.43,307.54,No
8593-IDWO,Male,0,Yes,No,58,Yes,No,Fiber optic,No,No,No,No,No,No,Month-to-month,Yes,Electronic check,84.16,4871.74,Yes
7668-YBBP,Male,0,No,No,3,Yes,Yes,Fiber optic,Yes,Yes,No,Yes,No,No,Two year,Yes,Electronic check,117.66,377.28,No
9859-MCIM,Male,0,No,Yes,53,No,No phone service,No,No internet service,No internet service,No internet service,No internet service,No internet service,No internet service,Two year,No,Mailed check,18.25,989.3,No
3846-UVBH,Female,0,No,No,66,Yes,No,DSL,Yes,No,Yes,No,Yes,Yes,Two year,Yes,Electronic check,95.49,6291.75,No
5922-IPBF,Male,1,Yes,No,1,Yes,Yes,Fiber optic,No,Yes,No,No,No,Yes,Month-to-month,Yes,Electronic check,107.91,107.91,Yes
4167-VHZE,Female,0,Yes,No,47,Yes,Yes,Fiber optic,No,No,No,No,Yes,Yes,Month-to-month,No,Bank transfer (automatic),110.77,5195.75,Yes
3024-JWDC,Female,0,Yes,Yes,67,No,No phone service,DSL,No,No,Yes,Yes,No,No,Month-to-month,Yes,Electronic check,56.96,3818.62,No
5477-JOKN,Female,0,No,No,43,Yes,No,Fiber optic,Yes,Yes,No,No,Yes,Yes,Month-to-month,No,Mailed check,113.55,4871.54,Yes
4621-LMQP,Female,0,Yes,Yes,61,Yes,Yes,DSL,Yes,Yes,Yes,No,Yes,No,Two year,No,Electronic check,108.09,6586.24,No
8842-BKIC,Male,0,Yes,Yes,18,No,No phone service,Fiber optic,No,No,No,No,Yes,Yes,Two year,Yes,Mailed check,79.04,1453.29,No
6404-RTON,Male,0,Yes,Yes,43,Yes,No,Fiber optic,No,No,No,Yes,No,No,Month-to-month,Yes,Electronic check,85.79,3689.48,Yes
3465-QVZH,Female,0,Yes,No,30,Yes,No,Fiber optic,Yes,No,No,No,Yes,Yes,Month-to-month,No,Bank transfer (automatic),104.83,3108.59,Yes
8849-ZRYS,Male,0,No,No,61,Yes,No,Fiber optic,No,No,Yes,Yes,Yes,Yes,Month-to-month,No,Electronic check,115.91,7027.92,No
3759-HCCL,Male,0,No,No,14,Yes,No,Fiber optic,Yes,Yes,No,Yes,No,Yes,Month-to-month,No,Electronic check,113.71,1607.49,Yes
9190-VQDQ,Female,0,No,No,28,Yes,No,No,No internet service,No internet service,No internet service,No internet service,No internet service,No internet service,Month-to-month,Yes,Electronic check,38.03,1084.8,No
6773-SIUL,Female,0,Yes,No,66,Yes,No,Fiber optic,No,Yes,Yes,Yes,Yes,No,Month-to-month,Yes,Electronic check,118.75,7872.4,No
8844-KTCU,Male,1,Yes,No,46,Yes,No,Fiber optic,Yes,No,Yes,No,Yes,Yes,Month-to-month,No,Credit card (automatic),116.22,5356.3,Yes
4758-NKTH,Female,0,No,Yes,6,Yes,Yes,DSL,No,Yes,Yes,No,No,No,One year,Yes,Bank transfer (automatic),88.28,499.67,No
8171-LHFO,Male,0,Yes,No,67,Yes,Yes,No,No internet service,No internet service,No internet service,No internet service,No internet service,No internet service,Month-to-month,No,Electronic check,34.9,2313.38,No
1093-LPPU,Female,0,No,No,0,Yes,No,Fiber optic,Yes,No,No,No,No,No,Two year,Yes,Bank transfer (automatic),87.93, ,No
9627-TDKM,Female,0,Yes,No,70,Yes,Yes,DSL,No,No,No,Yes,No,No,Two year,Yes,Mailed check,75.71,5325.74,No
7524-IDLI,Female,0,Yes,No,21,Yes,No,Fiber optic,Yes,Yes,Yes,No,No,No,Month-to-month,Yes,Electronic check,102.11,2164.18,Yes
1076-PZFJ,Female,1,Yes,No,56,Yes,Yes,DSL,Yes,No,Yes,No,No,Yes,One year,No,Mailed check,91.85,5134.82,No
7694-ZSXS,Male,0,No,Yes,72,Yes,Yes,Fiber optic,Yes,No,Yes,Yes,No,Yes,One year,No,Electronic check,118.75,8553.61,No
8024-MMZU,Male,0,Yes,No,57,Yes,No,DSL,No,Yes,No,No,No,No,Month-to-month,No,Electronic check,68.37,3877.3,No
3625-JVMZ,Male,1,No,Yes,26,Yes,No,Fiber optic,No,Yes,No,No,Yes,Yes,Month-to-month,Yes,Mailed check,107.42,2770.19,Yes
9333-PTOA,Male,1,No,Yes,37,Yes,No,DSL,No,No,Yes,No,Yes,Yes,One year,No,Bank transfer (automatic),85.62,3139.84,No
3960-XMOP,Female,0,Yes,No,12,Yes,Yes,Fiber optic,Yes,Yes,No,No,No,No,One year,Yes,Credit card (automatic),109.93,1317.76,No
9847-BQKH,Female,0,Yes,No,14,Yes,Yes,No,No internet service,No internet service,No internet service,No internet service,No internet service,No internet service,Two year,No,Credit card (automatic),47.96,669.41,No
8923-CLTP,Male,0,No,Yes,72,Yes,No,DSL,Yes,No,No,No,No,No,Month-to-month,No,Electronic check,69.78,5019.07,No
8631-UQKQ,Male,0,Yes,No,47,Yes,Yes,Fiber optic,No,No,Yes,No,No,Yes,Month-to-month,Yes,Mailed check,106.79,5025.91,Yes
8413-ALOR,Male,1,No,No,14,Yes,Yes,DSL,Yes,Yes,Yes,No,No,Yes,One year,Yes,Credit card (automatic),102.98,1420.82,No
6374-WNAM,Male,0,No,Yes,39,Yes,Yes,DSL,No,No,Yes,Yes,No,No,Month-to-month,No,Mailed check,81.22,3177.56,No
3877-OGOT,Male,0,Yes,No,29,Yes,Yes,DSL,No,No,Yes,No,No,Yes,Month-to-month,No,Credit card (automatic),89.52,2603.48,No
1745-NFNX,Female,0,Yes,Yes,22,Yes,Yes,DSL,Yes,No,No,Yes,No,No,Month-to-month,Yes,Mailed check,86.48,1913.75,No
3296-VLKY,Male,0,Yes,No,8,No,No phone service,Fiber optic,No,No,No,No,No,No,Month-to-month,Yes,Electronic check,65.68,529.93,Yes
9853-TAHY,Male,0,Yes,No,31,No,No phone service,No,No internet service,No internet service,No internet service,No internet service,No internet service,No internet service,Month-to-month,No,Electronic check,22.47,677.51,No
6985-YWEW,Female,0,Yes,No,34,Yes,Yes,No,No internet service,No internet service,No internet service,No internet service,No internet service,No internet service,Month-to-month,Yes,Credit card (automatic),47.2,1600.45,No
9252-YHPV,Female,0,No,No,48,Yes,Yes,DSL,No,No,No,Yes,Yes,No,Month-to-month,Yes,Mailed check,89.01,4295.76,No
6295-MTOA,Male,0,No,No,44,Yes,Yes,No,No internet service,No internet service,No internet service,No internet service,No internet service,No internet service,Two year,No,Bank transfer (automatic),40.9,1807.55,No
3709-CFVN,Male,0,No,No,15,Yes,No,No,No internet service,No internet service,No internet service,No internet service,No internet service,No internet service,Month-to-month,Yes,Bank transfer (automatic),36.63,543.57,No
9529-CJQG,Male,0,No,Yes,31,Yes,Yes,DSL,Yes,No,Yes,No,No,No,Two year,Yes,Mailed check,86.37,2689.58,No
7766-AYKQ,Female,0,Yes,Yes,24,Yes,No,DSL,No,No,No,Yes,No,No,Month-to-month,Yes,Electronic check,66.14,1582.9,No
5228-GSYX,Male,0,Yes,No,36,Yes,No,Fiber optic,No,No,No,No,Yes,Yes,Month-to-month,No,Mailed check,102.28,3667.5,Yes
5366-COEW,Male,0,Yes,No,36,Yes,No,DSL,Yes,Yes,No,No,No,Yes,One year,Yes,Mailed check,89.02,3186.53,No
4229-TECI,Female,0,Yes,No,34,Yes,Yes,No,No internet service,No internet service,No internet service,No internet service,No internet service,No internet service,Month-to-month,Yes,Credit card (automatic),43.86,1487.74,No
7265-IGZB,Female,0,Yes,No,44,No,No phone service,DSL,No,No,Yes,No,No,No,Month-to-month,Yes,Electronic check,60.83,2654.61,Yes
8190-WUPI,Female,0,No,No,7,Yes,Yes,No,No internet service,No internet service,No internet service,No internet service,No internet service,No internet service,Two year,Yes,Electronic check,43.46,255.5,No
1012-STQF,Female,0,No,No,46,Yes,No,Fiber optic,No,Yes,Yes,Yes,Yes,No,Two year,Yes,Mailed check,114.67,5257.28,No
4683-ARSI,Male,0,No,No,35,Yes,Yes,Fiber optic,No,Yes,No,No,Yes,Yes,One year,No,Electronic check,113.7,3987.71,No
1652-HWMO,Female,0,Yes,Yes,9,Yes,No,DSL,No,Yes,Yes,Yes,No,Yes,Month-to-month,No,Bank transfer (automatic),94.41,829.1,Yes
2645-DAXD,Female,0,No,No,0,No,No phone service,DSL,No,Yes,No,Yes,Yes,Yes,One year,Yes,Bank transfer (automatic),80.41, ,No
6874-IJDT,Female,0,No,No,67,Yes,No,No,No internet service,No internet service,No internet service,No internet service,No internet service,No internet service,Two year,No,Bank transfer (automatic),35.15,2341.0,No
7507-KLRL,Male,1,Yes,No,14,Yes,No,Fiber optic,Yes,No,No,No,Yes,Yes,Month-to-month,No,Bank transfer (automatic),108.17,1473.36,Yes
7127-ETYL,Female,0,Yes,No,2,Yes,No,Fiber optic,No,No,Yes,No,Yes,Yes,Month-to-month,Yes,Credit card (automatic),111.55,228.98,Yes
6912-KIRY,Male,0,No,No,31,Yes,Yes,DSL,No,No,Yes,No,No,No,Two year,No,Bank transfer (automatic),80.52,2508.65,No
8522-TQNA,Female,0,No,Yes,19,No,No phone service,DSL,Yes,No,No,Yes,No,No,Month-to-month,No,Mailed check,60.85,1167.67,No
2232-YHEE,Male,0,No,No,55,Yes,Yes,Fiber optic,Yes,Yes,No,Yes,No,No,Two year,No,Electronic check,111.57,6140.95,No
9808-CSWI,Male,0,No,No,41,Yes,No,Fiber optic,Yes,No,Yes,No,No,Yes,One year,No,Electronic check,103.8,4251.46,No
5725-RPAB,Male,0,Yes,No,72,Yes,No,DSL,No,No,No,No,No,No,Month-to-month,No,Credit card (automatic),59.52,4288.07,No
9205-NAZZ,Female,0,Yes,Yes,59,Yes,No,DSL,No,No,No,Yes,No,No,One year,Yes,Credit card (automatic),64.29,3773.24,No
2423-OZOL,Male,0,No,No,55,Yes,No,DSL,Yes,No,Yes,No,No,Yes,Month-to-month,No,Electronic check,84.5,4679.77,No
5559-NXOW,Female,0,Yes,Yes,46,Yes,No,DSL,Yes,No,No,No,No,No,Month-to-month,No,Electronic check,69.26,3215.95,Yes
2306-JCWQ,Female,0,Yes,Yes,23,Yes,No,Fiber optic,Yes,Yes,No,No,Yes,Yes,Month-to-month,Yes,Credit card (automatic),115.12,2691.62,Yes
4399-WDNU,Male,1,No,Yes,40,Yes,No,Fiber optic,Yes,No,Yes,Yes,No,No,Two year,Yes,Electronic check,99.89,3997.09,No
7236-ADAQ,Female,0,Yes,Yes,3,No,No phone service,DSL,No,Yes,No,No,No,No,One year,No,Electronic check,49.41,125.15,No
2695-TOMB,Male,0,Yes,No,50,Yes,No,Fiber optic,Yes,Yes,No,Yes,Yes,No,One year,Yes,Credit card (automatic),114.97,5753.34,No
2403-SXMX,Female,0,No,Yes,0,Yes,No,DSL,No,Yes,No,No,No,Yes,Month-to-month,Yes,Bank transfer (automatic),78.19, ,Yes
1010-VOJI,Male,0,Yes,Yes,13,Yes,Yes,No,No internet service,No internet service,No internet service,No internet service,No internet service,No internet service,Month-to-month,Yes,Bank transfer (automatic),48.27,648.5,No
4003-ITAQ,Female,0,Yes,No,9,Yes,Yes,No,No internet service,No internet service,No internet service,No internet service,No internet service,No internet service,Two year,No,Electronic check,39.36,353.05,No
2789-ROFG,Male,0,Yes,No,35,Yes,No,DSL,No,No,Yes,No,Yes,No,Month-to-month,Yes,Bank transfer (automatic),82.03,2876.05,No
6872-FHLU,Female,0,No,No,41,Yes,No,Fiber optic,No,Yes,No,Yes,No,Yes,Month-to-month,Yes,Electronic check,107.98,4403.44,Yes
1973-LWJV,Female,0,Yes,No,47,Yes,No,Fiber optic,No,No,No,No,No,No,Month-to-month,No,Credit card (automatic),77.51,3651.18,Yes
4406-GZIJ,Male,0,Yes,No,17,Yes,Yes,No,No internet service,No internet service,No internet service,No internet service,No internet service,No internet service,Month-to-month,Yes,Bank transfer (automatic),47.84,831.91,No
8689-PGEW,Female,0,No,No,59,Yes,Yes,DSL,No,No,No,No,No,No,One year,No,Bank transfer (automatic),70.16,4142.82,No
6873-KOUT,Female,0,Yes,No,27,Yes,Yes,Fiber optic,Yes,Yes,No,Yes,No,No,Month-to-month,No,Mailed check,111.8,2989.43,Yes
7475-DOIG,Male,0,Yes,Yes,52,Yes,Yes,Fiber optic,No,Yes,Yes,Yes,Yes,No,Month-to-month,No,Mailed check,118.75,6170.11,No
9283-WMHL,Male,0,No,No,8,Yes,Yes,Fiber optic,Yes,Yes,Yes,Yes,No,Yes,One year,No,Electronic check,118.75,951.68,No
5053-XSZZ,Male,0,Yes,Yes,23,Yes,Yes,DSL,Yes,No,Yes,No,No,No,Month-to-month,Yes,Credit card (automatic),86.44,2015.98,No
2245-APVQ,Male,1,Yes,No,19,Yes,No,Fiber optic,Yes,No,Yes,No,No,No,Two year,No,Electronic check,91.66,1754.67,No
8741-RKRG,Male,0,No,No,68,Yes,Yes,DSL,Yes,No,Yes,No,Yes,Yes,One year,Yes,Mailed check,106.22,7182.64,No
3801-ZHFG,Female,0,No,Yes,26,No,No phone service,DSL,No,No,No,No,No,No,Month-to-month,Yes,Credit card (automatic),50.76,1356.01,No
7038-VJKY,Male,0,No,No,39,Yes,No,DSL,Yes,No,Yes,Yes,No,No,Month-to-month,Yes,Bank transfer (automatic),82.65,3212.76,No
1364-IGIM,Female,0,No,No,70,No,No phone service,Fiber optic,Yes,No,Yes,Yes,No,No,Month-to-month,Yes,Credit card (automatic),89.31,6252.78,No
5793-CCAU,Female,0,Yes,No,53,Yes,Yes,Fiber optic,No,No,No,Yes,No,Yes,Month-to-month,No,Bank transfer (automatic),108.65,5736.08,No
1179-BYCO,Female,0,No,No,14,Yes,Yes,Fiber optic,Yes,No,No,No,No,No,Month-to-month,Yes,Mailed check,100.75,1406.04,Yes
1773-MUAT,Female,0,Yes,Yes,50,Yes,No,DSL,No,No,No,Yes,Yes,No,Month-to-month,Yes,Credit card (automatic),78.45,3935.31,No
6202-AUVB,Female,0,Yes,No,68,No,No phone service,Fiber optic,No,No,No,No,No,Yes,Month-to-month,Yes,Credit card (automatic),76.87,5235.32,No
5287-ONSK,Male,0,No,No,39,Yes,No,DSL,No,No,Yes,No,No,No,One year,Yes,Bank transfer (automatic),72.28,2812.62,No
5477-OFTI,Male,0,Yes,No,68,Yes,No,No,No internet service,No internet service,No internet service,No internet service,No internet service,No internet service,One year,Yes,Electronic check,33.39,2309.19,No
8012-TBFZ,Male,0,No,No,42,Yes,No,Fiber optic,Yes,Yes,No,Yes,No,Yes,Two year,No,Bank transfer (automatic),117.22,4921.0,No
6329-WSIU,Male,0,Yes,No,63,No,No phone service,Fiber optic,No,Yes,No,No,No,No,Two year,No,Electronic check,76.56,4808.16,No
4770-FNZX,Male,0,Yes,No,6,Yes,No,DSL,No,No,No,No,No,No,One year,Yes,Mailed check,56.67,338.54,No
6372-MKLS,Male,0,No,No,1,Yes,No,Fiber optic,No,Yes,No,No,No,Yes,Month-to-month,No,Electronic check,95.76,97.81,Yes
9978-UZSX,Female,1,Yes,No,29,Yes,Yes,No,No internet service,No internet service,No internet service,No internet service,No internet service,No internet service,Month-to-month,Yes,Electronic check,51.14,1469.64,No
7681-MNXR,Male,0,No,Yes,51,Yes,No,DSL,No,No,No,Yes,No,No,Two year,Yes,Electronic check,68.47,3512.99,No
6392-DLMD,Male,0,Yes,No,32,No,No phone service,Fiber optic,Yes,No,No,Yes,No,No,Month-to-month,Yes,Credit card (automatic),81.11,2599.38,Yes
3377-YCOB,Male,0,Yes,No,8,Yes,Yes,Fiber optic,No,No,No,Yes,Yes,Yes,Month-to-month,No,Bank transfer (automatic),116.36,938.61,Yes
4160-QFZH,Male,0,Yes,No,10,No,No phone service,DSL,No,Yes,No,Yes,Yes,Yes,One year,Yes,Electronic check,80.26,792.98,No
3586-YRVA,Male,1,Yes,No,9,Yes,No,Fiber optic,No,Yes,No,No,Yes,No,Two year,Yes,Mailed check,97.91,879.44,No
6308-PGCW,Female,0,No,Yes,53,Yes,Yes,Fiber optic,Yes,No,No,No,No,Yes,Two year,No,Bank transfer (automatic),108.33,5747.58,No
6827-IESO,Female,0,No,No,19,No,No phone service,DSL,No,Yes,Yes,No,No,No,Month-to-month,No,Mailed check,55.25,1040.22,No
9741-RSXO,Female,0,No,No,4,Yes,Yes,Fiber optic,No,Yes,Yes,No,No,No,Two year,No,Credit card (automatic),104.29,421.05,No
6769-FNQI,Male,0,No,No,23,Yes,Yes,Fiber optic,No,No,Yes,Yes,Yes,Yes,Month-to-month,No,Credit card (automatic),118.75,2744.26,Yes
5893-EWGS,Male,0,No,Yes,31,Yes,No,No,No internet service,No internet service,No internet service,No internet service,No internet service,No internet service,Month-to-month,No,Electronic check,32.55,995.08,No
5382-TZGX,Male,0,Yes,No,30,Yes,Yes,DSL,No,Yes,No,No,No,No,Two year,Yes,Mailed check,81.85,2439.19,No
8727-MHFF,Female,0,Yes,No,43,Yes,Yes,No,No internet service,No internet service,No internet service,No internet service,No internet service,No internet service,Two year,Yes,Mailed check,43.05,1817.15,No
1680-DKEY,Female,0,No,Yes,18,Yes,Yes,Fiber optic,No,No,No,Yes,Yes,No,Month-to-month,No,Credit card (automatic),113.27,2007.12,Yes
8952-TGOY,Male,0,Yes,No,23,Yes,Yes,Fiber optic,No,No,Yes,No,Yes,Yes,Month-to-month,No,Mailed check,115.73,2648.82,Yes
8758-NMKM,Male,1,Yes,Yes,11,Yes,Yes,Fiber optic,No,No,No,Yes,No,Yes,Month-to-month,Yes,Electronic check,111.82,1216.03,Yes
8769-VXIJ,Female,0,No,No,49,Yes,Yes,Fiber optic,No,No,Yes,Yes,Yes,Yes,Month-to-month,No,Mailed check,118.75,5825.6,No
8939-QNXR,Female,0,Yes,No,24,Yes,No,Fiber optic,Yes,Yes,No,Yes,No,No,Month-to-month,Yes,Mailed check,106.18,2565.21,Yes
4081-IYCV,Female,1,Yes,No,50,Yes,Yes,DSL,Yes,Yes,No,No,Yes,Yes,Month-to-month,No,Electronic check,108.58,5396.18,No
3829-ZYOB,Male,0,Yes,No,13,Yes,No,No,No internet service,No internet service,No internet service,No internet service,No internet service,No internet service,Month-to-month,Yes,Mailed check,30.08,370.54,No
2559-NPGD,Female,0,No,No,71,Yes,Yes,No,No internet service,No internet service,No internet service,No internet service,No internet service,No internet service,Two year,Yes,Electronic check,43.46,3058.0,No
1625-XEFG,Male,0,Yes,No,28,Yes,Yes,No,No internet service,No internet service,No internet service,No internet service,No internet service,No internet service,Two year,Yes,Credit card (automatic),38.76,1058.42,No
4006-OZAX,Male,0,No,No,24,Yes,No,DSL,No,No,No,No,No,Yes,Month-to-month,Yes,Bank transfer (automatic),71.5,1708.43,No
5611-YAKR,Male,0,Yes,No,58,Yes,No,No,No internet service,No internet service,No internet service,No internet service,No internet service,No internet service,Month-to-month,Yes,Credit card (automatic),33.48,1982.16,No
5490-JQDX,Female,0,No,No,56,No,No phone service,No,No internet service,No internet service,No internet service,No internet service,No internet service,No internet service,Month-to-month,Yes,Bank transfer (automatic),18.25,1031.12,No
3670-ZPUM,Female,0,Yes,No,11,No,No phone service,Fiber optic,Yes,No,No,No,No,Yes,One year,Yes,Mailed check,78.38,870.61,No
8432-KKFA,Female,0,No,No,49,Yes,Yes,No,No internet service,No internet service,No internet service,No internet service,No internet service,No internet service,One year,No,Electronic check,44.91,2181.87,No
5725-FMVX,Female,0,No,No,11,Yes,No,DSL,No,Yes,Yes,Yes,No,No,Month-to-month,Yes,Bank transfer (automatic),82.62,935.57,Yes
8002-RTNO,Male,0,No,No,47,Yes,Yes,DSL,No,No,No,No,Yes,No,Two year,No,Mailed check,81.11,3814.16,No
5537-DBGJ,Male,0,No,No,49,Yes,No,DSL,Yes,No,No,No,No,No,Month-to-month,Yes,Electronic check,66.49,3212.9,No
1559-JRQU,Male,0,No,No,18,Yes,Yes,DSL,No,No,No,Yes,No,Yes,Month-to-month,No,Bank transfer (automatic),89.45,1610.67,No
7203-MAAO,Male,0,Yes,No,52,Yes,Yes,Fiber optic,Yes,No,Yes,No,Yes,Yes,One year,No,Credit card (automatic),118.75,6183.42,No
1037-YZMA,Female,1,No,Yes,34,Yes,No,No,No internet service,No internet service,No internet service,No internet service,No internet service,No internet service,Month-to-month,No,Credit card (automatic),35.48,1194.24,No
2832-YQPH,Male,0,No,No,26,Yes,Yes,DSL,No,No,No,No,No,No,One year,Yes,Bank transfer (automatic),72.58,1880.88,No
1432-OXAL,Female,0,Yes,No,66,Yes,Yes,Fiber optic,No,No,Yes,Yes,Yes,No,Month-to-month,Yes,Mailed check,118.75,7846.86,No
2751-FYAY,Male,0,Yes,Yes,50,Yes,Yes,Fiber optic,Yes,No,No,No,Yes,No,Month-to-month,No,Mailed check,112.23,5671.02,No
1256-JJCQ,Female,0,Yes,No,18,Yes,Yes,DSL,No,Yes,Yes,No,Yes,Yes,Month-to-month,Yes,Mailed check,105.41,1873.13,No
2682-KRBI,Male,0,Yes,Yes,42,Yes,No,No,No internet service,No internet service,No internet service,No internet service,No internet service,No internet service,Month-to-month,Yes,Credit card (automatic),30.88,1241.98,No
2975-QNDQ,Male,0,Yes,No,34,Yes,Yes,No,No internet service,No internet service,No internet service,No internet service,No internet service,No internet service,One year,Yes,Mailed check,42.21,1423.02,No
5939-TRCK,Female,0,No,Yes,14,Yes,No,DSL,No,No,No,No,No,Yes,Month-to-month,Yes,Electronic check,68.38,933.24,Yes
7200-RDQR,Male,1,Yes,No,15,Yes,No,Fiber optic,No,No,No,No,No,No,Two year,Yes,Mailed check,74.78,1109.07,No
1045-JOAP,Female,0,Yes,No,68,Yes,No,DSL,No,No,Yes,No,No,Yes,One year,No,Credit card (automatic),73.17,4975.09,No
7282-WTFX,Male,0,No,No,70,Yes,Yes,Fiber optic,Yes,No,No,No,No,No,Two year,Yes,Electronic check,96.38,6755.4,No
1636-VPBA,Female,0,No,Yes,40,Yes,No,Fiber optic,Yes,Yes,Yes,Yes,No,Yes,Month-to-month,Yes,Bank transfer (automatic),118.75,4722.1,Yes
5183-XIVL,Female,0,Yes,No,53,Yes,Yes,DSL,No,No,No,No,Yes,No,Month-to-month,Yes,Electronic check,83.8,4435.74,No
7032-YOSV,Female,0,Yes,No,64,Yes,No,Fiber optic,No,No,No,No,No,No,One year,Yes,Bank transfer (automatic),76.38,4903.5,No
3108-ZLNI,Female,0,Yes,No,29,Yes,No,No,No internet service,No internet service,No internet service,No internet service,No internet service,No internet service,Month-to-month,Yes,Mailed check,36.13,1040.54,No
5332-CUNU,Male,1,Yes,Yes,18,Yes,No,No,No internet service,No internet service,No internet service,No internet service,No internet service,No internet service,Month-to-month,Yes,Mailed check,31.88,563.98,No
8939-TWYK,Female,0,Yes,No,45,Yes,No,Fiber optic,No,No,Yes,Yes,No,No,Two year,No,Bank transfer (automatic),96.24,4317.97,No
2845-WQMK,Female,0,Yes,No,59,Yes,Yes,DSL,Yes,Yes,Yes,Yes,No,No,Two year,No,Mailed check,103.35,6108.74,No
8069-CIFV,Female,0,Yes,Yes,23,Yes,Yes,DSL,No,No,Yes,No,No,Yes,Two year,No,Bank transfer (automatic),84.34,1944.35,No
2578-PSEN,Female,0,No,Yes,35,Yes,Yes,Fiber optic,Yes,No,No,Yes,No,No,Two year,Yes,Credit card (automatic),109.85,3855.81,No
8714-DPPU,Male,0,Yes,No,48,Yes,No,Fiber optic,No,No,No,Yes,No,No,One year,Yes,Electronic check,87.86,4251.58,No
4960-DSZQ,Female,0,Yes,No,58,Yes,Yes,Fiber optic,No,No,Yes,No,Yes,No,One year,No,Electronic check,107.33,6186.15,No
3732-ZVWZ,Male,0,No,No,13,Yes,No,Fiber optic,No,No,Yes,No,Yes,Yes,Month-to-month,Yes,Mailed check,108.03,1437.65,Yes
1667-ALDK,Male,0,No,No,38,Yes,No,DSL,No,No,Yes,Yes,Yes,No,Month-to-month,Yes,Electronic check,87.84,3324.42,No
9080-HFUI,Female,1,Yes,No,7,Yes,Yes,DSL,Yes,Yes,Yes,No,Yes,No,Month-to-month,Yes,Mailed check,105.95,734.18,Yes
7604-KPPB,Female,0,Yes,No,47,No,No phone service,No,No internet service,No internet service,No internet service,No internet service,No internet service,No internet service,Month-to-month,Yes,Bank transfer (automatic),22.55,1051.46,No
8785-LHKJ,Female,0,No,Yes,68,Yes,Yes,DSL,No,Yes,No,Yes,Yes,No,Month-to-month,Yes,Bank transfer (automatic),95.82,6512.54,No
8372-YQGX,Female,1,Yes,Yes,40,Yes,Yes,No,No internet service,No internet service,No internet service,No internet service,No internet service,No internet service,Month-to-month,No,Bank transfer (automatic),39.66,1616.53,No
7338-TMSG,Male,1,No,Yes,34,Yes,Yes,DSL,No,Yes,No,Yes,Yes,Yes,One year,No,Mailed check,111.63,3787.75,No
1904-SMVH,Male,0,No,Yes,63,Yes,No,Fiber optic,Yes,Yes,No,Yes,Yes,No,Month-to-month,Yes,Mailed check,117.18,7397.24,No
9021-RWBR,Female,0,Yes,No,52,Yes,Yes,DSL,No,No,Yes,No,No,Yes,Two year,Yes,Mailed check,80.56,4204.9,No
3289-KANP,Female,0,No,Yes,53,No,No phone service,Fiber optic,No,No,Yes,No,No,Yes,Month-to-month,No,Electronic check,81.03,4290.44,Yes
8690-AGPN,Male,0,No,No,36,Yes,No,No,No internet service,No internet service,No internet service,No internet service,No internet service,No internet service,Two year,Yes,Mailed check,32.39,1170.37,No
3666-PSQZ,Male,0,No,No,51,Yes,Yes,No,No internet service,No internet service,No internet service,No internet service,No internet service,No internet service,Month-to-month,Yes,Credit card (automatic),42.02,2102.76,No
3181-KQIR,Female,1,Yes,No,17,Yes,No,Fiber optic,Yes,No,No,Yes,Yes,No,Month-to-month,No,Electronic check,104.91,1761.48,Yes
6899-WVVE,Female,0,No,No,20,Yes,Yes,Fiber optic,No,No,No,No,Yes,No,Two year,Yes,Bank transfer (automatic),102.5,2032.95,No
8226-DCZX,Female,0,No,Yes,41,Yes,Yes,No,No internet service,No internet service,No internet service,No internet service,No internet service,No internet service,Month-to-month,No,Electronic check,42.65,1736.83,No
8736-QGZD,Female,0,No,No,64,Yes,Yes,DSL,Yes,No,No,Yes,Yes,No,Month-to-month,Yes,Electronic check,97.58,6214.33,No
1556-LAUS,Female,0,No,Yes,7,Yes,Yes,Fiber optic,Yes,No,No,No,No,No,Month-to-month,Yes,Credit card (automatic),100.69,723.06,Yes
9243-RKTC,Female,0,Yes,No,38,Yes,No,Fiber optic,Yes,No,Yes,No,Yes,No,Month-to-month,No,Electronic check,109.05,4152.63,Yes
1671-JHOE,Male,0,Yes,No,60,No,No phone service,DSL,No,No,Yes,No,Yes,No,One year,Yes,Credit card (automatic),65.47,3931.58,No
4139-ZUTS,Male,0,Yes,No,59,No,No phone service,DSL,Yes,No,No,Yes,No,No,Month-to-month,Yes,Credit card (automatic),61.51,3638.63,No
7763-CJOJ,Male,0,Yes,No,68,Yes,No,DSL,Yes,No,No,Yes,No,Yes,Two year,Yes,Mailed check,80.44,5457.47,No
7327-WRAC,Male,0,Yes,No,58,Yes,Yes,Fiber optic,No,No,No,No,Yes,No,Month-to-month,No,Electronic check,104.84,6110.09,Yes
1500-ZLAC,Female,0,Yes,No,9,Yes,Yes,Fiber optic,Yes,No,No,No,Yes,No,Month-to-month,Yes,Electronic check,104.75,930.69,Yes
8234-ESYA,Female,0,Yes,Yes,62,Yes,No,DSL,No,Yes,Yes,Yes,No,Yes,One year,Yes,Credit card (automatic),90.98,5660.28,No
5284-ZZDQ,Male,0,No,Yes,69,Yes,Yes,Fiber optic,No,No,No,Yes,No,No,Two year,No,Credit card (automatic),98.51,6835.02,No
6901-RAVP,Female,1,No,No,6,Yes,Yes,Fiber optic,No,No,No,No,No,No,Month-to-month,Yes,Credit card (automatic),88.02,540.29,Yes
5482-WUIW,Female,1,No,No,34,Yes,No,DSL,No,No,No,Yes,Yes,Yes,Month-to-month,Yes,Credit card (automatic),82.32,2794.69,No
9643-UEKU,Female,0,No,No,41,Yes,No,No,No internet service,No internet service,No internet service,No internet service,No internet service,No internet service,Two year,No,Electronic check,37.71,1548.65,No
6241-CFXK,Male,0,Yes,Yes,28,Yes,Yes,DSL,No,No,Yes,No,No,No,Month-to-month,Yes,Mailed check,71.24,2005.55,No
3588-OWCA,Male,0,Yes,No,26,No,No phone service,Fiber optic,No,Yes,No,No,Yes,Yes,Two year,No,Mailed check,92.89,2401.57,No
4218-NQVN,Male,1,No,Yes,37,Yes,Yes,Fiber optic,Yes,No,No,No,Yes,Yes,One year,No,Mailed check,116.49,4322.44,No
7000-YNLP,Male,0,No,No,1,Yes,No,Fiber optic,No,Yes,No,No,Yes,Yes,Month-to-month,Yes,Bank transfer (automatic),111.41,136.82,Yes
5428-FQLW,Male,0,Yes,Yes,24,Yes,No,DSL,No,Yes,No,No,No,No,Month-to-month,Yes,Mailed check,68.69,1616.94,No
2446-AAEF,Male,0,No,Yes,65,Yes,Yes,Fiber optic,No,No,No,No,Yes,No,Month-to-month,Yes,Bank transfer (automatic),97.85,6338.02,No
6790-PYPN,Male,0,No,No,37,Yes,Yes,DSL,Yes,No,No,No,No,Yes,Two year,No,Electronic check,88.97,3294.73,No
1864-MTJX,Female,0,No,No,58,No,No phone service,Fiber optic,No,No,Yes,Yes,No,No,Two year,No,Bank transfer (automatic),83.3,4839.41,No
7217-IMCR,Male,0,Yes,Yes,6,Yes,No,DSL,Yes,Yes,Yes,Yes,Yes,No,Two year,No,Mailed check,101.64,596.25,No
5659-BQSW,Female,0,No,No,48,Yes,No,DSL,No,Yes,Yes,No,Yes,No,Two year,Yes,Electronic check,82.35,3970.71,No
4041-AXEX,Female,0,No,Yes,67,Yes,No,DSL,Yes,No,No,Yes,No,No,Month-to-month,Yes,Bank transfer (automatic),78.72,5264.41,No
1066-GXVM,Male,0,Yes,No,40,No,No phone service,Fiber optic,Yes,Yes,No,No,Yes,No,Two year,No,Electronic check,90.05,3594.18,No
7806-RXUG,Female,0,Yes,No,50,Yes,Yes,Fiber optic,No,Yes,No,Yes,No,No,Month-to-month,No,Bank transfer (automatic),102.77,5097.66,No
7107-HOTD,Female,0,Yes,No,23,Yes,No,No,No internet service,No internet service,No internet service,No internet service,No internet service,No internet service,Two year,No,Mailed check,35.55,808.44,No
1929-EAYE,Male,0,Yes,No,35,No,No phone service,DSL,No,No,No,Yes,Yes,No,Month-to-month,No,Credit card (automatic),59.3,2103.57,No
8973-BZZA,Female,0,Yes,Yes,9,Yes,Yes,Fiber optic,No,No,Yes,No,No,No,Month-to-month,Yes,Electronic check,96.42,879.73,Yes
3819-GVZA,Male,1,Yes,Yes,20,Yes,Yes,Fiber optic,Yes,No,No,Yes,No,Yes,Month-to-month,No,Credit card (automatic),117.73,2359.49,Yes
9480-HTPU,Female,0,Yes,No,26,Yes,No,No,No internet service,No internet service,No internet service,No internet service,No internet service,No internet service,Two year,Yes,Mailed check,31.28,823.24,No
4574-XZWR,Female,0,Yes,No,54,No,No phone service,Fiber optic,No,No,No,Yes,No,No,Month-to-month,No,Electronic check,71.59,3863.1,No
4133-TJLA,Female,0,Yes,No,4,Yes,No,DSL,No,No,No,Yes,No,Yes,Month-to-month,Yes,Bank transfer (automatic),76.52,299.79,No
3888-CSZI,Female,1,No,Yes,58,Yes,No,Fiber optic,No,No,No,No,No,No,Two year,Yes,Credit card (automatic),81.75,4743.3,No
7249-SPXR,Male,0,No,No,35,Yes,No,DSL,Yes,No,Yes,Yes,No,Yes,Month-to-month,No,Bank transfer (automatic),99.41,3494.47,No
1892-CBAR,Male,0,Yes,No,33,Yes,Yes,DSL,Yes,Yes,Yes,Yes,Yes,No,Month-to-month,No,Bank transfer (automatic),111.25,3712.78,No
5503-IMBG,Male,0,Yes,Yes,51,Yes,Yes,Fiber optic,No,No,Yes,Yes,No,No,Month-to-month,Yes,Electronic check,105.52,5396.75,No
4695-USYO,Female,0,No,No,5,No,No phone service,Fiber optic,No,Yes,No,No,No,No,Two year,Yes,Mailed check,74.33,391.63,No
6013-KAUG,Female,0,No,No,13,No,No phone service,DSL,Yes,Yes,Yes,No,No,No,Month-to-month,No,Electronic check,70.64,894.87,Yes
3515-HJEI,Female,1,Yes,No,58,Yes,Yes,No,No internet service,No internet service,No internet service,No internet service,No internet service,No internet service,Month-to-month,No,Mailed check,47.27,2730.7,No
7616-ABSN,Female,0,No,No,56,Yes,No,Fiber optic,No,Yes,Yes,Yes,Yes,No,One year,Yes,Mailed check,109.18,6130.76,No
4561-IJFQ,Male,1,Yes,No,36,Yes,No,Fiber optic,No,Yes,No,No,Yes,No,One year,Yes,Bank transfer (automatic),97.72,3513.0,No
5184-FDTC,Female,0,No,Yes,57,Yes,No,Fiber optic,Yes,Yes,Yes,No,No,No,Two year,Yes,Electronic check,100.62,5743.54,No
6969-ZXDH,Male,1,No,No,31,Yes,No,DSL,No,No,Yes,No,No,No,Month-to-month,Yes,Credit card (automatic),67.18,2092.11,No
1734-EMYA,Female,0,Yes,No,19,Yes,Yes,DSL,No,No,No,Yes,No,No,Month-to-month,No,Mailed check,76.53,1457.34,No
5268-DVZX,Female,0,No,No,60,Yes,Yes,No,No internet service,No internet service,No internet service,No internet service,No internet service,No internet service,Month-to-month,Yes,Mailed check,45.38,2751.55,No
4872-WLKX,Male,0,Yes,Yes,56,Yes,Yes,No,No internet service,No internet service,No internet service,No internet service,No internet service,No internet service,Month-to-month,Yes,Electronic check,45.95,2543.21,No
9007-YFVB,Male,0,No,No,51,No,No phone service,Fiber optic,Yes,No,No,Yes,Yes,No,One year,No,Bank transfer (automatic),87.72,4505.53,No
6138-TTXN,Male,0,Yes,No,47,Yes,No,DSL,Yes,Yes,No,No,No,Yes,One year,No,Mailed check,84.3,3954.07,No
1544-JPDK,Male,0,No,No,10,No,No phone service,Fiber optic,No,Yes,Yes,No,No,Yes,One year,Yes,Credit card (automatic),97.35,969.81,No
9015-TAPS,Female,0,Yes,No,29,Yes,Yes,Fiber optic,No,No,Yes,Yes,No,No,Two year,Yes,Credit card (automatic),104.32,3050.19,No
3708-VIII,Male,0,No,Yes,59,Yes,No,DSL,Yes,Yes,Yes,Yes,No,Yes,Month-to-month,No,Mailed check,99.54,5868.43,No
6914-QLYM,Male,0,No,No,17,Yes,No,Fiber optic,Yes,No,No,No,Yes,Yes,Month-to-month,Yes,Credit card (automatic),105.27,1826.36,Yes
9399-RAAL,Female,0,Yes,No,46,Yes,Yes,DSL,No,No,Yes,Yes,Yes,No,One year,Yes,Mailed check,92.92,4293.6,No
9118-EPRQ,Female,1,Yes,Yes,11,Yes,No,DSL,No,No,No,No,No,No,Two year,Yes,Mailed check,58.55,651.2,No
2461-HCZY,Female,1,Yes,Yes,49,Yes,No,DSL,Yes,No,Yes,No,Yes,Yes,Month-to-month,Yes,Bank transfer (automatic),91.94,4527.53,No
5775-SRRU,Female,0,No,No,39,Yes,No,Fiber optic,No,No,No,Yes,No,No,Two year,Yes,Credit card (automatic),89.82,3510.37,No
8262-AORY,Male,0,No,No,63,Yes,No,No,No internet service,No internet service,No internet service,No internet service,No internet service,No internet service,One year,No,Bank transfer (automatic),35.12,2211.61,No
7142-POFI,Male,0,Yes,No,18,Yes,No,Fiber optic,Yes,No,Yes,Yes,No,Yes,Two year,Yes,Credit card (automatic),115.91,2056.77,No
3484-PYFV,Female,0,No,No,26,Yes,Yes,No,No internet service,No internet service,No internet service,No internet service,No internet service,No internet service,Month-to-month,Yes,Electronic check,42.67,1113.79,No
9186-PTPL,Male,0,Yes,Yes,51,Yes,No,No,No internet service,No internet service,No internet service,No internet service,No internet service,No internet service,Month-to-month,Yes,Mailed check,35.87,1826.61,No
1656-EYMH,Male,0,Yes,No,6,Yes,No,No,No internet service,No internet service,No internet service,No internet service,No internet service,No internet service,One year,Yes,Mailed check,33.52,218.13,No
7839-ELIC,Female,0,Yes,No,62,Yes,Yes,DSL,Yes,No,Yes,No,Yes,Yes,Month-to-month,No,Credit card (automatic),111.71,6934.52,No
7176-YVRX,Male,0,No,No,54,Yes,Yes,Fiber optic,Yes,Yes,No,No,Yes,No,Two year,No,Mailed check,113.27,6116.62,No
4563-IIRR,Male,0,No,No,30,Yes,No,Fiber optic,Yes,No,Yes,Yes,No,No,Two year,No,Electronic check,104.84,3143.9,No
7182-DMQX,Female,1,No,Yes,10,Yes,Yes,Fiber optic,Yes,No,No,Yes,No,Yes,One year,No,Credit card (automatic),117.56,1192.49,No
3273-NCEN,Male,0,Yes,No,16,Yes,No,Fiber optic,No,Yes,No,No,No,No,One year,Yes,Electronic check,90.81,1441.33,No
4094-GRMW,Male,0,No,Yes,65,No,No phone service,DSL,Yes,Yes,No,Yes,No,Yes,Month-to-month,Yes,Credit card (automatic),80.37,5213.33,No
2589-JYMP,Female,0,Yes,Yes,66,Yes,No,Fiber optic,No,Yes,No,No,No,No,Two year,No,Bank transfer (automatic),83.69,5559.57,No
5648-BWEV,Male,0,Yes,No,31,Yes,Yes,Fiber optic,Yes,Yes,Yes,Yes,No,No,One year,Yes,Bank transfer (automatic),116.53,3630.07,No
4683-QITB,Female,0,Yes,Yes,23,Yes,No,DSL,No,No,No,No,Yes,Yes,Month-to-month,Yes,Electronic check,84.42,1975.91,Yes
9055-RUVK,Female,0,Yes,No,12,Yes,Yes,No,No internet service,No internet service,No internet service,No internet service,No internet service,No internet service,One year,Yes,Credit card (automatic),44.62,540.99,No
2868-HAQL,Female,0,No,Yes,21,Yes,Yes,Fiber optic,No,No,No,No,Yes,No,Month-to-month,Yes,Credit card (automatic),99.67,2086.1,Yes
7403-UMIG,Female,0,No,No,18,Yes,No,Fiber optic,No,Yes,No,No,No,No,Month-to-month,Yes,Electronic check,91.07,1639.19,Yes
4542-XEEQ,Female,0,No,Yes,52,Yes,No,Fiber optic,Yes,Yes,No,No,No,No,Month-to-month,No,Credit card (automatic),99.74,5186.47,No
5637-IFYS,Female,0,Yes,No,38,Yes,No,No,No internet service,No internet service,No internet service,No internet service,No internet service,No internet service,Month-to-month,Yes,Mailed check,37.15,1397.08,No
9457-PEOM,Male,0,Yes,Yes,20,Yes,No,Fiber optic,No,Yes,No,No,No,No,Month-to-month,Yes,Credit card (automatic),79.97,1586.62,Yes
4148-MONH,Female,0,Yes,No,15,Yes,Yes,Fiber optic,Yes,Yes,Yes,Yes,No,No,Two year,No,Electronic check,118.75,1783.42,No
1209-XDZJ,Male,0,Yes,No,6,Yes,No,No,No internet service,No internet service,No internet service,No internet service,No internet service,No internet service,Month-to-month,Yes,Electronic check,34.25,248.71,Yes
9606-AEMA,Female,0,No,No,25,Yes,No,DSL,No,Yes,Yes,No,No,Yes,Two year,Yes,Credit card (automatic),86.25,2156.52,No
6607-CCGD,Female,0,Yes,No,30,Yes,Yes,DSL,No,No,Yes,No,No,No,Month-to-month,No,Bank transfer (automatic),76.16,2319.0,No
3210-OHCG,Female,0,No,Yes,67,Yes,Yes,DSL,No,No,Yes,Yes,No,Yes,Two year,Yes,Electronic check,97.54,6506.45,No
1849-KKQF,Male,0,Yes,Yes,39,Yes,Yes,Fiber optic,Yes,No,No,Yes,No,Yes,Month-to-month,Yes,Electronic check,112.85,4384.81,Yes
2831-AJYS,Male,0,Yes,Yes,26,Yes,No,No,No internet service,No internet service,No internet service,No internet service,No internet service,No internet service,Two year,No,Mailed check,33.05,847.44,No
5354-DKOA,Female,0,Yes,No,8,Yes,Yes,No,No internet service,No internet service,No internet service,No internet service,No internet service,No internet service,Month-to-month,No,Mailed check,46.92,385.8,No
5722-MZPD,Male,0,No,No,15,Yes,Yes,Fiber optic,No,No,Yes,Yes,No,No,Month-to-month,No,Mailed check,105.1,1551.61,Yes
5576-TMAE,Female,0,Yes,Yes,71,Yes,No,DSL,No,No,Yes,Yes,No,No,Month-to-month,No,Credit card (automatic),75.24,5349.08,No
3532-NWNH,Female,0,No,No,12,Yes,No,No,No internet service,No internet service,No internet service,No internet service,No internet service,No internet service,Month-to-month,Yes,Mailed check,31.97,398.12,No
4523-GTSO,Male,0,Yes,No,59,Yes,No,No,No internet service,No internet service,No internet service,No internet service,No internet service,No internet service,Month-to-month,Yes,Electronic check,34.88,2038.4,No
5995-SIUM,Female,0,Yes,Yes,59,Yes,Yes,DSL,Yes,Yes,Yes,No,No,Yes,Month-to-month,Yes,Bank transfer (automatic),102.45,6036.63,No
1502-NVJP,Female,0,No,No,8,Yes,No,No,No internet service,No internet service,No internet service,No internet service,No internet service,No internet service,Month-to-month,No,Credit card (automatic),35.49,293.64,No
2050-FZBM,Male,0,Yes,No,52,Yes,No,Fiber optic,Yes,No,Yes,Yes,Yes,No,Two year,Yes,Bank transfer (automatic),108.06,5590.8,No
4772-MSRS,Female,0,Yes,No,31,Yes,Yes,DSL,Yes,No,Yes,Yes,Yes,No,One year,No,Credit card (automatic),103.33,3208.86,No
4367-VPBH,Female,0,No,No,54,Yes,Yes,No,No internet service,No internet service,No internet service,No internet service,No internet service,No internet service,Month-to-month,Yes,Mailed check,41.68,2250.85,No
2573-PWKQ,Male,0,Yes,Yes,24,Yes,Yes,DSL,Yes,No,No,No,Yes,Yes,Month-to-month,No,Electronic check,96.07,2320.4,Yes
6302-SKHV,Male,1,No,No,40,Yes,Yes,DSL,No,No,Yes,Yes,No,No,Month-to-month,Yes,Credit card (automatic),90.11,3597.57,No
6955-KHIZ,Female,0,Yes,No,25,No,No phone service,No,No internet service,No internet service,No internet service,No internet service,No internet service,No internet service,One year,No,Credit card (automatic),19.45,479.6,No
8041-PFUU,Female,0,Yes,No,28,No,No phone service,DSL,Yes,No,Yes,Yes,No,No,One year,No,Mailed check,69.63,1942.66,No
5635-HNXP,Male,1,Yes,No,35,Yes,No,Fiber optic,No,Yes,No,No,No,No,Month-to-month,No,Electronic check,86.28,3013.22,Yes
2079-ZXSR,Male,0,No,No,2,Yes,No,No,No internet service,No internet service,No internet service,No internet service,No internet service,No internet service,Month-to-month,No,Bank transfer (automatic),34.53,76.47,No
2960-BYTL,Female,0,No,Yes,58,Yes,No,No,No internet service,No internet service,No internet service,No internet service,No internet service,No internet service,Two year,Yes,Mailed check,35.31,2061.3,No
2212-BJAD,Male,0,No,No,33,Yes,Yes,DSL,No,Yes,Yes,No,No,Yes,Two year,Yes,Electronic check,93.81,3086.12,No
4659-IDIF,Male,0,No,No,5,Yes,Yes,Fiber optic,Yes,Yes,No,No,Yes,Yes,Two year,Yes,Electronic check,118.75,589.55,No
2340-NVYR,Male,0,Yes,Yes,30,Yes,No,DSL,Yes,Yes,Yes,Yes,No,Yes,One year,Yes,Bank transfer (automatic),102.28,3060.44,No
6189-RTPO,Female,0,Yes,No,31,Yes,No,DSL,No,No,No,Yes,Yes,No,Month-to-month,Yes,Bank transfer (automatic),81.91,2561.71,No
8855-HMWK,Female,0,Yes,Yes,41,Yes,No,No,No internet service,No internet service,No internet service,No internet service,No internet service,No internet service,Month-to-month,Yes,Credit card (automatic),32.68,1332.17,No
1187-YGQR,Female,0,No,No,56,Yes,No,Fiber optic,Yes,No,Yes,Yes,No,No,Month-to-month,Yes,Electronic check,108.24,6076.83,No
7431-VWSY,Female,0,No,No,72,Yes,Yes,DSL,Yes,Yes,Yes,No,No,No,Two year,Yes,Credit card (automatic),93.32,6691.93,No
9494-WVVA,Female,0,Yes,Yes,45,Yes,No,Fiber optic,No,No,No,No,Yes,No,Month-to-month,No,Electronic check,91.68,4124.06,Yes
9988-PEZC,Male,0,Yes,Yes,55,No,No phone service,DSL,No,Yes,No,Yes,No,No,Month-to-month,No,Electronic check,60.33,3342.4,No
4574-JSEG,Male,0,No,No,49,Yes,No,No,No internet service,No internet service,No internet service,No internet service,No internet service,No internet service,Month-to-month,No,Credit card (automatic),34.94,1690.55,No
7818-MMJB,Male,0,No,No,29,No,No phone service,Fiber optic,No,No,No,No,No,No,One year,Yes,Electronic check,70.82,2080.87,No
9007-DYLO,Female,0,No,Yes,35,Yes,No,Fiber optic,Yes,No,No,Yes,No,No,Two year,No,Bank transfer (automatic),101.29,3552.94,No
2709-WSNV,Female,0,Yes,No,25,Yes,No,Fiber optic,Yes,No,No,Yes,Yes,Yes,Month-to-month,No,Bank transfer (automatic),118.75,2949.48,Yes
2420-UASA,Male,0,No,No,49,Yes,No,No,No internet service,No internet service,No internet service,No internet service,No internet service,No internet service,Month-to-month,No,Electronic check,38.91,1893.54,No
5355-JCTI,Male,1,No,Yes,1,Yes,No,No,No internet service,No internet service,No internet service,No internet service,No internet service,No internet service,Two year,Yes,Mailed check,36.7,36.7,No
7939-FFWY,Male,1,Yes,No,6,No,No phone service,No,No internet service,No internet service,No internet service,No internet service,No internet service,No internet service,Two year,No,Electronic check,19.32,131.64,No
8126-APXE,Male,0,No,Yes,26,Yes,No,Fiber optic,Yes,Yes,No,Yes,Yes,No,Month-to-month,Yes,Bank transfer (automatic),118.67,3030.38,Yes
3793-MOLE,Female,0,Yes,Yes,48,Yes,No,No,No internet service,No internet service,No internet service,No internet service,No internet service,No internet service,Two year,No,Electronic check,41.76,2013.81,No
2892-RLCZ,Female,0,Yes,No,45,Yes,Yes,Fiber optic,Yes,No,Yes,No,No,Yes,Month-to-month,No,Credit card (automatic),110.29,4973.21,Yes
5080-SRAY,Male,1,No,Yes,25,Yes,Yes,Fiber optic,No,Yes,No,No,No,No,Two year,No,Mailed check,99.25,2479.65,No
2892-BAGK,Female,1,No,No,64,Yes,No,Fiber optic,No,Yes,Yes,No,No,No,Month-to-month,No,Mailed check,92.36,5920.8,No
3015-RQBG,Female,0,Yes,No,1,Yes,Yes,Fiber optic,Yes,No,No,Yes,Yes,No,Two year,No,Electronic check,114.6,131.38,No
1565-UCLC,Female,0,Yes,No,63,Yes,No,Fiber optic,No,Yes,No,No,Yes,No,Month-to-month,No,Mailed check,101.36,6418.69,No
3314-LYDY,Female,0,No,Yes,63,Yes,No,DSL,Yes,Yes,Yes,No,No,No,Two year,Yes,Electronic check,88.55,5568.49,No
7739-RDVF,Male,0,Yes,Yes,59,No,No phone service,DSL,No,No,No,Yes,Yes,No,Month-to-month,Yes,Bank transfer (automatic),58.21,3431.98,No
8156-OACE,Male,1,Yes,Yes,8,Yes,Yes,No,No internet service,No internet service,No internet service,No internet service,No internet service,No internet service,Month-to-month,Yes,Bank transfer (automatic),41.19,333.38,No
4157-QNIC,Female,0,Yes,No,14,Yes,Yes,Fiber optic,No,No,No,No,No,No,Month-to-month,Yes,Mailed check,89.11,1243.56,Yes
6369-MCKB,Male,0,No,No,36,Yes,No,No,No internet service,No internet service,No internet service,No internet service,No internet service,No internet service,One year,No,Mailed check,35.7,1296.89,No
5023-OMSV,Female,0,Yes,Yes,5,Yes,Yes,Fiber optic,No,Yes,Yes,Yes,Yes,No,One year,No,Mailed check,118.75,592.93,No
4215-RGMD,Male,1,No,No,42,Yes,No,DSL,No,No,Yes,No,No,Yes,Month-to-month,Yes,Mailed check,82.02,3445.27,No
4037-JIGO,Male,0,Yes,Yes,44,Yes,Yes,DSL,Yes,Yes,Yes,No,No,Yes,Month-to-month,Yes,Electronic check,102.65,4504.48,Yes
4131-HSKE,Male,0,No,Yes,70,Yes,No,Fiber optic,No,Yes,No,No,Yes,No,One year,No,Electronic check,99.36,6908.14,No
1233-PWMH,Male,0,No,Yes,27,Yes,Yes,DSL,Yes,No,Yes,Yes,Yes,Yes,Two year,Yes,Credit card (automatic),114.76,3104.57,No
1889-PJXL,Male,1,No,No,51,Yes,Yes,DSL,Yes,No,Yes,Yes,Yes,Yes,Month-to-month,Yes,Electronic check,110.4,5626.0,No
1731-LJRR,Male,0,Yes,Yes,34,Yes,Yes,DSL,No,No,No,Yes,No,No,Month-to-month,No,Credit card (automatic),78.45,2678.88,No
8624-GRHK,Male,1,Yes,No,65,Yes,Yes,Fiber optic,Yes,No,Yes,No,Yes,Yes,Month-to-month,Yes,Mailed check,118.75,7732.22,No
4718-IHCQ,Female,0,No,Yes,25,No,No phone service,DSL,No,Yes,No,No,No,Yes,Month-to-month,Yes,Mailed check,62.46,1548.31,No
6229-RPTV,Male,0,No,No,19,No,No phone service,DSL,Yes,No,No,No,Yes,No,Month-to-month,No,Mailed check,62.43,1222.02,No
8171-YTFF,Female,0,Yes,No,61,Yes,No,Fiber optic,Yes,No,Yes,Yes,Yes,No,Month-to-month,Yes,Bank transfer (automatic),108.26,6635.07,No
6145-KZQX,Male,0,Yes,Yes,0,Yes,Yes,No,No internet service,No internet service,No internet service,No internet service,No internet service,No internet service,Two year,Yes,Mailed check,47.69, ,No
2115-CMVC,Male,0,Yes,No,52,No,No phone service,No,No internet service,No internet service,No internet service,No internet service,No internet service,No internet service,Two year,Yes,Mailed check,19.45,1015.31,No
8313-OEPP,Male,0,Yes,No,29,Yes,No,No,No internet service,No internet service,No internet service,No internet service,No internet service,No internet service,Month-to-month,Yes,Electronic check,33.76,999.13,No
9090-WCTM,Female,0,Yes,Yes,59,Yes,Yes,DSL,No,No,No,Yes,No,No,One year,Yes,Credit card (automatic),68.25,4034.74,No
7645-CGFI,Female,0,No,No,9,Yes,Yes,DSL,No,No,No,No,No,No,One year,No,Credit card (automatic),69.42,608.06,No
2995-OUTC,Female,0,Yes,No,21,Yes,No,DSL,No,No,Yes,Yes,No,No,Two year,No,Mailed check,74.27,1587.11,No
8145-ASSW,Female,0,No,No,28,Yes,Yes,Fiber optic,Yes,No,No,No,Yes,No,Month-to-month,Yes,Electronic check,111.38,3113.94,Yes
4030-MLAS,Female,0,No,No,68,Yes,No,No,No internet service,No internet service,No internet service,No internet service,No internet service,No internet service,Two year,No,Credit card (automatic),34.2,2331.55,No
2884-XPYW,Male,0,Yes,No,7,Yes,Yes,Fiber optic,No,No,Yes,No,Yes,Yes,One year,No,Electronic check,117.68,811.54,No
7747-OPKX,Female,0,No,No,52,Yes,Yes,Fiber optic,Yes,No,No,Yes,No,Yes,Two year,Yes,Electronic check,116.92,6031.56,No
4109-KCOA,Female,1,Yes,Yes,10,Yes,Yes,No,No internet service,No internet service,No internet service,No internet service,No internet service,No internet service,Month-to-month,Yes,Electronic check,47.22,469.7,Yes
1646-AQIZ,Female,0,No,No,25,Yes,No,Fiber optic,No,Yes,No,Yes,Yes,Yes,Month-to-month,Yes,Electronic check,116.16,2911.97,Yes
7572-KTFA,Male,0,Yes,No,18,Yes,No,DSL,No,No,Yes,Yes,No,Yes,Two year,Yes,Electronic check,80.06,1386.33,No
7539-VTWS,Male,0,No,No,18,Yes,No,Fiber optic,No,Yes,No,Yes,Yes,No,One year,Yes,Bank transfer (automatic),105.03,1892.37,No
1080-DCAR,Male,0,Yes,Yes,29,Yes,No,DSL,No,No,Yes,Yes,Yes,Yes,One year,Yes,Electronic check,96.69,2770.57,No
2690-UOHA,Female,0,Yes,No,35,Yes,Yes,DSL,Yes,No,No,Yes,No,Yes,Month-to-month,No,Mailed check,93.25,3315.07,No
9659-NDEW,Male,0,Yes,No,41,Yes,Yes,Fiber optic,No,Yes,No,Yes,No,Yes,Month-to-month,Yes,Mailed check,113.96,4708.23,Yes
6740-XOFA,Female,0,Yes,No,55,Yes,Yes,Fiber optic,Yes,Yes,Yes,No,No,No,Month-to-month,No,Bank transfer (automatic),118.75,6485.01,No
9630-SMFO,Male,0,Yes,No,8,Yes,Yes,DSL,Yes,No,Yes,No,No,No,Month-to-month,Yes,Electronic check,85.86,677.23,Yes
9655-XWPJ,Male,0,No,No,6,Yes,Yes,Fiber optic,Yes,No,No,No,No,No,Two year,Yes,Mailed check,103.62,641.9,No
5008-QQQX,Male,0,Yes,No,17,Yes,Yes,Fiber optic,Yes,No,No,No,No,No,Two year,Yes,Credit card (automatic),96.11,1653.76,No
7828-LNJW,Male,1,No,No,8,Yes,Yes,No,No internet service,No internet service,No internet service,No internet service,No internet service,No internet service,Month-to-month,Yes,Mailed check,46.21,368.29,No
2426-BDSG,Male,0,Yes,Yes,5,Yes,Yes,Fiber optic,No,Yes,No,No,No,Yes,Two year,Yes,Bank transfer (automatic),108.58,560.1,No
5761-OOXF,Female,0,No,No,69,Yes,Yes,DSL,Yes,No,Yes,Yes,No,No,Two year,Yes,Credit card (automatic),93.08,6428.99,No
9834-FPBG,Female,0,No,Yes,44,Yes,Yes,DSL,Yes,Yes,Yes,No,Yes,No,Month-to-month,No,Mailed check,102.39,4495.93,No
1477-KZGD,Male,0,No,Yes,21,Yes,No,No,No internet service,No internet service,No internet service,No internet service,No internet service,No internet service,Month-to-month,Yes,Mailed check,36.79,753.05,No
1755-GDLE,Female,0,Yes,Yes,72,Yes,No,DSL,Yes,No,No,Yes,Yes,No,Month-to-month,Yes,Bank transfer (automatic),86.76,6248.62,No
5150-ZSZE,Male,0,Yes,No,69,Yes,No,No,No internet service,No internet service,No internet service,No internet service,No internet service,No internet service,Two year,No,Mailed check,30.33,2098.54,No
8130-SUCZ,Male,0,Yes,No,31,Yes,No,Fiber optic,Yes,No,No,No,No,Yes,Month-to-month,Yes,Electronic check,101.02,3157.16,Yes
5394-GQYI,Male,0,No,No,66,Yes,No,Fiber optic,No,No,No,No,No,No,Month-to-month,No,Electronic check,81.06,5381.36,Yes
1296-JMOV,Male,0,No,No,15,Yes,No,Fiber optic,No,No,No,Yes,No,No,Month-to-month,Yes,Bank transfer (automatic),88.48,1309.61,Yes
5292-CHTJ,Male,1,No,No,1,Yes,Yes,DSL,No,Yes,Yes,No,No,No,Two year,No,Mailed check,86.49,95.53,No
3316-CVHI,Male,1,Yes,Yes,66,Yes,Yes,Fiber optic,No,Yes,Yes,No,No,Yes,Month-to-month,Yes,Electronic check,116.79,7700.65,Yes
8637-ULKB,Male,0,No,No,40,No,No phone service,DSL,No,Yes,No,Yes,No,Yes,Month-to-month,Yes,Electronic check,66.19,2651.38,No
9104-BBCP,Female,0,No,Yes,50,Yes,Yes,Fiber optic,No,No,No,Yes,No,Yes,Month-to-month,Yes,Credit card (automatic),106.42,5336.83,No
8416-RTYR,Female,0,Yes,No,13,Yes,Yes,DSL,Yes,No,No,Yes,Yes,No,Month-to-month,Yes,Electronic check,103.03,1323.61,No
2897-KQZX,Male,0,Yes,No,48,No,No phone service,DSL,No,No,No,Yes,Yes,Yes,Month-to-month,Yes,Credit card (automatic),72.8,3446.79,No
5374-XTPT,Female,0,No,Yes,48,Yes,Yes,DSL,No,No,Yes,Yes,No,No,Two year,No,Bank transfer (automatic),85.26,4103.5,No
8255-BYND,Male,0,Yes,No,26,No,No phone service,DSL,No,No,Yes,Yes,No,No,Month-to-month,Yes,Credit card (automatic),61.89,1611.43,No
2264-MDCL,Female,1,No,Yes,38,Yes,Yes,DSL,Yes,No,No,No,No,No,Month-to-month,No,Mailed check,76.69,2914.97,No
3550-HBFV,Female,0,No,Yes,72,Yes,No,DSL,Yes,No,Yes,No,No,Yes,Month-to-month,Yes,Electronic check,86.84,6271.01,No
2673-LUJJ,Male,0,No,No,35,Yes,No,No,No internet service,No internet service,No internet service,No internet service,No internet service,No internet service,Month-to-month,No,Electronic check,41.0,1426.21,No
2666-TJIT,Male,0,No,No,9,Yes,Yes,Fiber optic,Yes,No,No,No,No,No,Two year,Yes,Credit card (automatic),97.03,898.47,No
4954-NBET,Female,0,No,Yes,3,Yes,No,No,No internet service,No internet service,No internet service,No internet service,No internet service,No internet service,Month-to-month,Yes,Mailed check,38.55,133.03,No
9252-HGFK,Male,1,Yes,No,1,Yes,Yes,No,No internet service,No internet service,No internet service,No internet service,No internet service,No internet service,Two year,Yes,Electronic check,42.75,42.75,No
7609-SJYY,Female,0,Yes,No,27,Yes,Yes,Fiber optic,No,No,No,No,Yes,No,Month-to-month,No,Mailed check,95.05,2596.07,Yes
1958-UNCR,Male,0,No,No,25,No,No phone service,Fiber optic,Yes,No,Yes,No,Yes,No,Month-to-month,Yes,Bank transfer (automatic),92.16,2325.12,Yes
7999-OFJL,Female,0,No,Yes,72,Yes,No,Fiber optic,No,No,No,No,Yes,No,Two year,No,Electronic check,87.22,6258.72,No
8824-AZRZ,Female,1,No,Yes,29,Yes,No,Fiber optic,No,Yes,No,Yes,No,No,Two year,No,Credit card (automatic),97.61,2838.3,No
2806-SAEO,Female,0,Yes,Yes,8,Yes,No,Fiber optic,Yes,No,No,No,No,Yes,Month-to-month,No,Credit card (automatic),97.95,783.15,Yes
6154-AHLV,Male,0,Yes,No,0,Yes,Yes,Fiber optic,No,Yes,No,No,Yes,No,Month-to-month,No,Electronic check,111.99, ,Yes
1760-SYYL,Female,0,Yes,No,55,Yes,Yes,Fiber optic,No,No,No,Yes,Yes,No,Month-to-month,No,Bank transfer (automatic),111.74,6138.11,No
4675-ASFH,Male,0,Yes,No,55,Yes,Yes,No,No internet service,No internet service,No internet service,No internet service,No internet service,No internet service,Two year,Yes,Mailed check,42.62,2308.78,No
5228-YVGW,Male,1,No,Yes,60,Yes,No,Fiber optic,Yes,No,No,Yes,Yes,No,Month-to-month,Yes,Electronic check,107.12,6420.21,No
4395-TDOU,Male,0,No,Yes,44,Yes,Yes,DSL,Yes,Yes,No,Yes,No,No,Month-to-month,Yes,Mailed check,93.43,4098.68,No
4044-XIBG,Male,0,Yes,No,12,Yes,No,DSL,No,No,No,Yes,No,No,Month-to-month,No,Bank transfer (automatic),70.42,808.56,No
7192-PQTZ,Male,0,No,No,13,Yes,No,Fiber optic,Yes,No,No,Yes,No,No,Month-to-month,Yes,Mailed check,98.51,1265.58,Yes
2377-KBAZ,Female,1,No,No,9,Yes,No,DSL,Yes,No,No,No,No,Yes,One year,No,Mailed check,82.21,712.21,No
6756-WIVZ,Male,0,No,No,16,Yes,No,No,No internet service,No internet service,No internet service,No internet service,No internet service,No internet service,Month-to-month,Yes,Mailed check,30.67,501.8,No
4937-OJOJ,Male,0,No,No,16,No,No phone service,Fiber optic,No,No,No,No,No,No,One year,Yes,Mailed check,61.27,950.02,No
2116-YWQI,Female,0,Yes,Yes,30,Yes,No,Fiber optic,No,No,No,No,Yes,Yes,Two year,Yes,Mailed check,97.71,2946.12,No
6745-DIPD,Female,1,No,Yes,45,Yes,No,DSL,Yes,No,No,Yes,No,No,Month-to-month,No,Electronic check,76.47,3420.66,No
6938-AWFJ,Male,1,Yes,Yes,48,Yes,Yes,Fiber optic,Yes,No,Yes,No,No,No,One year,No,Credit card (automatic),102.59,4905.09,No
2359-DVVM,Male,0,No,No,17,Yes,Yes,Fiber optic,Yes,No,Yes,No,Yes,Yes,Two year,No,Credit card (automatic),118.75,2006.69,No
8933-FZKX,Male,0,No,No,10,Yes,Yes,No,No internet service,No internet service,No internet service,No internet service,No internet service,No internet service,Month-to-month,Yes,Bank transfer (automatic),49.19,482.66,No
1770-TJAT,Female,0,No,No,72,Yes,No,No,No internet service,No internet service,No internet service,No internet service,No internet service,No internet service,Month-to-month,Yes,Electronic check,34.56,2482.8,No
4818-ZZLN,Male,0,No,No,54,Yes,No,Fiber optic,No,Yes,Yes,No,No,No,Two year,No,Bank transfer (automatic),96.97,5225.65,No
8512-HKDG,Male,0,No,No,2,Yes,No,DSL,No,Yes,Yes,No,No,Yes,Month-to-month,Yes,Credit card (automatic),89.18,160.38,Yes
7025-SYZD,Female,0,Yes,No,15,No,No phone service,Fiber optic,Yes,No,Yes,No,No,No,Month-to-month,No,Bank transfer (automatic),85.17,1257.09,Yes
3881-ZURN,Female,0,Yes,Yes,8,No,No phone service,DSL,No,Yes,Yes,No,No,No,Two year,No,Bank transfer (automatic),57.21,436.59,No
3575-VKJQ,Female,0,Yes,Yes,67,Yes,No,Fiber optic,No,Yes,No,No,No,Yes,Month-to-month,Yes,Electronic check,96.03,6419.17,Yes
6741-VDSB,Male,0,Yes,No,44,Yes,No,Fiber optic,No,Yes,No,No,Yes,No,Two year,Yes,Credit card (automatic),96.7,4245.51,No
5262-ISPV,Male,1,Yes,No,1,Yes,No,Fiber optic,Yes,No,Yes,Yes,No,No,Month-to-month,No,Electronic check,106.26,106.26,Yes
7255-RWUU,Male,1,No,No,21,Yes,Yes,DSL,No,No,No,No,No,No,Two year,Yes,Bank transfer (automatic),67.18,1410.68,No
5419-YMZY,Female,0,Yes,Yes,68,Yes,No,Fiber optic,No,Yes,No,No,No,No,Month-to-month,Yes,Electronic check,86.37,5892.39,Yes
6731-SBIL,Female,0,Yes,Yes,48,Yes,No,DSL,No,Yes,Yes,No,Yes,No,Month-to-month,No,Bank transfer (automatic),88.45,4250.08,No
7401-FEET,Male,0,No,No,20,Yes,No,DSL,No,No,Yes,No,No,No,One year,No,Mailed check,69.21,1394.89,No
9533-EDIV,Female,0,No,No,54,Yes,No,No,No internet service,No internet service,No internet service,No internet service,No internet service,No internet service,Month-to-month,Yes,Bank transfer (automatic),37.89,1995.13,No
2434-JPJJ,Female,0,No,Yes,3,Yes,Yes,No,No internet service,No internet service,No internet service,No internet service,No internet service,No internet service,One year,No,Electronic check,46.03,141.0,No
6692-SJFQ,Female,0,Yes,No,57,Yes,Yes,Fiber optic,Yes,Yes,No,No,Yes,Yes,Two year,Yes,Credit card (automatic),118.75,6770.41,No
8044-ZFXO,Female,0,No,No,69,Yes,Yes,No,No internet service,No internet service,No internet service,No internet service,No internet service,No internet service,Month-to-month,No,Credit card (automatic),45.7,3174.84,No
7065-DHPX,Male,0,Yes,No,58,Yes,No,Fiber optic,No,Yes,No,Yes,No,Yes,Month-to-month,Yes,Bank transfer (automatic),106.23,6205.52,No
5677-KNPU,Male,0,No,No,25,Yes,Yes,DSL,No,No,No,Yes,Yes,No,Month-to-month,Yes,Mailed check,87.51,2202.97,No
2249-YQIQ,Female,0,No,No,68,Yes,No,DSL,No,Yes,Yes,No,No,No,Two year,No,Credit card (automatic),79.71,5441.27,No
2245-GVWS,Female,0,Yes,Yes,38,Yes,No,Fiber optic,Yes,No,No,Yes,No,Yes,Month-to-month,Yes,Bank transfer (automatic),105.98,4034.33,Yes
1442-ADRZ,Female,0,Yes,No,0,Yes,Yes,No,No internet service,No internet service,No internet service,No internet service,No internet service,No internet service,Month-to-month,Yes,Electronic check,43.05, ,Yes
8058-WWYF,Female,0,No,Yes,56,Yes,Yes,DSL,No,Yes,No,Yes,No,Yes,Month-to-month,No,Electronic check,94.71,5334.45,No
2031-ASKU,Female,0,No,Yes,47,Yes,Yes,DSL,No,Yes,No,No,Yes,Yes,Month-to-month,Yes,Mailed check,98.47,4629.99,No
5567-YOWY,Male,0,No,Yes,71,Yes,Yes,Fiber optic,Yes,No,Yes,No,Yes,Yes,Month-to-month,No,Bank transfer (automatic),118.75,8424.67,No
1234-SUJX,Female,0,Yes,No,20,Yes,No,DSL,No,Yes,No,Yes,Yes,No,One year,Yes,Mailed check,88.59,1776.03,No
2291-AXGQ,Male,0,Yes,No,30,No,No phone service,Fiber optic,No,Yes,No,No,No,Yes,Month-to-month,No,Credit card (automatic),82.74,2464.11,Yes
3939-JFQR,Male,0,Yes,No,57,Yes,Yes,DSL,No,No,No,Yes,No,Yes,Two year,Yes,Electronic check,84.98,4786.08,No
8972-RZQV,Female,0,No,No,46,Yes,Yes,DSL,Yes,No,No,Yes,Yes,No,One year,No,Mailed check,95.79,4388.47,No
3775-MXPK,Male,0,No,No,22,Yes,No,No,No internet service,No internet service,No internet service,No internet service,No internet service,No internet service,One year,Yes,Credit card (automatic),27.3,625.15,No
5997-CARE,Female,0,Yes,Yes,6,Yes,No,Fiber optic,No,No,No,Yes,No,Yes,Month-to-month,Yes,Electronic check,97.55,593.39,Yes
6644-JEZN,Female,0,Yes,No,48,Yes,Yes,DSL,No,Yes,No,No,No,No,Two year,No,Electronic check,77.28,3734.47,No
3000-AYBG,Female,0,No,No,30,Yes,No,Fiber optic,Yes,No,No,Yes,No,No,Month-to-month,Yes,Electronic check,99.2,2976.09,Yes
8991-PELQ,Male,1,Yes,No,46,Yes,No,DSL,No,Yes,Yes,Yes,No,Yes,Month-to-month,No,Electronic check,99.21,4545.52,No
6935-TZPS,Male,1,No,Yes,67,Yes,No,Fiber optic,Yes,No,Yes,No,No,No,Two year,No,Electronic check,98.57,6606.71,No
8545-OLUJ,Male,0,No,No,34,Yes,Yes,No,No internet service,No internet service,No internet service,No internet service,No internet service,No internet service,Month-to-month,No,Mailed check,47.15,1590.2,No
1569-VBGM,Female,0,Yes,Yes,33,Yes,Yes,Fiber optic,No,Yes,No,No,No,Yes,Month-to-month,No,Mailed check,107.9,3550.81,Yes
1270-AZCY,Male,0,Yes,Yes,57,Yes,No,Fiber optic,No,Yes,Yes,No,No,No,Month-to-month,Yes,Bank transfer (automatic),95.41,5463.3,No
2257-OVFT,Male,0,No,No,14,Yes,No,DSL,No,Yes,No,Yes,Yes,Yes,Month-to-month,No,Electronic check,96.19,1372.53,No
9910-XUGY,Male,1,Yes,Yes,70,Yes,No,DSL,No,No,No,Yes,No,No,Month-to-month,No,Mailed check,68.57,4790.33,No
7908-UEDV,Female,0,No,No,41,Yes,No,Fiber optic,Yes,No,Yes,Yes,Yes,No,Month-to-month,No,Credit card (automatic),113.21,4643.08,Yes
7929-CQRR,Male,0,Yes,No,17,No,No phone service,Fiber optic,No,No,Yes,No,No,Yes,Month-to-month,Yes,Bank transfer (automatic),85.57,1460.76,Yes
8351-XBMV,Female,0,Yes,Yes,37,Yes,Yes,DSL,No,No,No,Yes,No,No,One year,Yes,Electronic check,79.2,2941.13,No
6828-CEEE,Male,0,No,No,63,Yes,Yes,Fiber optic,No,No,No,No,No,Yes,Two year,No,Bank transfer (automatic),99.57,6285.0,No
8614-CTWR,Male,0,Yes,No,28,Yes,No,Fiber optic,No,Yes,Yes,No,No,No,Month-to-month,No,Mailed check,101.7,2853.75,Yes
6539-AZPH,Male,1,Yes,Yes,9,Yes,Yes,DSL,Yes,Yes,Yes,No,Yes,Yes,Two year,Yes,Bank transfer (automatic),118.75,1088.82,No
2151-UXZL,Female,0,Yes,No,16,Yes,Yes,Fiber optic,No,Yes,No,Yes,Yes,No,Month-to-month,Yes,Credit card (automatic),118.75,1906.11,Yes
9402-JGLT,Female,1,No,No,31,Yes,Yes,DSL,No,No,Yes,Yes,No,No,Month-to-month,No,Electronic check,82.51,2534.26,No
4428-PIGT,Male,0,No,No,60,Yes,No,Fiber optic,Yes,Yes,Yes,No,Yes,Yes,One year,No,Bank transfer (automatic),118.75,7147.01,No
4705-NKGJ,Male,0,Yes,No,45,Yes,No,Fiber optic,No,No,No,Yes,No,Yes,Month-to-month,Yes,Mailed check,93.66,4200.99,Yes
8260-IDPJ,Female,0,No,Yes,70,Yes,Yes,No,No internet service,No internet service,No internet service,No internet service,No internet service,No internet service,Two year,No,Mailed check,46.02,3204.22,No
2746-XQIM,Female,0,Yes,No,55,No,No phone service,Fiber optic,No,No,Yes,No,No,No,Two year,No,Electronic check,76.4,4209.38,No
8073-MXIG,Male,0,Yes,No,60,Yes,Yes,DSL,No,No,No,Yes,Yes,Yes,Month-to-month,Yes,Credit card (automatic),94.24,5657.21,No
6775-SGFR,Male,1,No,No,43,Yes,Yes,DSL,Yes,No,No,Yes,No,Yes,Month-to-month,Yes,Credit card (automatic),99.43,4301.23,No
4708-LZJM,Female,0,No,Yes,37,Yes,No,DSL,No,Yes,No,No,No,No,Month-to-month,Yes,Credit card (automatic),72.06,2641.41,No
7398-UJTR,Male,0,Yes,Yes,49,No,No phone service,Fiber optic,No,No,Yes,Yes,Yes,Yes,One year,Yes,Bank transfer (automatic),99.66,4897.18,No
9867-XEEL,Female,0,Yes,Yes,31,Yes,No,No,No internet service,No internet service,No internet service,No internet service,No internet service,No internet service,One year,Yes,Mailed check,33.7,1015.65,No
9060-HVBR,Male,0,Yes,Yes,52,Yes,Yes,Fiber optic,Yes,No,Yes,No,No,Yes,Month-to-month,No,Electronic check,109.31,5696.86,Yes
4880-MGJI,Male,0,No,No,47,Yes,Yes,No,No internet service,No internet service,No internet service,No internet service,No internet service,No internet service,Month-to-month,Yes,Mailed check,51.99,2404.71,No
7333-VOEL,Male,0,Yes,Yes,0,Yes,No,Fiber optic,Yes,No,No,No,No,No,One year,No,Mailed check,86.64, ,No
1661-FSSP,Male,1,Yes,Yes,29,No,No phone service,Fiber optic,Yes,No,Yes,Yes,No,Yes,Month-to-month,Yes,Electronic check,96.03,2847.05,Yes
1414-SCWJ,Female,0,Yes,No,8,Yes,Yes,No,No internet service,No internet service,No internet service,No internet service,No internet service,No internet service,Two year,Yes,Credit card (automatic),44.11,344.88,No
4897-RCZW,Male,0,Yes,No,32,No,No phone service,DSL,No,No,No,No,Yes,Yes,Month-to-month,No,Bank transfer (automatic),65.71,2107.18,No
7454-YZLT,Male,0,No,No,25,Yes,Yes,DSL,No,Yes,No,No,No,No,Two year,No,Bank transfer (automatic),81.54,2039.81,No
4544-XHIN,Male,0,Yes,Yes,41,Yes,No,No,No internet service,No internet service,No internet service,No internet service,No internet service,No internet service,Month-to-month,Yes,Bank transfer (automatic),32.49,1313.04,No
3980-USUP,Male,0,No,No,41,Yes,No,Fiber optic,No,Yes,No,Yes,Yes,No,Month-to-month,No,Electronic check,106.52,4369.8,Yes
5759-LUDH,Male,0,Yes,No,38,Yes,Yes,Fiber optic,Yes,Yes,No,Yes,Yes,No,Two year,Yes,Bank transfer (automatic),118.75,4509.22,No
6373-FENU,Male,0,Yes,No,60,Yes,Yes,Fiber optic,Yes,No,Yes,No,No,No,Month-to-month,No,Credit card (automatic),103.32,6190.18,No
2900-JRDH,Female,0,Yes,No,46,Yes,Yes,Fiber optic,No,No,No,Yes,Yes,Yes,Month-to-month,No,Mailed check,118.75,5477.54,Yes
9650-QRUY,Male,0,Yes,No,41,Yes,Yes,Fiber optic,No,No,No,Yes,No,No,Two year,No,Credit card (automatic),98.15,3993.37,No
1815-LMPW,Female,0,Yes,Yes,47,Yes,Yes,Fiber optic,No,No,No,Yes,No,No,One year,No,Mailed check,99.14,4684.45,No
5825-UAPO,Female,1,No,Yes,51,Yes,No,DSL,No,No,No,No,No,Yes,One year,No,Bank transfer (automatic),63.56,3237.98,No
4717-LHGB,Female,1,No,No,32,Yes,No,DSL,No,No,No,No,No,No,Two year,Yes,Bank transfer (automatic),60.91,1931.98,No
2421-PKTI,Female,0,Yes,Yes,26,Yes,Yes,Fiber optic,Yes,No,No,No,Yes,Yes,One year,No,Credit card (automatic),118.2,3096.26,No
1255-QLFS,Male,0,Yes,No,42,Yes,No,Fiber optic,No,No,No,Yes,No,No,Month-to-month,Yes,Mailed check,87.73,3706.37,Yes
3282-IUFY,Male,1,Yes,No,28,Yes,No,DSL,Yes,Yes,No,No,No,No,Month-to-month,Yes,Electronic check,71.15,1968.73,Yes
6880-XYPT,Male,0,No,No,18,Yes,No,No,No internet service,No internet service,No internet service,No internet service,No internet service,No internet service,Two year,No,Electronic check,35.49,643.15,No
1591-FEUD,Female,0,No,No,27,Yes,Yes,DSL,No,Yes,Yes,No,No,No,Two year,No,Mailed check,82.75,2224.35,No
1347-FIQN,Male,0,No,No,9,Yes,Yes,No,No internet service,No internet service,No internet service,No internet service,No internet service,No internet service,One year,Yes,Mailed check,43.05,404.67,No
9774-VSAT,Female,0,No,Yes,66,Yes,No,Fiber optic,No,No,No,Yes,No,No,Two year,Yes,Bank transfer (automatic),89.39,5882.22,No
4038-YORC,Female,0,Yes,Yes,15,Yes,No,DSL,Yes,Yes,No,No,No,No,Two year,No,Electronic check,73.62,1087.28,No
2265-BJKX,Male,0,No,No,0,Yes,No,DSL,No,Yes,No,No,Yes,Yes,Month-to-month,No,Mailed check,81.19, ,Yes
3274-GHSR,Female,1,Yes,No,3,Yes,Yes,No,No internet service,No internet service,No internet service,No internet service,No internet service,No internet service,Month-to-month,No,Bank transfer (automatic),49.06,141.62,No
4660-MXSW,Female,0,No,No,68,Yes,Yes,DSL,No,No,Yes,Yes,No,No,One year,Yes,Bank transfer (automatic),89.75,6102.5,No
5829-VLMY,Female,0,Yes,Yes,3,Yes,No,DSL,Yes,No,No,No,No,No,Month-to-month,Yes,Bank transfer (automatic),66.29,216.39,Yes
2387-SNGM,Female,0,Yes,Yes,19,Yes,No,No,No internet service,No internet service,No internet service,No internet service,No internet service,No internet service,One year,Yes,Bank transfer (automatic),35.15,638.06,No
8045-XSSD,Male,0,Yes,Yes,62,Yes,Yes,Fiber optic,Yes,No,No,No,No,Yes,Month-to-month,Yes,Bank transfer (automatic),106.44,6572.87,No
9562-IPDF,Female,0,Yes,Yes,34,Yes,Yes,Fiber optic,Yes,Yes,No,No,No,No,One year,No,Credit card (automatic),106.03,3606.47,No
8063-PEUV,Female,0,No,No,44,Yes,Yes,DSL,No,Yes,Yes,No,No,No,One year,Yes,Electronic check,87.42,3862.1,No
6289-WMZN,Female,0,No,Yes,56,Yes,No,Fiber optic,No,No,No,No,Yes,No,Two year,No,Mailed check,92.07,5164.25,No
9860-TFGE,Male,0,No,No,23,No,No phone service,Fiber optic,Yes,Yes,No,No,Yes,No,Two year,No,Electronic check,97.51,2267.46,No
7708-RWLF,Male,1,No,No,19,Yes,No,Fiber optic,No,No,Yes,No,Yes,No,One year,No,Electronic check,92.97,1773.01,No
6315-SLOC,Female,0,Yes,No,27,Yes,No,No,No internet service,No internet service,No internet service,No internet service,No internet service,No internet service,Month-to-month,Yes,Mailed check,39.31,1061.5,No
1726-ZTHK,Male,0,No,No,37,No,No phone service,Fiber optic,Yes,Yes,No,Yes,Yes,No,Month-to-month,No,Credit card (automatic),97.35,3608.8,Yes
4279-ICET,Male,1,No,No,23,Yes,No,Fiber optic,No,Yes,Yes,No,Yes,No,One year,Yes,Electronic check,102.81,2372.84,No
1607-ZOFZ,Male,0,No,No,23,Yes,Yes,Fiber optic,No,No,No,No,No,No,Month-to-month,Yes,Mailed check,89.55,2022.93,Yes
2074-EMPA,Male,0,Yes,No,69,Yes,No,DSL,No,No,No,No,Yes,No,Two year,No,Credit card (automatic),71.59,4933.17,No
4838-VKUH,Female,0,Yes,Yes,24,Yes,No,Fiber optic,Yes,No,No,No,Yes,No,Month-to-month,No,Electronic check,92.95,2249.7,Yes
7103-NMCD,Female,0,Yes,No,68,Yes,No,Fiber optic,No,Yes,No,No,Yes,No,Two year,Yes,Electronic check,98.3,6685.53,No
7783-TOOU,Male,0,No,No,16,Yes,No,Fiber optic,Yes,Yes,Yes,Yes,No,No,Two year,No,Electronic check,110.88,1743.63,No
4688-YJLN,Male,1,No,No,57,Yes,Yes,DSL,Yes,Yes,No,No,No,Yes,Month-to-month,Yes,Bank transfer (automatic),93.08,5324.47,No
6037-NHPN,Male,0,Yes,No,72,Yes,No,No,No internet service,No internet service,No internet service,No internet service,No internet service,No internet service,Month-to-month,Yes,Bank transfer (automatic),33.13,2332.07,No
9640-PRGO,Male,1,No,No,19,Yes,No,Fiber optic,No,Yes,Yes,Yes,No,No,One year,Yes,Electronic check,102.7,1929.77,No
7999-QSWM,Male,0,Yes,No,1,Yes,Yes,DSL,Yes,Yes,Yes,No,Yes,No,Two year,Yes,Credit card (automatic),112.56,112.56,No
2480-XXOY,Male,0,Yes,No,8,Yes,Yes,DSL,No,No,Yes,Yes,No,No,Two year,No,Electronic check,81.13,644.67,No
8993-CXAP,Male,0,No,No,62,Yes,Yes,Fiber optic,No,No,No,Yes,No,No,One year,Yes,Credit card (automatic),95.96,5942.31,No
8644-WMHQ,Female,0,Yes,No,67,No,No phone service,Fiber optic,No,No,No,No,No,Yes,One year,No,Electronic check,71.21,4756.06,No
6813-WNUU,Female,0,Yes,No,5,Yes,Yes,No,No internet service,No internet service,No internet service,No internet service,No internet service,No internet service,Month-to-month,Yes,Mailed check,42.98,209.41,No
9422-OPSF,Male,0,No,Yes,10,Yes,Yes,DSL,Yes,Yes,Yes,Yes,Yes,No,Month-to-month,No,Bank transfer (automatic),113.87,1100.74,Yes
5406-ALRP,Male,1,No,No,20,Yes,No,Fiber optic,No,No,No,Yes,No,Yes,Month-to-month,Yes,Credit card (automatic),93.05,1831.22,Yes
1011-TMHZ,Female,0,No,No,62,Yes,Yes,No,No internet service,No internet service,No internet service,No internet service,No internet service,No internet service,One year,Yes,Electronic check,42.51,2630.23,No
6397-AZUG,Female,0,Yes,No,29,Yes,Yes,No,No internet service,No internet service,No internet service,No internet service,No internet service,No internet service,Two year,No,Credit card (automatic),43.81,1309.4,No
1540-VMMI,Male,1,Yes,No,20,Yes,No,Fiber optic,Yes,No,No,No,No,No,One year,Yes,Credit card (automatic),89.17,1784.54,No
1023-ODML,Female,0,Yes,No,22,Yes,No,Fiber optic,No,No,Yes,Yes,No,No,One year,Yes,Credit card (automatic),95.41,2130.66,No
6988-GHEI,Female,0,No,Yes,60,Yes,No,No,No internet service,No internet service,No internet service,No internet service,No internet service,No internet service,Month-to-month,Yes,Mailed check,37.12,2233.02,No
2485-ZLDT,Male,0,Yes,Yes,29,Yes,Yes,DSL,No,Yes,Yes,No,No,No,Month-to-month,No,Electronic check,88.52,2580.41,Yes
8740-HQHU,Female,0,Yes,No,45,Yes,Yes,No,No internet service,No internet service,No internet service,No internet service,No internet service,No internet service,Month-to-month,No,Mailed check,44.47,1987.58,No
9448-TBDX,Male,0,Yes,No,59,Yes,No,No,No internet service,No internet service,No internet service,No internet service,No internet service,No internet service,Month-to-month,No,Credit card (automatic),33.62,1996.26,No
1258-LSOV,Female,1,No,No,17,Yes,No,No,No internet service,No internet service,No internet service,No internet service,No internet service,No internet service,Month-to-month,Yes,Mailed check,37.69,661.62,No
8631-JVFQ,Male,1,Yes,Yes,61,Yes,No,No,No internet service,No internet service,No internet service,No internet service,No internet service,No internet service,Two year,Yes,Bank transfer (automatic),35.74,2210.09,No
6691-VXQU,Female,0,Yes,No,44,Yes,No,DSL,No,No,No,Yes,Yes,Yes,Month-to-month,No,Bank transfer (automatic),88.23,3874.6,No
1562-RKXG,Female,0,Yes,Yes,60,Yes,No,DSL,Yes,Yes,Yes,Yes,Yes,No,One year,Yes,Mailed check,95.99,5721.36,No
2193-GELP,Male,0,Yes,Yes,58,Yes,Yes,DSL,No,Yes,Yes,Yes,No,No,Two year,No,Mailed check,90.86,5280.98,No
3428-YURC,Female,0,Yes,Yes,34,Yes,No,Fiber optic,Yes,No,No,Yes,Yes,Yes,Month-to-month,Yes,Bank transfer (automatic),117.27,4020.07,Yes
4598-EMSL,Female,0,Yes,No,21,No,No phone service,Fiber optic,Yes,Yes,Yes,Yes,Yes,No,Two year,Yes,Mailed check,113.55,2373.24,No
1573-WUEF,Male,0,No,Yes,23,Yes,No,Fiber optic,No,Yes,No,Yes,No,No,One year,Yes,Mailed check,94.03,2155.07,No
2478-ZJPH,Female,0,Yes,Yes,50,Yes,Yes,No,No internet service,No internet service,No internet service,No internet service,No internet service,No internet service,Month-to-month,Yes,Electronic check,44.26,2207.61,No
7676-UHYG,Female,0,Yes,No,64,Yes,No,DSL,Yes,No,No,No,Yes,No,Month-to-month,Yes,Bank transfer (automatic),77.06,4910.57,No
9846-UCQK,Male,1,Yes,Yes,14,Yes,No,Fiber optic,Yes,No,No,No,No,No,Month-to-month,No,Bank transfer (automatic),88.65,1202.74,Yes
9484-YJON,Male,0,No,No,27,Yes,No,Fiber optic,Yes,Yes,Yes,Yes,No,Yes,One year,Yes,Bank transfer (automatic),118.75,3242.99,No
6443-UTBL,Male,0,Yes,No,41,Yes,Yes,Fiber optic,No,No,Yes,No,No,Yes,One year,Yes,Credit card (automatic),107.2,4399.22,No
7852-FXKH,Male,0,No,No,19,Yes,No,DSL,No,Yes,Yes,No,No,No,Two year,Yes,Electronic check,79.3,1492.48,No
8971-FPTO,Male,0,No,No,42,Yes,No,DSL,Yes,Yes,Yes,Yes,Yes,Yes,Two year,No,Bank transfer (automatic),113.95,4806.28,No
3989-WLLP,Male,0,Yes,No,68,Yes,No,DSL,Yes,No,No,No,No,No,Month-to-month,Yes,Electronic check,68.32,4631.21,No
4932-MKQU,Male,1,Yes,No,62,Yes,No,Fiber optic,No,No,No,Yes,No,No,Month-to-month,Yes,Electronic check,88.27,5483.51,No
8147-POJD,Male,0,No,No,42,Yes,Yes,No,No internet service,No internet service,No internet service,No internet service,No internet service,No internet service,Month-to-month,No,Mailed check,46.54,1957.67,No
9218-WIUT,Female,0,No,No,1,Yes,No,Fiber optic,No,No,No,No,Yes,Yes,One year,Yes,Credit card (automatic),101.78,103.46,No
1318-IUYX,Female,0,No,No,22,Yes,Yes,Fiber optic,Yes,No,No,No,No,Yes,Month-to-month,Yes,Credit card (automatic),115.07,2509.62,Yes
8018-KGUJ,Male,0,No,No,11,Yes,No,Fiber optic,Yes,No,No,No,Yes,No,Month-to-month,Yes,Credit card (automatic),94.84,1042.75,Yes
7875-PIVD,Female,0,Yes,No,45,Yes,No,Fiber optic,Yes,No,No,Yes,No,No,Month-to-month,No,Mailed check,94.31,4257.93,Yes
2278-BNCR,Male,0,No,No,32,Yes,No,Fiber optic,Yes,No,No,Yes,Yes,No,One year,No,Bank transfer (automatic),107.47,3456.94,No
7900-RLEI,Female,0,Yes,Yes,43,Yes,No,No,No internet service,No internet service,No internet service,No internet service,No internet service,No internet service,Two year,No,Electronic check,34.75,1484.76,No
3259-ZRSC,Female,0,No,No,24,Yes,No,No,No internet service,No internet service,No internet service,No internet service,No internet service,No internet service,Two year,No,Electronic check,28.1,678.05,No
8496-DQQW,Male,0,No,No,34,Yes,No,Fiber optic,No,No,Yes,No,No,Yes,Two year,No,Electronic check,97.44,3303.08,No
9598-BIIE,Female,0,Yes,Yes,34,Yes,No,No,No internet service,No internet service,No internet service,No internet service,No internet service,No internet service,One year,No,Electronic check,38.22,1285.91,No
7158-OCSC,Female,0,Yes,No,64,Yes,Yes,No,No internet service,No internet service,No internet service,No internet service,No internet service,No internet service,Two year,Yes,Credit card (automatic),50.06,3194.6,No
1613-DXMM,Female,0,Yes,Yes,42,Yes,Yes,No,No internet service,No internet service,No internet service,No internet service,No internet service,No internet service,Month-to-month,No,Mailed check,51.84,2179.08,No
1330-EAIQ,Male,0,Yes,Yes,67,Yes,No,DSL,No,No,No,Yes,Yes,No,Two year,Yes,Mailed check,75.31,5066.91,No
6493-ACOZ,Female,1,No,No,61,Yes,No,Fiber optic,No,Yes,No,No,Yes,Yes,One year,Yes,Electronic check,111.28,6797.51,No
6913-WJHL,Female,1,No,Yes,30,Yes,No,DSL,Yes,No,No,No,Yes,No,One year,No,Bank transfer (automatic),80.06,2370.9,No
1319-VOIX,Male,0,No,No,27,Yes,Yes,No,No internet service,No internet service,No internet service,No internet service,No internet service,No internet service,One year,No,Electronic check,43.32,1166.89,No
1329-TIOW,Female,0,Yes,Yes,10,Yes,No,DSL,No,Yes,Yes,No,Yes,No,One year,Yes,Credit card (automatic),85.37,872.28,No
5916-UABZ,Female,0,Yes,No,31,Yes,No,No,No internet service,No internet service,No internet service,No internet service,No internet service,No internet service,Month-to-month,Yes,Electronic check,34.66,1055.24,No
9125-NHFL,Female,0,Yes,No,65,Yes,No,Fiber optic,No,No,Yes,No,No,No,Two year,No,Mailed check,88.76,5716.96,No
7170-ONUA,Female,1,Yes,No,59,Yes,No,Fiber optic,Yes,No,No,No,Yes,No,Month-to-month,No,Mailed check,104.52,6171.56,No
5155-KYCS,Male,0,No,No,50,Yes,No,No,No internet service,No internet service,No internet service,No internet service,No internet service,No internet service,Month-to-month,Yes,Credit card (automatic),38.85,1965.06,No
3611-BYZG,Male,1,No,Yes,58,Yes,No,No,No internet service,No internet service,No internet service,No internet service,No internet service,No internet service,Two year,Yes,Credit card (automatic),35.78,2086.48,No
6063-SVOJ,Male,0,Yes,No,16,Yes,Yes,DSL,No,No,No,No,No,No,Two year,Yes,Credit card (automatic),68.58,1127.1,No
4349-AFMN,Female,0,No,No,67,Yes,Yes,DSL,No,No,No,Yes,No,Yes,Month-to-month,Yes,Bank transfer (automatic),89.53,6004.73,No
5898-KCSJ,Male,0,Yes,No,37,Yes,Yes,Fiber optic,Yes,Yes,Yes,No,No,No,Two year,No,Mailed check,111.96,4128.08,No
9846-KOZX,Female,1,Yes,No,63,Yes,No,DSL,No,Yes,Yes,No,No,No,Two year,Yes,Electronic check,74.38,4678.01,No
8391-EDMI,Female,0,Yes,No,2,Yes,No,Fiber optic,Yes,No,No,No,No,No,Month-to-month,Yes,Bank transfer (automatic),85.24,166.12,Yes
9289-XEPG,Male,0,No,No,53,Yes,No,Fiber optic,No,Yes,Yes,Yes,No,Yes,Month-to-month,No,Bank transfer (automatic),116.44,6179.91,No
6120-ZLUK,Male,0,No,No,43,Yes,No,Fiber optic,Yes,No,No,No,No,Yes,Two year,Yes,Credit card (automatic),96.9,4144.89,No
2906-ZLLN,Male,1,Yes,No,29,No,No phone service,DSL,No,Yes,Yes,No,Yes,Yes,Month-to-month,Yes,Bank transfer (automatic),82.4,2376.69,No
2816-DTWZ,Female,0,No,Yes,53,Yes,Yes,Fiber optic,No,No,Yes,No,No,No,Two year,No,Credit card (automatic),94.79,5045.54,No
6775-JMBC,Female,0,No,No,47,Yes,No,Fiber optic,Yes,No,Yes,No,Yes,Yes,Month-to-month,Yes,Mailed check,111.29,5190.98,Yes
3322-UTSH,Female,0,Yes,Yes,34,No,No phone service,No,No internet service,No internet service,No internet service,No internet service,No internet service,No internet service,Month-to-month,No,Mailed check,18.35,595.26,No
6660-OWWR,Female,1,No,No,67,Yes,Yes,Fiber optic,No,No,Yes,Yes,No,No,One year,Yes,Credit card (automatic),102.4,6812.63,No
3093-SZJO,Male,0,No,Yes,25,No,No phone service,Fiber optic,No,Yes,No,No,No,Yes,One year,Yes,Bank transfer (automatic),82.48,2018.12,No
2334-BCGW,Male,0,Yes,No,71,Yes,No,DSL,No,No,No,No,Yes,No,Two year,No,Credit card (automatic),70.32,5022.4,No
6604-WTMM,Female,0,No,No,55,Yes,Yes,Fiber optic,No,Yes,Yes,Yes,Yes,Yes,Month-to-month,Yes,Electronic check,118.75,6513.23,No
6674-KPOQ,Female,0,Yes,Yes,68,Yes,Yes,DSL,Yes,No,No,Yes,No,No,Month-to-month,Yes,Electronic check,88.79,6047.88,No
1949-RSDV,Male,0,No,No,63,Yes,No,No,No internet service,No internet service,No internet service,No internet service,No internet service,No internet service,One year,No,Electronic check,28.87,1839.17,No
1100-GBAL,Male,0,No,No,28,Yes,No,No,No internet service,No internet service,No internet service,No internet service,No internet service,No internet service,Month-to-month,Yes,Credit card (automatic),36.61,1050.35,No
6801-HALB,Female,0,Yes,No,58,Yes,No,Fiber optic,No,No,Yes,Yes,Yes,No,One year,No,Mailed check,108.51,6290.37,No
2018-JVQZ,Male,0,Yes,No,24,Yes,No,DSL,No,Yes,Yes,No,No,Yes,Month-to-month,No,Electronic check,84.73,2044.11,Yes
3502-LHTL,Female,0,Yes,Yes,71,No,No phone service,Fiber optic,No,Yes,No,No,No,No,Two year,Yes,Electronic check,74.31,5276.76,No
1976-IJVF,Female,0,Yes,No,26,Yes,No,DSL,Yes,No,No,Yes,No,No,Month-to-month,No,Electronic check,78.74,2046.46,No
1107-EMOV,Female,1,Yes,No,21,Yes,No,DSL,No,Yes,No,Yes,Yes,No,Month-to-month,Yes,Bank transfer (automatic),86.4,1801.69,No
7877-KHEB,Female,0,No,No,70,Yes,Yes,Fiber optic,No,Yes,Yes,No,No,No,One year,Yes,Electronic check,105.92,7424.47,No
3107-BZPU,Male,0,Yes,No,46,Yes,No,Fiber optic,No,Yes,No,Yes,Yes,Yes,Month-to-month,No,Bank transfer (automatic),115.61,5346.29,Yes
5969-SHGA,Male,0,Yes,Yes,54,Yes,No,Fiber optic,Yes,No,Yes,Yes,No,No,Month-to-month,No,Mailed check,104.7,5656.03,No
1043-EPYD,Female,0,No,No,8,Yes,No,No,No internet service,No internet service,No internet service,No internet service,No internet service,No internet service,Month-to-month,No,Credit card (automatic),34.14,303.1,No
1916-BLAL,Female,0,No,Yes,53,No,No phone service,Fiber optic,Yes,No,No,Yes,Yes,No,Month-to-month,Yes,Electronic check,91.45,4882.76,No
1818-YQTX,Female,1,Yes,No,63,Yes,No,No,No internet service,No internet service,No internet service,No internet service,No internet service,No internet service,Two year,No,Bank transfer (automatic),34.54,2179.0,No
4065-KMHJ,Female,0,No,No,38,No,No phone service,DSL,Yes,No,Yes,Yes,No,No,Month-to-month,Yes,Bank transfer (automatic),71.09,2718.35,No
4527-THIG,Female,0,No,Yes,7,Yes,Yes,DSL,Yes,No,No,No,No,No,Month-to-month,Yes,Bank transfer (automatic),80.36,557.84,Yes
8963-BYKH,Male,0,Yes,No,26,Yes,No,Fiber optic,Yes,No,No,No,Yes,No,Two year,No,Electronic check,102.77,2682.83,No
9916-OCWN,Female,0,Yes,No,68,Yes,No,No,No internet service,No internet service,No internet service,No internet service,No internet service,No internet service,Month-to-month,No,Electronic check,37.07,2501.66,No
4837-OBSL,Male,0,No,No,32,Yes,No,DSL,Yes,No,Yes,No,Yes,No,Two year,No,Electronic check,82.56,2650.2,No
7975-YTDC,Female,1,No,No,9,Yes,No,Fiber optic,No,Yes,No,No,Yes,No,Month-to-month,Yes,Electronic check,99.13,891.88,Yes
3808-OSBL,Female,0,Yes,Yes,15,Yes,No,DSL,No,No,Yes,No,No,No,One year,No,Bank transfer (automatic),64.58,947.05,No
7096-NVJC,Female,0,Yes,Yes,10,Yes,Yes,Fiber optic,Yes,No,No,No,No,No,Month-to-month,No,Credit card (automatic),94.38,957.11,Yes
9823-YVPG,Female,1,No,Yes,18,Yes,Yes,DSL,Yes,No,No,Yes,Yes,Yes,Two year,Yes,Bank transfer (automatic),111.54,2013.6,No
5317-UYTZ,Male,0,No,Yes,63,Yes,Yes,Fiber optic,Yes,Yes,No,Yes,Yes,No,Month-to-month,Yes,Credit card (automatic),118.75,7437.33,No
7805-UAEM,Male,0,No,No,51,Yes,No,No,No internet service,No internet service,No internet service,No internet service,No internet service,No internet service,Month-to-month,Yes,Electronic check,35.09,1789.97,No
2620-NIQO,Male,0,No,No,14,Yes,No,DSL,Yes,No,No,No,Yes,No,Month-to-month,Yes,Bank transfer (automatic),75.43,1077.85,No
8380-GVVL,Female,1,No,Yes,41,Yes,No,No,No internet service,No internet service,No internet service,No internet service,No internet service,No internet service,Month-to-month,No,Mailed check,41.23,1668.66,No
5799-WFUP,Male,0,No,No,37,Yes,Yes,Fiber optic,No,No,No,No,Yes,No,Month-to-month,Yes,Electronic check,102.01,3771.77,Yes
9776-NHNL,Female,1,No,No,48,Yes,No,DSL,Yes,No,No,No,No,Yes,Two year,No,Bank transfer (automatic),84.2,4007.47,No
8614-JTTZ,Female,0,No,No,48,Yes,Yes,DSL,Yes,No,Yes,No,Yes,No,Two year,Yes,Bank transfer (automatic),93.46,4471.54,No
1540-SOHW,Male,0,Yes,Yes,70,Yes,No,Fiber optic,No,No,Yes,Yes,No,No,Two year,No,Credit card (automatic),91.48,6415.31,No
2652-JCUC,Female,0,No,No,54,No,No phone service,No,No internet service,No internet service,No internet service,No internet service,No internet service,No internet service,Month-to-month,No,Electronic check,20.56,1138.81,No
1185-EPQF,Female,0,Yes,No,21,Yes,No,Fiber optic,No,No,Yes,Yes,No,No,Month-to-month,Yes,Bank transfer (automatic),95.86,1996.87,Yes
1761-TTPX,Male,0,Yes,No,42,Yes,Yes,Fiber optic,No,Yes,No,Yes,No,Yes,One year,No,Bank transfer (automatic),115.37,4835.72,No
8635-ORAZ,Male,0,No,Yes,49,Yes,Yes,DSL,Yes,Yes,Yes,No,No,Yes,One year,No,Bank transfer (automatic),107.71,5275.48,No
4164-SLHF,Female,0,Yes,No,18,Yes,No,DSL,No,No,No,No,No,Yes,Two year,Yes,Electronic check,69.47,1249.98,No
4435-GRVN,Male,0,Yes,No,71,Yes,Yes,DSL,No,No,Yes,No,No,Yes,Two year,Yes,Mailed check,83.95,5958.29,No
8623-XTVN,Male,1,No,No,17,Yes,No,DSL,No,Yes,Yes,Yes,No,Yes,Month-to-month,Yes,Bank transfer (automatic),93.23,1585.1,No
3180-IHBP,Male,1,No,Yes,9,Yes,Yes,Fiber optic,No,No,No,No,No,Yes,Month-to-month,No,Electronic check,101.73,898.66,Yes
4270-PGNN,Female,0,No,No,49,No,No phone service,DSL,No,No,No,No,No,No,One year,No,Electronic check,47.61,2322.44,No
1288-ALTU,Female,1,No,No,48,Yes,No,Fiber optic,No,No,No,No,No,No,Two year,Yes,Bank transfer (automatic),76.03,3663.97,No
2183-PCGX,Male,0,Yes,Yes,40,Yes,Yes,Fiber optic,Yes,No,Yes,Yes,No,No,Month-to-month,Yes,Bank transfer (automatic),110.41,4434.38,Yes
7213-PXHW,Female,0,Yes,No,14,Yes,No,DSL,Yes,No,Yes,No,No,No,One year,Yes,Electronic check,73.05,1016.71,No
3377-PKMF,Female,0,Yes,No,22,Yes,Yes,No,No internet service,No internet service,No internet service,No internet service,No internet service,No internet service,Month-to-month,No,Bank transfer (automatic),44.58,985.16,No
2239-AUSL,Male,1,No,No,26,Yes,Yes,No,No internet service,No internet service,No internet service,No internet service,No internet service,No internet service,Month-to-month,No,Mailed check,45.62,1199.26,No
5791-FRMG,Male,0,No,No,5,Yes,No,DSL,No,No,No,No,No,Yes,Month-to-month,Yes,Electronic check,76.18,390.09,Yes
6055-WMUH,Male,0,Yes,Yes,23,Yes,Yes,DSL,No,Yes,No,No,No,Yes,Month-to-month,Yes,Electronic check,86.62,2004.05,Yes
2949-UQIT,Female,0,Yes,Yes,8,No,No phone service,Fiber optic,Yes,No,No,Yes,No,No,Month-to-month,No,Bank transfer (automatic),83.42,637.54,Yes
6772-BDYB,Female,0,Yes,Yes,61,Yes,Yes,Fiber optic,No,Yes,Yes,Yes,Yes,No,Month-to-month,Yes,Electronic check,118.75,7212.58,No
2919-DRES,Female,0,Yes,Yes,66,Yes,No,Fiber optic,No,No,Yes,Yes,Yes,Yes,Month-to-month,Yes,Electronic check,113.55,7501.34,No
8849-RYUJ,Female,0,Yes,Yes,69,Yes,No,Fiber optic,No,No,Yes,Yes,No,No,One year,No,Bank transfer (automatic),96.43,6624.26,No
6156-QVMW,Male,0,No,No,41,Yes,Yes,Fiber optic,No,No,No,Yes,No,No,Month-to-month,No,Mailed check,93.13,3863.1,Yes
8432-XLNN,Male,1,Yes,No,59,Yes,No,Fiber optic,Yes,Yes,Yes,No,No,No,One year,No,Electronic check,108.08,6385.01,No
2142-ESNI,Male,0,Yes,No,47,Yes,Yes,No,No internet service,No internet service,No internet service,No internet service,No internet service,No internet service,Month-to-month,Yes,Credit card (automatic),40.76,1929.51,No
2629-GZZH,Male,0,Yes,No,55,Yes,Yes,No,No internet service,No internet service,No internet service,No internet service,No internet service,No internet service,One year,No,Bank transfer (automatic),44.25,2433.53,No
4957-NKNU,Male,0,No,Yes,4,Yes,No,Fiber optic,No,Yes,No,No,No,Yes,Month-to-month,Yes,Electronic check,101.35,379.2,Yes
1839-CWRC,Female,0,Yes,No,53,Yes,No,DSL,Yes,Yes,Yes,Yes,Yes,Yes,Month-to-month,Yes,Electronic check,111.41,5932.21,No
1510-MLOR,Male,0,Yes,No,37,Yes,Yes,Fiber optic,No,No,No,Yes,Yes,Yes,Month-to-month,Yes,Mailed check,112.46,4179.65,Yes
6606-KZKO,Female,0,No,No,18,Yes,Yes,Fiber optic,Yes,No,No,No,No,No,Two year,No,Credit card (automatic),100.5,1799.89,No
7446-MNQM,Female,0,No,No,68,Yes,Yes,No,No internet service,No internet service,No internet service,No internet service,No internet service,No internet service,One year,Yes,Mailed check,48.82,3368.17,No
5457-YAAO,Male,0,No,Yes,72,Yes,No,Fiber optic,No,No,No,No,Yes,No,Month-to-month,No,Credit card (automatic),89.34,6411.54,No
3063-LZXF,Female,0,Yes,No,70,Yes,Yes,No,No internet service,No internet service,No internet service,No internet service,No internet service,No internet service,Two year,No,Bank transfer (automatic),44.14,3135.71,No
3667-YODX,Female,0,No,No,23,Yes,No,No,No internet service,No internet service,No internet service,No internet service,No internet service,No internet service,Month-to-month,Yes,Electronic check,38.05,887.51,No
9609-XLGT,Male,1,Yes,No,9,No,No phone service,Fiber optic,No,No,No,Yes,No,Yes,Two year,No,Electronic check,77.97,729.4,No
5798-IHNA,Female,0,Yes,Yes,20,Yes,Yes,Fiber optic,No,Yes,No,Yes,Yes,Yes,One year,Yes,Credit card (automatic),118.75,2383.79,No
6718-UWLY,Male,0,No,No,14,Yes,Yes,DSL,No,No,No,No,No,No,Two year,Yes,Credit card (automatic),72.89,998.42,No
8820-DTRS,Male,0,Yes,Yes,63,Yes,Yes,Fiber optic,Yes,No,No,Yes,No,No,Month-to-month,Yes,Bank transfer (automatic),101.98,6428.07,No
9269-HLIF,Female,0,No,No,12,Yes,Yes,Fiber optic,No,Yes,No,No,No,No,Month-to-month,Yes,Credit card (automatic),95.59,1141.93,Yes
9473-RBWH,Female,0,No,Yes,70,Yes,Yes,DSL,Yes,No,No,No,No,Yes,Month-to-month,Yes,Credit card (automatic),81.42,5699.56,No
5861-QYLQ,Male,0,Yes,No,39,No,No phone service,Fiber optic,Yes,Yes,Yes,No,No,No,Month-to-month,No,Electronic check,84.5,3303.26,Yes
7156-SLPY,Female,1,Yes,No,7,Yes,Yes,No,No internet service,No internet service,No internet service,No internet service,No internet service,No internet service,Month-to-month,No,Mailed check,50.24,339.71,No
4898-EYPY,Male,0,Yes,No,37,Yes,Yes,DSL,No,Yes,Yes,Yes,No,No,Month-to-month,No,Electronic check,94.74,3502.13,No
1938-QZWN,Male,0,No,No,51,Yes,No,DSL,No,Yes,Yes,No,Yes,Yes,Month-to-month,Yes,Credit card (automatic),96.74,4929.33,No
2669-YWKL,Male,0,No,No,1,Yes,Yes,Fiber optic,No,No,Yes,Yes,No,No,Two year,Yes,Electronic check,107.82,107.82,No
8308-DGBF,Male,0,No,Yes,21,Yes,No,DSL,No,No,Yes,No,Yes,No,One year,No,Bank transfer (automatic),77.77,1637.08,No
7437-RTHH,Male,0,No,No,3,Yes,No,No,No internet service,No internet service,No internet service,No internet service,No internet service,No internet service,Month-to-month,Yes,Bank transfer (automatic),30.7,106.55,No
9711-HABL,Male,0,Yes,No,51,Yes,Yes,Fiber optic,Yes,No,No,No,No,Yes,One year,Yes,Electronic check,108.04,5511.05,No
5558-DYCN,Female,0,No,No,6,Yes,Yes,DSL,No,No,Yes,No,No,No,Two year,No,Credit card (automatic),81.66,472.68,No
4093-WHMW,Male,0,Yes,Yes,0,Yes,No,Fiber optic,Yes,Yes,No,No,Yes,No,Month-to-month,Yes,Bank transfer (automatic),101.0, ,Yes
7227-APWX,Female,0,No,Yes,57,Yes,No,Fiber optic,No,Yes,Yes,No,Yes,Yes,Month-to-month,Yes,Credit card (automatic),110.67,6307.6,No
3913-GFED,Female,0,Yes,No,61,Yes,Yes,Fiber optic,Yes,No,Yes,No,Yes,Yes,Two year,No,Mailed check,118.75,7288.74,No
6289-VERJ,Female,0,No,No,65,Yes,Yes,DSL,No,Yes,No,No,No,No,One year,Yes,Credit card (automatic),76.72,4964.01,No
3902-VOIK,Male,0,Yes,Yes,54,Yes,No,DSL,Yes,No,Yes,No,No,Yes,Month-to-month,Yes,Credit card (automatic),85.14,4615.82,No
3160-UIWP,Male,0,Yes,Yes,12,Yes,Yes,Fiber optic,No,No,No,Yes,Yes,No,Two year,Yes,Bank transfer (automatic),108.46,1281.32,No
4749-VKWQ,Female,0,No,No,27,Yes,Yes,DSL,No,Yes,No,Yes,Yes,Yes,Two year,Yes,Mailed check,105.01,2845.01,No
9771-OAVT,Male,0,No,Yes,13,Yes,Yes,No,No internet service,No internet service,No internet service,No internet service,No internet service,No internet service,One year,Yes,Credit card (automatic),48.04,633.0,No
6608-LDVM,Female,0,No,No,2,Yes,No,No,No internet service,No internet service,No internet service,No internet service,No internet service,No internet service,One year,No,Credit card (automatic),32.42,63.47,No
6531-MKIY,Male,0,No,No,15,Yes,No,Fiber optic,No,Yes,No,Yes,Yes,No,Month-to-month,Yes,Electronic check,104.06,1541.55,Yes
1375-PJKL,Male,0,Yes,No,45,No,No phone service,Fiber optic,Yes,Yes,Yes,No,No,No,Month-to-month,No,Mailed check,91.29,4127.96,Yes
3939-NSLR,Male,0,No,No,2,Yes,Yes,DSL,Yes,No,No,Yes,No,No,Month-to-month,Yes,Electronic check,86.98,184.31,Yes
8540-QCAS,Female,0,No,Yes,2,Yes,Yes,Fiber optic,No,Yes,No,No,Yes,No,Month-to-month,Yes,Electronic check,110.02,237.68,Yes
6695-DWPL,Female,0,Yes,No,40,Yes,Yes,DSL,No,Yes,Yes,Yes,Yes,Yes,Month-to-month,Yes,Electronic check,111.04,4426.4,No
7764-QHMT,Female,0,No,No,28,Yes,No,DSL,Yes,No,No,No,No,No,Month-to-month,Yes,Electronic check,66.12,1851.92,Yes
2614-LQYO,Male,0,No,No,39,Yes,No,DSL,No,Yes,No,Yes,No,No,Two year,Yes,Mailed check,78.29,3034.21,No
4653-QPQY,Male,0,No,No,18,Yes,Yes,No,No internet service,No internet service,No internet service,No internet service,No internet service,No internet service,One year,Yes,Credit card (automatic),45.75,828.39,No
8699-IEWA,Female,0,Yes,No,19,No,No phone service,No,No internet service,No internet service,No internet service,No internet service,No internet service,No internet service,Month-to-month,No,Bank transfer (automatic),19.77,370.13,No
6733-XNQY,Female,1,No,No,20,Yes,Yes,Fiber optic,Yes,No,No,No,No,Yes,One year,No,Credit card (automatic),110.69,2219.43,No
5364-NFFA,Female,0,Yes,No,19,Yes,No,Fiber optic,No,No,No,No,No,No,Month-to-month,No,Electronic check,80.57,1512.78,Yes
3397-NCWJ,Male,0,No,No,46,Yes,Yes,No,No internet service,No internet service,No internet service,No internet service,No internet service,No internet service,Month-to-month,Yes,Bank transfer (automatic),40.94,1860.05,No
7194-SSWD,Female,0,No,No,43,Yes,Yes,Fiber optic,No,No,Yes,Yes,No,No,Month-to-month,Yes,Mailed check,104.48,4485.94,Yes
1595-SJYB,Male,0,No,Yes,1,Yes,Yes,Fiber optic,No,Yes,Yes,Yes,No,Yes,Month-to-month,Yes,Electronic check,118.75,148.45,Yes
3243-XFGP,Male,0,No,No,42,Yes,Yes,Fiber optic,Yes,Yes,No,Yes,No,Yes,Two year,Yes,Electronic check,118.75,4979.86,No
1947-ZZVS,Female,0,Yes,No,56,Yes,No,DSL,Yes,Yes,No,Yes,Yes,Yes,Month-to-month,Yes,Electronic check,101.29,5691.91,No
6651-JMRP,Male,0,No,No,18,Yes,Yes,DSL,No,No,No,Yes,Yes,Yes,Month-to-month,No,Electronic check,91.48,1656.15,No
3293-QVML,Male,0,Yes,No,63,Yes,Yes,DSL,Yes,Yes,Yes,No,Yes,No,Month-to-month,No,Electronic check,106.58,6708.73,No
5617-AHUV,Male,0,Yes,No,45,Yes,Yes,No,No internet service,No internet service,No internet service,No internet service,No internet service,No internet service,Two year,Yes,Electronic check,48.7,2202.5,No
1171-ICVZ,Male,0,Yes,Yes,40,Yes,No,No,No internet service,No internet service,No internet service,No internet service,No internet service,No internet service,Month-to-month,Yes,Credit card (automatic),42.47,1715.27,No
2885-DZBH,Female,1,Yes,No,66,Yes,No,DSL,No,No,Yes,Yes,No,Yes,Month-to-month,No,Bank transfer (automatic),84.95,5597.39,No
2161-PWKR,Male,0,No,No,13,Yes,Yes,DSL,No,No,No,No,No,No,One year,Yes,Mailed check,70.64,906.3,No
5661-NHWO,Female,0,No,No,19,Yes,No,Fiber optic,No,No,No,Yes,Yes,No,Month-to-month,Yes,Mailed check,96.86,1837.61,Yes
9272-URFW,Male,0,No,No,34,No,No phone service,No,No internet service,No internet service,No internet service,No internet service,No internet service,No internet service,Month-to-month,Yes,Bank transfer (automatic),19.35,668.15,No
8741-NWCG,Female,0,Yes,No,24,Yes,No,DSL,Yes,Yes,Yes,No,No,No,One year,No,Bank transfer (automatic),83.77,1985.39,No
2934-UXPP,Male,0,No,No,3,Yes,No,No,No internet service,No internet service,No internet service,No internet service,No internet service,No internet service,Month-to-month,Yes,Credit card (automatic),38.83,138.37,No
4909-BVML,Female,1,No,No,56,Yes,Yes,No,No internet service,No internet service,No internet service,No internet service,No internet service,No internet service,Month-to-month,Yes,Electronic check,48.13,2667.39,No
8982-IBQE,Male,0,Yes,No,1,Yes,Yes,No,No internet service,No internet service,No internet service,No internet service,No internet service,No internet service,Two year,No,Electronic check,51.62,51.62,No
6546-VSXG,Female,1,No,No,65,Yes,No,Fiber optic,Yes,No,No,No,No,No,Month-to-month,Yes,Electronic check,90.92,5917.46,Yes
2291-WOAY,Female,0,No,Yes,20,No,No phone service,No,No internet service,No internet service,No internet service,No internet service,No internet service,No internet service,Two year,No,Mailed check,20.45,420.92,No
3655-MRCA,Female,0,No,No,51,Yes,No,Fiber optic,No,No,Yes,No,Yes,Yes,Month-to-month,No,Electronic check,104.73,5356.24,Yes
1825-MEYM,Male,0,Yes,Yes,14,Yes,No,No,No internet service,No internet service,No internet service,No internet service,No internet service,No internet service,Month-to-month,Yes,Credit card (automatic),38.41,539.98,No
5213-ESUX,Male,0,Yes,No,45,Yes,No,Fiber optic,No,No,No,No,No,No,Month-to-month,Yes,Mailed check,79.12,3569.71,Yes
5735-RUVJ,Female,0,No,No,30,Yes,No,Fiber optic,No,Yes,No,No,No,No,Month-to-month,Yes,Credit card (automatic),88.86,2673.15,Yes
3711-HOUY,Male,0,No,Yes,61,Yes,No,No,No internet service,No internet service,No internet service,No internet service,No internet service,No internet service,Two year,Yes,Bank transfer (automatic),38.46,2352.22,No
6747-YWVD,Female,1,No,No,33,Yes,No,No,No internet service,No internet service,No internet service,No internet service,No internet service,No internet service,Month-to-month,No,Mailed check,34.22,1132.98,No
5215-FCGJ,Female,0,No,Yes,35,Yes,No,Fiber optic,No,Yes,Yes,Yes,No,No,Two year,Yes,Credit card (automatic),100.81,3557.44,No
4909-PBXQ,Male,0,No,No,43,No,No phone service,Fiber optic,No,No,No,No,No,No,One year,No,Credit card (automatic),66.98,2918.03,No
4648-FEYM,Male,0,No,No,62,Yes,Yes,DSL,No,No,Yes,Yes,No,Yes,Two year,No,Bank transfer (automatic),99.98,6228.78,No
1246-RLGO,Male,0,Yes,No,17,Yes,No,No,No internet service,No internet service,No internet service,No internet service,No internet service,No internet service,Month-to-month,Yes,Credit card (automatic),34.53,591.01,No
4010-PAPX,Male,0,No,No,44,Yes,Yes,Fiber optic,No,No,No,Yes,No,No,Two year,Yes,Mailed check,94.25,4164.91,No
7205-LSHW,Male,0,Yes,No,38,Yes,No,Fiber optic,No,No,No,Yes,Yes,No,Two year,Yes,Electronic check,96.36,3654.2,No
4691-OBQG,Male,0,Yes,Yes,25,No,No phone service,DSL,No,No,No,Yes,Yes,No,Month-to-month,Yes,Mailed check,56.69,1485.06,No
7060-AFMK,Female,0,No,No,23,Yes,Yes,Fiber optic,No,No,Yes,No,No,No,Two year,No,Mailed check,95.87,2198.79,No
6487-ZXWT,Female,1,Yes,No,57,Yes,Yes,No,No internet service,No internet service,No internet service,No internet service,No internet service,No internet service,One year,Yes,Electronic check,44.96,2562.91,No
9621-TJNA,Female,0,Yes,No,49,Yes,Yes,DSL,Yes,Yes,No,No,No,No,One year,No,Mailed check,89.36,4406.39,No
6273-WRPR,Male,0,Yes,Yes,71,Yes,Yes,No,No internet service,No internet service,No internet service,No internet service,No internet service,No internet service,Two year,Yes,Credit card (automatic),45.17,3195.25,No
6479-JZJE,Female,0,Yes,Yes,38,Yes,No,Fiber optic,No,No,No,Yes,Yes,No,Month-to-month,No,Electronic check,96.87,3676.22,Yes
5041-RUXF,Male,0,Yes,Yes,71,Yes,No,No,No internet service,No internet service,No internet service,No internet service,No internet service,No internet service,One year,Yes,Bank transfer (automatic),37.02,2629.91,No
9167-IEBB,Male,0,Yes,No,30,No,No phone service,Fiber optic,No,No,Yes,Yes,Yes,No,Month-to-month,No,Credit card (automatic),89.83,2697.68,Yes
8142-QJLB,Male,0,No,No,35,Yes,No,Fiber optic,Yes,No,No,No,Yes,No,Month-to-month,No,Bank transfer (automatic),102.19,3604.22,Yes
5649-TADM,Female,0,No,No,38,Yes,Yes,No,No internet service,No internet service,No internet service,No internet service,No internet service,No internet service,Month-to-month,Yes,Electronic check,46.94,1797.63,No
8849-OEYQ,Female,0,No,No,20,Yes,Yes,Fiber optic,Yes,No,No,Yes,Yes,No,Month-to-month,Yes,Mailed check,117.31,2339.32,Yes
5370-NHQC,Male,0,No,No,22,No,No phone service,Fiber optic,Yes,No,No,No,No,No,Two year,No,Mailed check,67.12,1480.27,No
1092-JQKH,Female,0,No,No,53,Yes,No,Fiber optic,Yes,Yes,No,Yes,No,No,One year,Yes,Electronic check,108.91,5775.1,No
7208-MUDG,Male,0,Yes,No,35,Yes,Yes,DSL,No,No,No,No,No,Yes,Month-to-month,Yes,Electronic check,80.47,2796.86,Yes
7125-EXKQ,Male,0,Yes,Yes,14,Yes,No,No,No internet service,No internet service,No internet service,No internet service,No internet service,No internet service,Month-to-month,No,Bank transfer (automatic),37.39,505.93,No
3276-TCEZ,Female,0,No,No,1,No,No phone service,DSL,Yes,No,No,Yes,No,No,Month-to-month,No,Credit card (automatic),65.93,87.07,No
1910-SPHM,Male,0,No,No,69,Yes,No,No,No internet service,No internet service,No internet service,No internet service,No internet service,No internet service,Two year,Yes,Credit card (automatic),35.27,2424.24,No
7658-AIIV,Male,0,Yes,No,37,Yes,No,No,No internet service,No internet service,No internet service,No internet service,No internet service,No internet service,Month-to-month,Yes,Electronic check,27.89,1039.41,No
1665-QXBI,Male,0,Yes,No,64,Yes,No,DSL,No,No,No,No,No,Yes,One year,Yes,Mailed check,69.38,4431.95,No
5722-MEIM,Male,0,No,No,49,No,No phone service,DSL,Yes,Yes,Yes,No,No,Yes,Two year,No,Bank transfer (automatic),79.55,3869.06,No
7655-ODDT,Female,0,No,No,0,Yes,No,Fiber optic,No,Yes,No,No,Yes,No,One year,Yes,Bank transfer (automatic),96.58, ,No
1521-YFXL,Female,0,No,Yes,20,Yes,No,DSL,Yes,No,No,No,No,No,Month-to-month,Yes,Bank transfer (automatic),69.82,1360.1,No
7579-PCNA,Male,0,Yes,No,56,Yes,No,Fiber optic,No,No,No,Yes,No,No,Month-to-month,Yes,Credit card (automatic),85.03,4759.34,No
3398-OGDN,Male,0,No,No,18,Yes,No,Fiber optic,Yes,No,No,No,No,No,Two year,No,Mailed check,89.48,1616.2,No
4695-NCQU,Male,0,No,No,28,Yes,Yes,DSL,No,No,No,Yes,No,Yes,Month-to-month,No,Mailed check,85.39,2410.56,No
9561-CVSC,Female,0,No,No,49,No,No phone service,Fiber optic,No,No,No,Yes,No,Yes,Month-to-month,No,Electronic check,82.72,4043.67,No
1949-EJIA,Female,1,No,No,33,Yes,No,Fiber optic,Yes,No,No,Yes,Yes,Yes,One year,No,Electronic check,118.41,3937.27,No
1354-SKPF,Female,0,No,No,53,Yes,Yes,Fiber optic,Yes,No,No,No,Yes,No,One year,No,Electronic check,108.07,5708.54,No
7994-FHVM,Female,0,No,Yes,31,Yes,No,DSL,Yes,No,No,No,No,No,Month-to-month,Yes,Bank transfer (automatic),64.37,2014.31,No
9619-JCDA,Female,0,No,Yes,3,Yes,Yes,No,No internet service,No internet service,No internet service,No internet service,No internet service,No internet service,Month-to-month,Yes,Electronic check,44.85,144.37,Yes
5919-DVKS,Male,1,Yes,Yes,29,Yes,Yes,DSL,Yes,Yes,No,Yes,No,Yes,One year,No,Bank transfer (automatic),101.16,2919.27,No
8082-LKFL,Female,0,No,Yes,17,Yes,No,DSL,Yes,No,No,No,No,No,Month-to-month,Yes,Electronic check,63.36,1069.98,Yes
1730-IYJC,Female,1,No,Yes,68,Yes,No,No,No internet service,No internet service,No internet service,No internet service,No internet service,No internet service,Month-to-month,No,Electronic check,34.2,2335.14,No
8170-TWPC,Male,0,No,Yes,28,Yes,Yes,DSL,Yes,No,No,No,No,Yes,Two year,Yes,Electronic check,86.93,2445.67,No
7057-XKHF,Female,1,No,No,11,Yes,No,DSL,No,No,No,No,Yes,No,Month-to-month,Yes,Bank transfer (automatic),71.02,808.6,Yes
5883-KULP,Male,1,No,No,14,Yes,No,No,No internet service,No internet service,No internet service,No internet service,No internet service,No internet service,Month-to-month,Yes,Mailed check,36.45,536.83,No
1881-MVCO,Male,0,No,Yes,52,Yes,No,Fiber optic,No,No,Yes,Yes,No,Yes,Month-to-month,No,Electronic check,102.92,5377.9,No
1158-NEUN,Female,0,Yes,No,34,Yes,No,Fiber optic,No,No,Yes,No,No,No,Month-to-month,No,Bank transfer (automatic),87.63,2967.73,Yes
8514-HWOO,Female,0,Yes,No,51,Yes,No,Fiber optic,No,Yes,Yes,Yes,No,No,Two year,No,Credit card (automatic),109.14,5547.15,No
9733-SZTF,Female,1,No,No,52,Yes,No,DSL,Yes,No,Yes,No,Yes,No,Two year,No,Electronic check,83.89,4348.27,No
8762-YHFT,Female,1,Yes,No,13,No,No phone service,Fiber optic,Yes,No,No,No,No,No,Month-to-month,Yes,Bank transfer (automatic),73.22,947.31,Yes
2756-OCJO,Male,0,No,No,17,Yes,No,Fiber optic,Yes,Yes,No,Yes,Yes,No,Month-to-month,Yes,Bank transfer (automatic),116.92,1971.83,Yes
7263-PQSK,Male,0,Yes,No,37,Yes,No,Fiber optic,Yes,No,Yes,No,Yes,No,Month-to-month,Yes,Credit card (automatic),110.22,4060.94,Yes
6807-EEZN,Female,0,No,Yes,37,Yes,Yes,Fiber optic,No,Yes,No,No,No,No,Month-to-month,Yes,Electronic check,98.63,3630.78,Yes
2945-HEGP,Male,0,No,Yes,54,Yes,No,DSL,No,No,No,No,No,No,Month-to-month,No,Bank transfer (automatic),54.51,2962.43,No
4510-NEXI,Male,1,Yes,No,10,Yes,No,Fiber optic,Yes,Yes,No,Yes,No,No,One year,Yes,Electronic check,105.99,1068.3,No
3179-DPXQ,Male,0,No,No,66,No,No phone service,Fiber optic,No,No,No,Yes,Yes,No,Month-to-month,Yes,Electronic check,83.34,5500.02,No
2646-DFPD,Female,1,No,No,52,Yes,No,No,No internet service,No internet service,No internet service,No internet service,No internet service,No internet service,Month-to-month,Yes,Bank transfer (automatic),34.96,1791.41,No
1356-PYPJ,Male,0,Yes,No,43,Yes,No,No,No internet service,No internet service,No internet service,No internet service,No internet service,No internet service,Month-to-month,Yes,Mailed check,33.8,1473.55,No
3280-DNDL,Male,0,Yes,Yes,24,No,No phone service,Fiber optic,Yes,Yes,No,No,No,Yes,Month-to-month,Yes,Mailed check,88.59,2100.72,Yes
8422-DRMM,Male,0,No,No,61,Yes,No,Fiber optic,Yes,No,No,No,No,Yes,One year,Yes,Credit card (automatic),96.4,5894.19,No
1465-AUPO,Female,1,Yes,Yes,13,Yes,Yes,DSL,Yes,No,Yes,No,Yes,No,One year,No,Electronic check,93.28,1203.38,No
5597-YEFF,Male,0,No,No,46,Yes,No,No,No internet service,No internet service,No internet service,No internet service,No internet service,No internet service,Month-to-month,Yes,Electronic check,35.52,1608.84,No
5162-PLDA,Male,0,Yes,Yes,54,Yes,No,Fiber optic,No,No,Yes,No,No,Yes,Two year,No,Mailed check,100.48,5420.14,No
8715-AUHX,Male,0,Yes,No,11,Yes,Yes,Fiber optic,No,No,Yes,Yes,No,No,Month-to-month,Yes,Mailed check,106.67,1152.0,Yes
9287-ZBLV,Male,0,Yes,No,6,Yes,No,No,No internet service,No internet service,No internet service,No internet service,No internet service,No internet service,One year,Yes,Mailed check,30.65,181.28,No
1528-GKDE,Male,0,Yes,Yes,48,Yes,Yes,Fiber optic,Yes,No,Yes,Yes,Yes,No,One year,Yes,Mailed check,118.75,5722.49,No
3341-KAYJ,Male,0,Yes,No,13,No,No phone service,Fiber optic,No,Yes,Yes,No,No,No,Month-to-month,Yes,Electronic check,78.91,1014.17,Yes
9884-KXQH,Male,0,No,Yes,28,Yes,No,Fiber optic,No,No,No,No,No,Yes,Month-to-month,Yes,Credit card (automatic),82.88,2304.7,Yes
6562-MTRV,Female,0,Yes,Yes,46,Yes,Yes,No,No internet service,No internet service,No internet service,No internet service,No internet service,No internet service,One year,Yes,Electronic check,45.74,2111.6,No
9463-BERC,Female,1,Yes,No,13,No,No phone service,No,No internet service,No internet service,No internet service,No internet service,No internet service,No internet service,Month-to-month,No,Electronic check,18.4,183.19,No
2242-VQPF,Female,0,Yes,Yes,50,Yes,Yes,Fiber optic,No,No,Yes,No,No,No,One year,Yes,Electronic check,97.05,4870.12,No
5210-GRNF,Female,0,No,No,13,Yes,No,Fiber optic,No,No,No,No,No,No,Month-to-month,No,Mailed check,79.87,1046.59,Yes
5071-OOOP,Female,0,No,No,7,Yes,No,DSL,Yes,Yes,No,Yes,Yes,No,Month-to-month,No,Bank transfer (automatic),91.68,655.06,Yes
2440-KYEE,Female,0,No,Yes,64,Yes,No,No,No internet service,No internet service,No internet service,No internet service,No internet service,No internet service,Month-to-month,No,Electronic check,38.18,2429.25,No
9412-UFBF,Male,0,Yes,No,36,Yes,No,Fiber optic,Yes,Yes,No,No,Yes,No,Two year,Yes,Bank transfer (automatic),101.47,3630.0,No
7765-KDXY,Female,0,No,Yes,67,Yes,No,No,No internet service,No internet service,No internet service,No internet service,No internet service,No internet service,Month-to-month,Yes,Electronic check,31.43,2137.3,No
5599-CZPK,Female,0,No,Yes,15,Yes,Yes,DSL,No,Yes,Yes,Yes,Yes,Yes,Month-to-month,Yes,Bank transfer (automatic),114.84,1733.26,No
2152-YUVP,Female,0,No,Yes,19,Yes,Yes,DSL,No,No,No,Yes,No,No,Month-to-month,No,Mailed check,80.03,1506.95,No
8218-PKZH,Female,0,Yes,Yes,66,Yes,Yes,No,No internet service,No internet service,No internet service,No internet service,No internet service,No internet service,Month-to-month,Yes,Mailed check,42.2,2784.34,No
9062-WAZU,Male,1,No,No,70,Yes,No,DSL,No,No,No,Yes,No,No,One year,Yes,Credit card (automatic),66.35,4613.69,No
7984-LVHZ,Male,0,Yes,No,31,Yes,No,Fiber optic,No,Yes,No,Yes,Yes,No,One year,Yes,Mailed check,105.8,3313.59,No
1944-JGSY,Male,0,Yes,No,68,Yes,No,No,No internet service,No internet service,No internet service,No internet service,No internet service,No internet service,Month-to-month,No,Mailed check,35.64,2412.36,No
6783-XSRO,Male,0,Yes,No,29,Yes,No,Fiber optic,No,No,Yes,Yes,Yes,Yes,Month-to-month,Yes,Electronic check,118.06,3394.57,Yes
2089-NUJP,Female,1,Yes,No,19,Yes,Yes,DSL,No,Yes,Yes,No,Yes,No,Two year,Yes,Electronic check,93.46,1787.31,No
8718-HJOH,Male,0,Yes,Yes,57,Yes,Yes,Fiber optic,No,No,No,No,No,No,Month-to-month,No,Electronic check,91.41,5226.75,Yes
3567-OZLK,Female,1,No,No,28,Yes,No,Fiber optic,Yes,Yes,No,No,Yes,No,One year,Yes,Electronic check,107.05,3019.74,No
3994-NRMD,Male,0,No,No,23,Yes,No,DSL,No,No,No,Yes,No,No,Month-to-month,Yes,Mailed check,67.11,1531.71,No
1830-QSIW,Female,0,No,Yes,0,Yes,No,No,No internet service,No internet service,No internet service,No internet service,No internet service,No internet service,Month-to-month,No,Electronic check,33.71, ,Yes
8878-ZGTG,Female,0,Yes,No,26,No,No phone service,Fiber optic,No,No,No,No,Yes,Yes,Month-to-month,Yes,Bank transfer (automatic),86.37,2248.24,Yes
8879-PCMJ,Male,0,No,No,20,Yes,Yes,Fiber optic,No,Yes,No,No,No,No,Month-to-month,Yes,Mailed check,100.06,1989.14,Yes
2777-GUUE,Male,0,No,No,16,Yes,No,Fiber optic,No,Yes,Yes,No,No,No,Month-to-month,Yes,Electronic check,98.81,1593.48,Yes
9888-XVGY,Male,0,Yes,Yes,31,Yes,Yes,Fiber optic,No,No,No,No,No,No,One year,No,Electronic check,94.47,2928.13,No
1637-VQDX,Male,0,No,Yes,43,Yes,Yes,Fiber optic,No,Yes,Yes,No,Yes,No,Month-to-month,No,Bank transfer (automatic),115.07,4981.27,Yes
9367-SJCC,Male,0,No,Yes,21,Yes,Yes,DSL,No,Yes,No,Yes,Yes,No,Two year,Yes,Electronic check,98.46,2069.55,No
1702-QJQV,Male,1,Yes,No,41,Yes,Yes,Fiber optic,No,No,Yes,Yes,No,Yes,Two year,Yes,Credit card (automatic),114.19,4699.32,No
2149-QUDU,Male,0,Yes,No,61,Yes,Yes,No,No internet service,No internet service,No internet service,No internet service,No internet service,No internet service,Month-to-month,Yes,Mailed check,48.48,2965.08,No
2878-FLYV,Female,0,Yes,No,47,Yes,Yes,Fiber optic,No,Yes,No,No,Yes,Yes,Month-to-month,Yes,Mailed check,116.7,5455.36,Yes
4952-QJGP,Male,0,No,No,7,Yes,Yes,No,No internet service,No internet service,No internet service,No internet service,No internet service,No internet service,Month-to-month,Yes,Credit card (automatic),46.06,310.52,No
7412-CBPF,Female,0,Yes,No,1,Yes,Yes,Fiber optic,No,No,Yes,Yes,No,No,One year,No,Credit card (automatic),101.93,101.93,No
5908-GEXG,Female,0,Yes,Yes,4,Yes,Yes,DSL,No,Yes,No,No,Yes,No,Month-to-month,Yes,Credit card (automatic),90.19,360.2,Yes
7412-YUUP,Male,0,Yes,No,27,Yes,Yes,DSL,No,Yes,Yes,Yes,No,No,Month-to-month,No,Mailed check,94.92,2565.75,No
2849-TBER,Female,0,No,No,3,Yes,No,No,No internet service,No internet service,No internet service,No internet service,No internet service,No internet service,Month-to-month,Yes,Electronic check,36.78,129.57,Yes
4046-KYYK,Male,0,Yes,No,52,Yes,Yes,Fiber optic,No,No,No,No,No,Yes,One year,No,Credit card (automatic),100.94,5216.24,No
3415-MVET,Female,0,No,No,0,Yes,No,Fiber optic,Yes,No,Yes,No,Yes,No,Two year,No,Electronic check,107.18, ,No
9495-VVPP,Male,0,No,No,5,Yes,Yes,No,No internet service,No internet service,No internet service,No internet service,No internet service,No internet service,Two year,No,Electronic check,49.58,280.41,No
1877-FBNP,Male,0,No,Yes,54,Yes,No,Fiber optic,No,No,No,Yes,No,Yes,One year,Yes,Electronic check,95.81,5170.73,No
7324-NTYD,Male,0,No,No,51,No,No phone service,No,No internet service,No internet service,No internet service,No internet service,No internet service,No internet service,Two year,Yes,Credit card (automatic),20.83,1084.35,No
3823-HVVP,Male,1,Yes,No,23,Yes,No,No,No internet service,No internet service,No internet service,No internet service,No internet service,No internet service,Two year,No,Credit card (automatic),33.39,755.14,No
8433-YUQA,Male,0,No,No,61,No,No phone service,Fiber optic,Yes,Yes,Yes,No,Yes,No,Month-to-month,No,Credit card (automatic),99.73,6068.07,No
1497-JZUD,Female,0,No,No,55,Yes,No,No,No internet service,No internet service,No internet service,No internet service,No internet service,No internet service,Month-to-month,No,Electronic check,30.08,1657.64,No
6056-DDZD,Male,0,No,No,23,No,No phone service,Fiber optic,Yes,No,No,Yes,No,No,Month-to-month,Yes,Credit card (automatic),82.22,1856.86,Yes
9712-SMDE,Male,0,No,Yes,19,Yes,No,No,No internet service,No internet service,No internet service,No internet service,No internet service,No internet service,Month-to-month,Yes,Electronic check,32.07,642.21,No
5604-MWPV,Female,0,No,No,33,Yes,Yes,No,No internet service,No internet service,No internet service,No internet service,No internet service,No internet service,Month-to-month,No,Credit card (automatic),44.59,1503.88,No
2607-PAWF,Male,0,Yes,No,14,Yes,No,DSL,No,No,No,Yes,No,Yes,Month-to-month,Yes,Credit card (automatic),72.35,985.88,No
8274-PEPG,Female,1,Yes,No,50,Yes,No,No,No internet service,No internet service,No internet service,No internet service,No internet service,No internet service,One year,No,Electronic check,34.55,1742.49,No
2088-IRMZ,Male,0,Yes,No,3,Yes,Yes,Fiber optic,Yes,No,No,Yes,Yes,No,Month-to-month,No,Mailed check,114.82,319.6,Yes
6294-CXJI,Female,0,Yes,No,52,Yes,No,Fiber optic,No,No,No,No,Yes,No,Month-to-month,No,Bank transfer (automatic),91.74,4774.18,No
2186-VWOQ,Male,0,No,No,13,Yes,Yes,No,No internet service,No internet service,No internet service,No internet service,No internet service,No internet service,Month-to-month,Yes,Mailed check,45.69,598.1,No
2773-GTPU,Male,0,Yes,No,64,Yes,No,DSL,No,No,No,Yes,Yes,Yes,Month-to-month,Yes,Electronic check,83.38,5376.03,No
6415-DTXO,Female,0,Yes,Yes,32,Yes,No,DSL,No,No,Yes,No,No,Yes,Month-to-month,Yes,Mailed check,83.78,2693.45,No
7724-MFEQ,Female,0,No,Yes,49,Yes,No,DSL,Yes,No,No,No,Yes,No,One year,No,Bank transfer (automatic),78.12,3820.78,No
9998-FBKG,Female,0,No,No,62,Yes,Yes,Fiber optic,No,Yes,Yes,Yes,Yes,Yes,One year,Yes,Mailed check,118.75,7345.6,No
9596-HERV,Female,0,No,Yes,49,Yes,Yes,No,No internet service,No internet service,No internet service,No internet service,No internet service,No internet service,Month-to-month,No,Bank transfer (automatic),45.96,2256.94,No
7895-NLQE,Female,1,No,No,35,Yes,Yes,Fiber optic,Yes,No,No,No,Yes,No,Month-to-month,No,Electronic check,110.27,3853.58,Yes
9078-GNRA,Male,1,No,Yes,70,Yes,No,No,No internet service,No internet service,No internet service,No internet service,No internet service,No internet service,Month-to-month,Yes,Mailed check,35.4,2457.68,No
1613-CELK,Male,0,No,No,49,Yes,Yes,DSL,No,No,No,No,No,No,Month-to-month,No,Credit card (automatic),68.5,3379.86,No
5862-RQQK,Female,0,No,No,40,Yes,Yes,No,No internet service,No internet service,No internet service,No internet service,No internet service,No internet service,Two year,Yes,Credit card (automatic),45.75,1840.11,No
9713-PBQV,Female,0,No,No,69,Yes,No,Fiber optic,Yes,No,Yes,No,No,No,One year,Yes,Mailed check,88.27,6108.87,No
2469-TJML,Female,0,Yes,No,26,Yes,No,Fiber optic,No,Yes,Yes,No,Yes,No,One year,Yes,Mailed check,109.5,2884.48,No
5654-GVUZ,Male,0,No,Yes,29,Yes,No,No,No internet service,No internet service,No internet service,No internet service,No internet service,No internet service,One year,Yes,Mailed check,36.41,1037.35,No
2612-LLBE,Male,0,No,No,31,Yes,Yes,DSL,No,No,Yes,No,No,No,Month-to-month,Yes,Electronic check,76.41,2360.7,Yes
1824-YBWZ,Female,0,No,No,21,Yes,Yes,No,No internet service,No internet service,No internet service,No internet service,No internet service,No internet service,Month-to-month,No,Electronic check,41.22,868.45,No
6299-MCKP,Male,1,No,No,68,Yes,Yes,DSL,No,Yes,Yes,No,Yes,No,Month-to-month,Yes,Electronic check,96.06,6544.58,No
4360-SKIN,Female,0,No,Yes,20,Yes,Yes,No,No internet service,No internet service,No internet service,No internet service,No internet service,No internet service,Month-to-month,No,Credit card (automatic),41.71,852.44,No
9968-GPCS,Male,0,No,No,55,Yes,Yes,DSL,Yes,Yes,Yes,No,No,No,Two year,No,Electronic check,92.21,5080.04,No
6803-REWW,Female,0,Yes,Yes,30,Yes,Yes,DSL,Yes,Yes,No,No,Yes,No,Month-to-month,Yes,Mailed check,96.41,2879.45,No
9722-OACR,Female,0,Yes,No,58,Yes,Yes,DSL,No,Yes,No,No,No,No,Month-to-month,Yes,Electronic check,73.43,4263.43,No
8089-BEAJ,Male,0,Yes,No,69,Yes,Yes,DSL,Yes,No,No,Yes,No,Yes,Month-to-month,Yes,Electronic check,95.01,6569.9,No
2491-JERU,Male,0,Yes,No,42,Yes,No,Fiber optic,Yes,Yes,Yes,No,No,No,Month-to-month,No,Credit card (automatic),110.58,4642.36,Yes
5409-OTHQ,Female,0,Yes,No,53,Yes,Yes,Fiber optic,Yes,Yes,No,No,Yes,Yes,One year,No,Bank transfer (automatic),118.75,6303.04,No
3206-LULZ,Female,0,No,Yes,17,Yes,Yes,DSL,Yes,Yes,No,No,Yes,Yes,Month-to-month,Yes,Electronic check,105.42,1813.31,Yes
9992-ZZDH,Male,0,Yes,No,54,Yes,No,No,No internet service,No internet service,No internet service,No internet service,No internet service,No internet service,Month-to-month,Yes,Mailed check,28.13,1521.73,No
8360-ORAK,Female,0,No,No,28,Yes,Yes,Fiber optic,No,No,Yes,No,No,No,Two year,No,Electronic check,96.87,2715.03,No
4126-BALP,Female,0,No,No,60,Yes,Yes,DSL,Yes,Yes,No,No,No,No,Month-to-month,Yes,Mailed check,86.58,5188.71,No
2385-ROQJ,Female,1,No,No,50,Yes,No,Fiber optic,No,No,Yes,Yes,No,No,Two year,Yes,Electronic check,95.32,4788.51,No
3786-ZUPF,Female,0,Yes,No,11,Yes,Yes,Fiber optic,No,No,No,Yes,No,No,Two year,Yes,Credit card (automatic),96.76,1075.52,No
3882-IKUM,Female,1,No,No,60,Yes,No,DSL,Yes,Yes,Yes,No,Yes,Yes,One year,Yes,Mailed check,102.17,6134.16,No
4897-VXVD,Female,0,No,No,70,Yes,No,Fiber optic,No,No,No,No,Yes,Yes,Month-to-month,No,Mailed check,99.63,6968.05,No
3837-XHMJ,Male,1,Yes,No,15,Yes,No,DSL,Yes,No,No,No,No,No,One year,No,Electronic check,68.62,1042.43,No
7721-HFPR,Male,0,Yes,Yes,11,Yes,Yes,Fiber optic,Yes,Yes,No,Yes,No,Yes,Two year,Yes,Mailed check,118.75,1317.96,No
1236-WNZU,Female,0,Yes,No,61,Yes,No,No,No internet service,No internet service,No internet service,No internet service,No internet service,No internet service,Month-to-month,No,Credit card (automatic),37.74,2306.41,No
3423-KMLI,Female,0,No,No,67,Yes,Yes,DSL,No,Yes,No,Yes,No,Yes,Month-to-month,No,Electronic check,96.11,6459.38,No
7339-GXVB,Male,0,No,No,59,Yes,No,No,No internet service,No internet service,No internet service,No internet service,No internet service,No internet service,One year,No,Bank transfer (automatic),33.1,1953.26,No
4132-IEOR,Female,0,No,No,27,Yes,No,DSL,No,Yes,Yes,No,Yes,Yes,One year,Yes,Mailed check,97.62,2646.95,No
8730-TZGZ,Male,0,Yes,No,63,Yes,No,DSL,No,Yes,Yes,No,No,No,Month-to-month,Yes,Bank transfer (automatic),75.24,4730.82,No
5103-QMXU,Male,0,Yes,Yes,71,Yes,Yes,Fiber optic,Yes,Yes,No,No,No,Yes,Month-to-month,No,Mailed check,118.75,8440.31,No
4446-KABQ,Female,0,Yes,No,49,Yes,No,DSL,Yes,Yes,Yes,No,Yes,No,Month-to-month,Yes,Credit card (automatic),90.55,4409.3,No
6476-FZYX,Female,0,Yes,No,25,Yes,Yes,DSL,No,No,No,No,No,No,Month-to-month,Yes,Electronic check,64.86,1585.83,Yes
3598-UOSP,Female,0,Yes,Yes,39,Yes,Yes,Fiber optic,No,No,No,Yes,Yes,No,Two year,Yes,Mailed check,112.1,4355.67,No
4192-MECC,Male,0,Yes,Yes,54,Yes,No,DSL,Yes,Yes,No,No,Yes,Yes,One year,Yes,Electronic check,92.79,5004.64,No
4759-VQDM,Male,0,No,No,30,Yes,No,Fiber optic,No,Yes,No,Yes,No,Yes,Month-to-month,Yes,Credit card (automatic),105.75,3183.59,Yes
6095-SEBO,Female,1,Yes,No,70,Yes,Yes,Fiber optic,Yes,Yes,No,No,Yes,No,Month-to-month,Yes,Electronic check,117.73,8238.69,Yes
5161-KMWJ,Female,0,Yes,Yes,4,Yes,No,DSL,No,Yes,Yes,No,No,Yes,One year,Yes,Electronic check,89.1,366.52,No
7596-CFMJ,Female,1,No,No,12,Yes,No,No,No internet service,No internet service,No internet service,No internet service,No internet service,No internet service,One year,Yes,Mailed check,35.87,432.02,No
7055-RCXX,Male,0,No,No,17,Yes,No,DSL,No,No,No,No,Yes,Yes,One year,Yes,Mailed check,77.53,1302.86,No
7439-JBLW,Female,1,No,Yes,49,Yes,No,DSL,No,Yes,No,Yes,No,No,Month-to-month,No,Mailed check,74.44,3680.84,No
2217-UWXC,Male,0,Yes,No,35,Yes,No,No,No internet service,No internet service,No internet service,No internet service,No internet service,No internet service,Two year,Yes,Bank transfer (automatic),38.09,1320.18,No
2392-GUEW,Female,0,No,No,51,Yes,Yes,Fiber optic,Yes,Yes,Yes,Yes,Yes,No,Month-to-month,Yes,Credit card (automatic),118.75,6050.37,No
5589-PJOU,Female,0,No,Yes,32,Yes,Yes,Fiber optic,No,No,No,Yes,No,No,Month-to-month,Yes,Bank transfer (automatic),92.93,2999.09,Yes
9471-ZOJU,Male,0,Yes,Yes,63,Yes,No,DSL,Yes,No,Yes,No,No,No,Two year,Yes,Mailed check,76.84,4838.0,No
8161-CBFU,Male,0,Yes,No,70,No,No phone service,Fiber optic,No,No,Yes,No,Yes,No,Month-to-month,Yes,Bank transfer (automatic),83.57,5872.1,No
2059-CIXV,Male,0,No,Yes,68,Yes,Yes,Fiber optic,No,No,No,Yes,No,No,Month-to-month,Yes,Electronic check,101.48,6920.33,No
5592-NJML,Male,0,No,No,72,Yes,No,Fiber optic,Yes,No,No,Yes,No,Yes,Month-to-month,Yes,Electronic check,111.21,7980.17,No
9096-VSSF,Male,0,Yes,No,29,Yes,No,No,No internet service,No internet service,No internet service,No internet service,No internet service,No internet service,Month-to-month,Yes,Bank transfer (automatic),35.36,1036.79,No
1594-MZVU,Male,0,Yes,No,67,Yes,No,No,No internet service,No internet service,No internet service,No internet service,No internet service,No internet service,Two year,Yes,Bank transfer (automatic),38.62,2592.53,No
2399-BOLG,Female,0,No,No,21,Yes,No,No,No internet service,No internet service,No internet service,No internet service,No internet service,No internet service,Month-to-month,Yes,Credit card (automatic),33.98,711.13,No
6681-WMQD,Male,0,Yes,No,58,Yes,Yes,No,No internet service,No internet service,No internet service,No internet service,No internet service,No internet service,Two year,No,Credit card (automatic),44.74,2555.29,No
1909-TMCZ,Female,0,No,Yes,7,Yes,Yes,DSL,Yes,No,Yes,No,Yes,No,Month-to-month,No,Credit card (automatic),95.75,679.64,Yes
1973-OCAZ,Female,0,Yes,No,65,No,No phone service,DSL,No,No,No,No,No,No,Month-to-month,Yes,Credit card (automatic),41.28,2681.95,No
3288-CNCM,Female,0,No,No,36,Yes,Yes,DSL,Yes,No,Yes,No,No,No,Two year,No,Bank transfer (automatic),90.26,3243.16,No
4377-NUZC,Male,0,Yes,No,55,Yes,Yes,DSL,No,Yes,No,No,No,No,Two year,Yes,Credit card (automatic),79.31,4360.62,No
3738-HDDS,Male,1,Yes,No,60,Yes,Yes,No,No internet service,No internet service,No internet service,No internet service,No internet service,No internet service,One year,Yes,Electronic check,42.89,2571.45,No
9938-AHOA,Female,0,No,No,64,Yes,No,No,No internet service,No internet service,No internet service,No internet service,No internet service,No internet service,Month-to-month,Yes,Electronic check,35.01,2234.57,No
6510-UTTX,Female,0,Yes,No,41,Yes,Yes,No,No internet service,No internet service,No internet service,No internet service,No internet service,No internet service,Month-to-month,Yes,Bank transfer (automatic),44.34,1820.9,No
8562-NVPN,Female,0,Yes,No,48,Yes,No,Fiber optic,No,Yes,No,Yes,Yes,Yes,Month-to-month,No,Credit card (automatic),112.53,5401.9,Yes
3057-XNRV,Male,0,No,No,67,Yes,No,Fiber optic,No,No,No,Yes,No,Yes,Two year,No,Electronic check,98.02,6563.96,No
3696-QFHZ,Female,0,Yes,No,8,Yes,Yes,Fiber optic,Yes,No,Yes,No,No,No,One year,Yes,Electronic check,107.46,834.23,No
6004-REFU,Male,0,Yes,Yes,7,No,No phone service,No,No internet service,No internet service,No internet service,No internet service,No internet service,No internet service,Two year,Yes,Electronic check,27.68,203.29,No
5402-DGDY,Female,0,Yes,No,57,Yes,No,DSL,Yes,No,No,No,Yes,Yes,Month-to-month,No,Electronic check,91.52,5200.69,No
1394-LNMJ,Male,0,No,No,53,Yes,Yes,Fiber optic,No,No,No,No,No,No,One year,No,Mailed check,90.02,4766.37,No
1772-HNEZ,Male,0,No,Yes,47,Yes,Yes,Fiber optic,No,Yes,No,No,No,No,Month-to-month,No,Credit card (automatic),102.34,4833.05,Yes
2787-XHYZ,Female,0,No,No,53,No,No phone service,No,No internet service,No internet service,No internet service,No internet service,No internet service,No internet service,Month-to-month,Yes,Electronic check,18.25,968.2,No
1773-PDLK,Male,0,No,No,27,Yes,No,DSL,Yes,No,Yes,Yes,Yes,Yes,One year,Yes,Mailed check,101.63,2759.22,No
3050-LEFS,Female,1,Yes,Yes,65,Yes,No,Fiber optic,No,No,No,No,No,No,Month-to-month,No,Mailed check,76.77,4967.65,No
2615-WKEI,Female,0,Yes,No,30,Yes,No,No,No internet service,No internet service,No internet service,No internet service,No internet service,No internet service,Month-to-month,Yes,Bank transfer (automatic),32.22,951.31,No
6506-HFDL,Female,0,No,No,12,Yes,Yes,Fiber optic,No,No,Yes,No,Yes,Yes,Month-to-month,Yes,Mailed check,118.57,1462.97,Yes
6291-YUPJ,Female,0,No,No,58,Yes,No,DSL,No,Yes,No,No,No,No,One year,No,Credit card (automatic),66.08,3870.41,No
5927-VNMI,Female,0,No,No,30,No,No phone service,Fiber optic,No,No,Yes,No,Yes,No,One year,No,Electronic check,82.25,2415.14,No
8366-LERD,Male,0,No,No,32,Yes,No,DSL,No,No,No,No,No,No,Month-to-month,No,Electronic check,60.45,1929.57,Yes
1641-CZLC,Female,0,Yes,Yes,52,Yes,No,Fiber optic,No,Yes,Yes,Yes,No,No,Month-to-month,No,Bank transfer (automatic),106.99,5554.6,No
9387-FLSJ,Male,1,No,No,35,Yes,Yes,Fiber optic,No,No,Yes,No,Yes,No,Month-to-month,No,Credit card (automatic),113.14,3950.83,Yes
5925-AQPI,Female,0,No,No,68,Yes,Yes,No,No internet service,No internet service,No internet service,No internet service,No internet service,No internet service,One year,Yes,Credit card (automatic),45.58,3078.6,No
3808-UIWI,Female,0,Yes,No,33,Yes,Yes,DSL,Yes,Yes,Yes,Yes,No,No,Month-to-month,No,Bank transfer (automatic),100.5,3319.02,No
8720-OBKK,Male,0,Yes,No,60,Yes,No,DSL,No,Yes,No,No,Yes,Yes,Month-to-month,Yes,Electronic check,85.23,5138.47,No
4591-WFUT,Female,0,No,Yes,59,Yes,Yes,Fiber optic,No,Yes,No,Yes,No,Yes,Month-to-month,Yes,Credit card (automatic),116.01,6869.18,No
6030-CHRQ,Female,0,No,No,2,Yes,Yes,Fiber optic,No,Yes,Yes,No,Yes,No,Month-to-month,Yes,Mailed check,112.8,215.93,Yes
3337-YUXS,Male,1,No,No,5,No,No phone service,Fiber optic,Yes,No,No,No,No,No,One year,Yes,Electronic check,71.12,323.64,No
5422-RHNG,Male,1,No,Yes,19,Yes,No,No,No internet service,No internet service,No internet service,No internet service,No internet service,No internet service,Month-to-month,Yes,Credit card (automatic),33.53,643.26,No
2780-DQEL,Female,0,No,No,3,Yes,No,Fiber optic,No,No,No,No,No,No,Month-to-month,Yes,Credit card (automatic),81.12,222.0,Yes
9584-ZTMY,Female,0,Yes,Yes,52,Yes,No,DSL,No,Yes,No,No,No,Yes,Two year,Yes,Mailed check,73.12,3817.46,No
3395-RTID,Female,1,No,Yes,70,Yes,Yes,Fiber optic,No,Yes,No,No,No,Yes,Two year,Yes,Electronic check,105.7,7422.56,No
6492-HAQY,Female,0,Yes,Yes,61,Yes,No,Fiber optic,No,Yes,Yes,No,Yes,No,Two year,No,Credit card (automatic),105.62,6437.06,No
7792-TMBM,Female,0,No,No,37,Yes,No,No,No internet service,No internet service,No internet service,No internet service,No internet service,No internet service,Two year,Yes,Mailed check,29.59,1062.58,No
2565-TFAY,Female,0,No,No,35,Yes,No,Fiber optic,No,No,Yes,No,No,No,Two year,No,Credit card (automatic),86.3,3004.85,No
9254-CDAN,Female,0,No,Yes,33,Yes,Yes,No,No internet service,No internet service,No internet service,No internet service,No internet service,No internet service,Two year,No,Electronic check,42.35,1400.98,No
3269-XDRN,Female,0,Yes,No,5,Yes,Yes,No,No internet service,No internet service,No internet service,No internet service,No internet service,No internet service,Month-to-month,Yes,Mailed check,44.08,229.52,No
9408-DYJC,Female,0,No,Yes,65,Yes,No,No,No internet service,No internet service,No internet service,No internet service,No internet service,No internet service,Month-to-month,Yes,Credit card (automatic),35.53,2314.66,No
6110-GJMD,Male,0,No,No,17,Yes,No,DSL,No,Yes,Yes,No,No,No,One year,Yes,Electronic check,74.42,1235.15,No
2521-KYDX,Male,0,No,Yes,26,Yes,No,No,No internet service,No internet service,No internet service,No internet service,No internet service,No internet service,Month-to-month,Yes,Credit card (automatic),35.46,923.38,No
1721-HJEW,Female,0,Yes,No,38,Yes,No,No,No internet service,No internet service,No internet service,No internet service,No internet service,No internet service,Two year,Yes,Electronic check,34.17,1319.03,No
6190-LYCZ,Male,0,Yes,No,50,Yes,Yes,Fiber optic,No,No,No,No,No,Yes,Two year,Yes,Bank transfer (automatic),102.49,5104.13,No
2251-OJUV,Male,0,No,No,18,Yes,No,No,No internet service,No internet service,No internet service,No internet service,No internet service,No internet service,Month-to-month,Yes,Mailed check,35.45,618.43,No
1271-OSTS,Female,0,No,Yes,33,Yes,No,DSL,Yes,No,Yes,No,Yes,No,Month-to-month,Yes,Bank transfer (automatic),85.84,2798.37,No
8041-XOGA,Male,0,Yes,No,23,Yes,Yes,No,No internet service,No internet service,No internet service,No internet service,No internet service,No internet service,Month-to-month,No,Mailed check,46.33,1018.7,No
9708-JVUD,Male,0,No,No,24,Yes,Yes,DSL,No,No,No,No,Yes,No,One year,Yes,Bank transfer (automatic),84.94,2035.18,No
1749-MAPW,Male,0,No,No,69,Yes,No,Fiber optic,No,Yes,No,Yes,No,No,One year,No,Bank transfer (automatic),93.12,6413.27,No
7229-PSOZ,Male,0,Yes,No,29,Yes,Yes,Fiber optic,No,Yes,Yes,No,Yes,No,Month-to-month,No,Bank transfer (automatic),113.73,3285.62,Yes
1173-TJUL,Male,0,Yes,No,53,Yes,No,DSL,No,No,No,No,No,No,Two year,Yes,Electronic check,62.99,3353.33,No
3363-AUQI,Female,0,Yes,Yes,24,Yes,Yes,DSL,Yes,Yes,Yes,Yes,No,No,Month-to-month,No,Electronic check,103.65,2484.77,No
6759-WSYR,Female,0,Yes,No,4,Yes,Yes,DSL,Yes,No,No,Yes,No,Yes,Month-to-month,No,Bank transfer (automatic),97.27,440.59,Yes
6190-IVZU,Male,0,Yes,No,1,Yes,No,Fiber optic,No,Yes,No,No,Yes,No,Two year,Yes,Electronic check,90.25,112.17,No
5747-GNOO,Male,0,No,No,62,Yes,No,DSL,Yes,Yes,Yes,Yes,No,No,Two year,Yes,Electronic check,91.39,5692.7,No
8053-BHMW,Male,0,Yes,Yes,53,Yes,No,No,No internet service,No internet service,No internet service,No internet service,No internet service,No internet service,Month-to-month,No,Electronic check,36.88,1978.58,No
1965-EEYA,Female,0,Yes,Yes,37,Yes,No,Fiber optic,No,No,No,Yes,No,No,Two year,Yes,Electronic check,86.52,3227.97,No
4071-IFTZ,Male,0,No,No,16,Yes,Yes,Fiber optic,Yes,No,Yes,No,No,No,Month-to-month,Yes,Bank transfer (automatic),109.96,1752.55,Yes
7525-GIEN,Female,0,No,No,30,Yes,No,DSL,No,Yes,Yes,No,No,No,Month-to-month,Yes,Credit card (automatic),74.8,2217.84,No
8716-HGMM,Male,1,Yes,No,0,Yes,No,DSL,Yes,Yes,No,No,No,No,Month-to-month,No,Mailed check,76.44, ,Yes
3343-KZRY,Male,0,No,Yes,5,Yes,No,DSL,Yes,No,No,No,No,Yes,One year,Yes,Bank transfer (automatic),81.15,409.82,No
4154-FVBM,Female,0,Yes,Yes,69,Yes,Yes,DSL,Yes,No,No,No,No,No,Month-to-month,Yes,Bank transfer (automatic),80.25,5534.1,No
1214-YZKA,Female,0,Yes,No,35,Yes,Yes,Fiber optic,No,No,No,Yes,No,Yes,Two year,No,Electronic check,109.29,3853.05,No
5289-QHBF,Female,0,No,No,7,No,No phone service,Fiber optic,Yes,No,No,Yes,Yes,No,One year,No,Bank transfer (automatic),89.92,637.78,No
3372-PHSP,Male,0,No,No,72,Yes,Yes,Fiber optic,No,Yes,No,Yes,No,No,Month-to-month,Yes,Credit card (automatic),108.76,7846.43,No
7617-TGPW,Male,0,No,No,9,No,No phone service,Fiber optic,No,Yes,No,No,No,Yes,Month-to-month,No,Credit card (automatic),80.72,715.61,Yes
1303-LNXR,Female,0,No,No,23,Yes,No,Fiber optic,Yes,No,No,Yes,Yes,No,Two year,Yes,Electronic check,103.46,2359.87,No
5506-RPTP,Male,1,Yes,No,62,Yes,No,Fiber optic,No,No,No,No,No,Yes,Month-to-month,Yes,Electronic check,85.6,5291.53,Yes
6196-ZIZI,Female,0,No,Yes,39,Yes,No,DSL,No,Yes,Yes,No,No,Yes,One year,No,Bank transfer (automatic),87.44,3393.29,No
3124-DION,Female,1,No,No,1,Yes,No,Fiber optic,No,No,No,No,No,No,Two year,No,Bank transfer (automatic),77.82,77.82,No
6707-UZYF,Male,0,No,No,19,Yes,No,DSL,Yes,Yes,Yes,No,No,Yes,Month-to-month,Yes,Credit card (automatic),90.35,1722.86,No
5664-VTPT,Male,1,Yes,No,32,Yes,Yes,No,No internet service,No internet service,No internet service,No internet service,No internet service,No internet service,Two year,No,Electronic check,41.82,1329.63,No
5886-QPFH,Male,1,Yes,Yes,13,No,No phone service,Fiber optic,Yes,Yes,No,No,No,Yes,One year,No,Credit card (automatic),96.0,1264.52,No
7813-YZBN,Male,1,No,No,53,Yes,Yes,DSL,No,No,No,No,No,No,Month-to-month,No,Electronic check,68.6,3654.89,No
5090-ORPM,Male,0,No,No,54,Yes,No,DSL,Yes,Yes,No,No,Yes,No,One year,Yes,Mailed check,90.93,4907.22,No
8008-YZCP,Male,1,Yes,No,36,Yes,No,No,No internet service,No internet service,No internet service,No internet service,No internet service,No internet service,Two year,No,Mailed check,34.43,1282.96,No
3401-OAIP,Male,1,Yes,No,5,Yes,Yes,DSL,No,No,Yes,No,No,Yes,Month-to-month,Yes,Electronic check,92.29,452.85,Yes
6280-AGRW,Female,0,Yes,No,32,Yes,Yes,DSL,Yes,No,No,No,Yes,No,One year,No,Bank transfer (automatic),89.16,2854.67,No
9635-WOZY,Female,0,No,No,49,Yes,Yes,Fiber optic,Yes,No,No,No,No,No,Month-to-month,No,Electronic check,99.08,4878.46,Yes
9271-GPMN,Male,0,Yes,No,69,No,No phone service,Fiber optic,Yes,Yes,No,No,Yes,No,Month-to-month,No,Credit card (automatic),91.6,6318.91,No
2884-XXTM,Female,0,Yes,Yes,71,Yes,No,No,No internet service,No internet service,No internet service,No internet service,No internet service,No internet service,One year,Yes,Electronic check,39.62,2826.63,No
9503-UDVB,Female,0,No,No,50,No,No phone service,Fiber optic,No,No,No,No,No,Yes,Month-to-month,No,Electronic check,74.69,3715.58,No
2841-BYOZ,Female,0,Yes,No,65,Yes,Yes,No,No internet service,No internet service,No internet service,No internet service,No internet service,No internet service,One year,No,Mailed check,45.09,2913.33,No
6298-OZTJ,Female,0,Yes,No,60,Yes,No,Fiber optic,No,Yes,No,No,Yes,Yes,Month-to-month,Yes,Electronic check,105.87,6373.98,Yes
8771-XTKZ,Male,0,Yes,No,27,Yes,No,DSL,Yes,No,No,No,Yes,Yes,Two year,Yes,Electronic check,83.31,2261.54,No
5297-WEIT,Female,0,Yes,No,43,Yes,No,DSL,No,Yes,Yes,No,No,Yes,One year,Yes,Credit card (automatic),83.59,3555.21,No
8890-MRQF,Female,0,Yes,Yes,11,No,No phone service,Fiber optic,No,No,No,No,No,Yes,Month-to-month,Yes,Credit card (automatic),73.32,808.16,Yes
9983-FUMR,Male,0,Yes,No,56,Yes,Yes,Fiber optic,Yes,Yes,Yes,Yes,No,No,One year,No,Electronic check,118.11,6580.33,No
7118-BNER,Female,0,Yes,Yes,25,Yes,Yes,Fiber optic,No,Yes,Yes,No,No,No,Two year,Yes,Electronic check,103.31,2543.3,No
3122-JKBO,Female,0,No,Yes,24,Yes,Yes,DSL,No,No,Yes,Yes,Yes,No,Month-to-month,No,Mailed check,90.72,2172.39,No
2254-IEGT,Male,0,Yes,No,14,Yes,No,DSL,No,No,No,No,No,Yes,Two year,Yes,Bank transfer (automatic),67.54,938.36,No
5130-BUVW,Female,0,No,No,52,Yes,No,DSL,No,No,No,Yes,No,No,Two year,No,Electronic check,70.46,3692.3,No
5035-XTGV,Male,0,Yes,No,64,Yes,No,No,No internet service,No internet service,No internet service,No internet service,No internet service,No internet service,Month-to-month,No,Electronic check,39.11,2493.96,No
1912-SVPC,Male,0,Yes,No,53,Yes,Yes,No,No internet service,No internet service,No internet service,No internet service,No internet service,No internet service,Two year,Yes,Credit card (automatic),38.3,2028.87,No
2439-ONON,Male,0,No,Yes,38,Yes,No,DSL,No,No,No,No,No,No,Two year,Yes,Mailed check,60.21,2312.25,No
5216-CQJO,Female,0,Yes,No,50,Yes,No,DSL,Yes,No,No,Yes,No,Yes,One year,No,Credit card (automatic),86.61,4331.78,No
5124-FQQN,Female,0,Yes,Yes,19,Yes,No,DSL,No,No,No,Yes,Yes,No,Month-to-month,Yes,Mailed check,76.12,1450.35,No
9120-RYEH,Male,1,No,Yes,63,Yes,No,DSL,Yes,No,Yes,No,Yes,No,Two year,Yes,Electronic check,83.36,5249.77,No
1863-DREP,Male,0,No,Yes,10,Yes,No,No,No internet service,No internet service,No internet service,No internet service,No internet service,No internet service,Month-to-month,Yes,Electronic check,32.56,288.03,Yes
6133-SNIF,Male,0,No,Yes,51,Yes,No,No,No internet service,No internet service,No internet service,No internet service,No internet service,No internet service,Two year,No,Bank transfer (automatic),32.51,1700.71,No
2872-SLDP,Female,1,No,No,53,Yes,No,DSL,Yes,Yes,Yes,No,No,No,Month-to-month,Yes,Mailed check,87.15,4579.18,No
8189-DQHN,Female,1,Yes,Yes,68,Yes,No,DSL,No,Yes,No,No,Yes,Yes,Month-to-month,No,Mailed check,90.6,6162.2,No
6386-KXVX,Male,1,No,No,6,Yes,Yes,Fiber optic,No,No,No,Yes,Yes,No,Month-to-month,Yes,Mailed check,110.51,683.02,Yes
1244-UNJZ,Female,0,No,No,11,Yes,Yes,DSL,No,Yes,No,Yes,No,No,Month-to-month,Yes,Credit card (automatic),84.56,943.7,Yes
6767-GHHW,Female,0,Yes,No,1,Yes,No,DSL,No,No,No,No,Yes,No,Two year,Yes,Bank transfer (automatic),67.6,94.81,No
9481-PIMW,Male,1,No,No,20,Yes,Yes,Fiber optic,No,No,Yes,Yes,No,No,Month-to-month,Yes,Bank transfer (automatic),106.94,2163.24,Yes
5314-VYQB,Female,1,Yes,No,68,Yes,No,DSL,No,No,Yes,No,Yes,No,Month-to-month,Yes,Mailed check,78.14,5321.29,No
9772-ATMH,Female,0,No,No,35,Yes,Yes,Fiber optic,No,Yes,No,No,No,No,Month-to-month,Yes,Electronic check,100.72,3526.61,Yes
3853-QLAC,Male,0,Yes,No,20,Yes,Yes,DSL,Yes,No,Yes,Yes,No,No,Month-to-month,No,Bank transfer (automatic),92.83,1880.3,No
7829-ZHKN,Female,0,No,No,52,Yes,Yes,DSL,Yes,Yes,Yes,Yes,No,No,Month-to-month,Yes,Bank transfer (automatic),100.78,5200.92,No
9391-CGSD,Female,0,Yes,Yes,18,Yes,No,DSL,No,No,Yes,Yes,Yes,Yes,Month-to-month,Yes,Credit card (automatic),98.41,1751.32,No
2656-PMTS,Female,0,No,No,2,Yes,Yes,DSL,No,Yes,No,No,Yes,Yes,Month-to-month,Yes,Electronic check,98.46,204.25,Yes
3692-WETX,Male,0,Yes,No,59,Yes,No,DSL,No,Yes,No,No,Yes,Yes,One year,No,Mailed check,82.88,4885.98,No
8331-BZMP,Female,0,Yes,Yes,72,No,No phone service,Fiber optic,No,No,Yes,Yes,Yes,Yes,Month-to-month,Yes,Credit card (automatic),104.6,7526.27,No
6025-SQEY,Female,0,No,No,33,Yes,No,Fiber optic,No,No,No,Yes,No,No,Month-to-month,Yes,Mailed check,93.42,3065.8,Yes
4835-WURH,Female,0,No,No,28,Yes,Yes,Fiber optic,No,Yes,Yes,Yes,No,Yes,One year,Yes,Mailed check,118.75,3298.34,No
8386-OMMP,Female,0,Yes,No,56,Yes,Yes,DSL,Yes,No,No,Yes,Yes,Yes,Month-to-month,No,Electronic check,107.08,5993.13,No
8635-MTBC,Female,0,No,Yes,72,Yes,Yes,No,No internet service,No internet service,No internet service,No internet service,No internet service,No internet service,Month-to-month,No,Bank transfer (automatic),47.73,3421.52,No
1814-WSME,Male,0,Yes,No,39,Yes,Yes,DSL,Yes,Yes,Yes,Yes,No,No,Two year,Yes,Bank transfer (automatic),103.96,4057.78,No
1309-FNDV,Female,0,No,No,49,Yes,No,No,No internet service,No internet service,No internet service,No internet service,No internet service,No internet service,Two year,No,Bank transfer (automatic),37.44,1840.38,No
3486-GDBG,Male,0,No,No,18,Yes,No,DSL,Yes,No,Yes,No,No,No,One year,Yes,Mailed check,74.36,1322.44,No
7786-OABJ,Female,0,No,No,21,Yes,Yes,Fiber optic,Yes,No,No,No,No,Yes,Month-to-month,Yes,Electronic check,99.75,2121.91,Yes
4407-YOXO,Male,0,No,No,50,Yes,No,DSL,Yes,No,Yes,Yes,No,No,Month-to-month,Yes,Bank transfer (automatic),84.22,4180.28,No
5237-VNFN,Male,0,No,Yes,48,Yes,No,DSL,Yes,No,Yes,Yes,No,Yes,Two year,Yes,Bank transfer (automatic),91.26,4393.95,No
8248-RTSQ,Female,0,Yes,No,51,Yes,Yes,Fiber optic,No,No,No,Yes,Yes,No,Month-to-month,Yes,Electronic check,106.46,5398.95,No
6327-HGTL,Male,0,No,No,21,Yes,No,DSL,No,Yes,No,Yes,No,No,Month-to-month,No,Mailed check,80.83,1668.54,No
2992-NTAJ,Female,0,No,No,61,Yes,No,Fiber optic,Yes,Yes,No,Yes,No,No,Month-to-month,Yes,Credit card (automatic),102.23,6238.45,No
1446-QQQD,Male,0,Yes,Yes,59,Yes,Yes,DSL,No,Yes,No,No,No,No,One year,Yes,Mailed check,76.69,4555.37,No
3896-RTWB,Female,1,Yes,No,6,Yes,No,No,No internet service,No internet service,No internet service,No internet service,No internet service,No internet service,Month-to-month,No,Credit card (automatic),38.04,205.14,No
4980-WYVT,Female,0,No,No,52,Yes,Yes,DSL,No,Yes,No,No,No,No,One year,Yes,Electronic check,79.24,4113.28,No
4413-OTWI,Female,0,No,No,30,Yes,Yes,Fiber optic,No,No,No,No,No,Yes,Month-to-month,No,Electronic check,99.06,2967.35,Yes
1557-QMSW,Female,0,Yes,Yes,3,Yes,No,Fiber optic,No,No,Yes,No,No,No,Month-to-month,Yes,Mailed check,85.55,269.65,Yes
8182-YNBG,Male,0,No,No,6,No,No phone service,DSL,No,No,No,No,No,No,Month-to-month,No,Electronic check,44.92,246.17,Yes
4312-RFUH,Female,1,Yes,No,2,Yes,No,DSL,No,No,No,Yes,No,No,Month-to-month,No,Bank transfer (automatic),67.25,105.96,No
6595-BAPG,Female,0,No,No,24,Yes,Yes,No,No internet service,No internet service,No internet service,No internet service,No internet service,No internet service,Two year,Yes,Mailed check,42.67,1038.12,No
1362-OMXB,Female,1,No,No,33,Yes,Yes,No,No internet service,No internet service,No internet service,No internet service,No internet service,No internet service,Month-to-month,Yes,Credit card (automatic),43.69,1431.6,No
2485-XFIG,Male,0,Yes,No,32,Yes,No,DSL,Yes,No,No,No,Yes,Yes,Month-to-month,Yes,Bank transfer (automatic),88.96,2868.46,No
7079-XIWD,Female,1,Yes,No,37,Yes,Yes,DSL,Yes,Yes,No,No,Yes,No,Month-to-month,No,Electronic check,91.87,3421.73,Yes
2507-LDYX,Male,0,No,Yes,3,Yes,Yes,DSL,No,Yes,No,Yes,Yes,No,Month-to-month,Yes,Credit card (automatic),94.77,254.65,Yes
9275-NXXG,Male,1,No,Yes,47,Yes,No,Fiber optic,Yes,Yes,No,No,No,Yes,Two year,Yes,Bank transfer (automatic),107.26,5042.07,No
1985-MVHW,Female,0,No,No,60,Yes,Yes,Fiber optic,No,No,No,Yes,No,Yes,Month-to-month,Yes,Electronic check,105.87,6375.52,No
6291-MTNR,Male,0,No,No,64,Yes,Yes,Fiber optic,Yes,Yes,Yes,No,Yes,No,One year,Yes,Electronic check,118.75,7596.24,No
3586-XYTD,Female,1,No,No,70,Yes,No,DSL,No,No,Yes,Yes,No,No,One year,Yes,Bank transfer (automatic),77.78,5449.39,No
2806-UFPT,Male,0,No,No,60,Yes,Yes,DSL,Yes,No,No,No,No,No,Two year,No,Bank transfer (automatic),75.13,4542.56,No
1071-UPVP,Female,0,No,Yes,0,Yes,No,Fiber optic,No,No,No,Yes,Yes,No,Month-to-month,No,Mailed check,100.31, ,Yes
7690-QIYC,Female,0,No,No,5,Yes,Yes,DSL,No,Yes,No,No,Yes,Yes,Month-to-month,Yes,Electronic check,96.14,476.11,Yes
1559-VXQT,Female,0,No,No,20,Yes,Yes,DSL,Yes,No,No,No,No,No,Month-to-month,No,Credit card (automatic),75.97,1546.48,No
1078-ABHV,Male,0,No,No,66,Yes,Yes,No,No internet service,No internet service,No internet service,No internet service,No internet service,No internet service,Month-to-month,Yes,Credit card (automatic),41.65,2753.68,No
3072-BSII,Male,0,Yes,No,27,Yes,No,Fiber optic,No,No,No,No,No,Yes,Month-to-month,Yes,Credit card (automatic),90.14,2461.41,Yes
2484-FOSU,Male,0,No,No,65,Yes,Yes,No,No internet service,No internet service,No internet service,No internet service,No internet service,No internet service,One year,Yes,Credit card (automatic),47.71,3117.16,No
2550-RGZK,Male,0,Yes,Yes,26,Yes,Yes,DSL,No,No,Yes,Yes,Yes,No,Month-to-month,Yes,Credit card (automatic),97.98,2516.99,No
2829-HBSP,Female,0,No,Yes,31,Yes,No,No,No internet service,No internet service,No internet service,No internet service,No internet service,No internet service,Month-to-month,Yes,Electronic check,39.83,1255.55,No
7601-LQGV,Female,0,Yes,No,11,No,No phone service,No,No internet service,No internet service,No internet service,No internet service,No internet service,No internet service,Month-to-month,No,Mailed check,22.17,266.21,No
7182-DCSO,Male,0,No,No,64,Yes,Yes,Fiber optic,No,No,No,No,Yes,No,Month-to-month,No,Electronic check,99.6,6385.23,Yes
7238-YIMR,Male,0,Yes,No,45,Yes,Yes,DSL,Yes,Yes,Yes,No,No,No,Month-to-month,Yes,Mailed check,89.88,4050.87,No
9559-ADRH,Male,0,Yes,No,39,Yes,Yes,DSL,Yes,Yes,No,Yes,No,No,Month-to-month,No,Credit card (automatic),95.48,3733.54,No
3035-PUKT,Male,0,Yes,Yes,8,Yes,No,DSL,No,No,No,Yes,Yes,No,Two year,Yes,Credit card (automatic),81.17,633.02,No
3228-UUSW,Female,0,Yes,No,61,Yes,No,DSL,Yes,No,No,Yes,No,Yes,One year,No,Electronic check,83.98,5115.84,No
4889-SKCH,Female,0,No,No,15,Yes,No,No,No internet service,No internet service,No internet service,No internet service,No internet service,No internet service,One year,Yes,Mailed check,33.61,523.74,No
2395-SJPE,Female,0,Yes,No,67,Yes,No,No,No internet service,No internet service,No internet service,No internet service,No internet service,No internet service,Month-to-month,Yes,Electronic check,35.6,2360.56,No
8336-HKPG,Male,0,Yes,No,39,Yes,No,DSL,Yes,No,Yes,Yes,Yes,No,Month-to-month,Yes,Bank transfer (automatic),92.84,3613.05,No
6358-XUTW,Male,1,No,No,34,Yes,Yes,No,No internet service,No internet service,No internet service,No internet service,No internet service,No internet service,Two year,Yes,Electronic check,44.31,1519.16,No
6422-HGBM,Male,0,Yes,No,59,Yes,No,Fiber optic,No,No,No,No,No,Yes,One year,No,Mailed check,86.29,5093.14,No
1061-WFET,Male,1,Yes,Yes,69,Yes,No,Fiber optic,No,No,No,No,No,No,Month-to-month,Yes,Mailed check,85.66,5921.85,No
5636-ROWJ,Female,0,No,Yes,2,Yes,No,DSL,No,No,No,No,No,No,One year,Yes,Electronic check,61.35,111.93,No
5087-MHVU,Female,0,No,Yes,52,Yes,Yes,DSL,Yes,No,Yes,No,Yes,No,Month-to-month,Yes,Electronic check,99.46,5162.32,No
3049-IQRM,Male,0,Yes,No,58,Yes,Yes,DSL,No,Yes,No,No,Yes,No,Two year,Yes,Bank transfer (automatic),91.39,5292.95,No
4904-LTTU,Female,0,Yes,Yes,35,No,No phone service,DSL,No,No,No,No,Yes,No,Month-to-month,No,Credit card (automatic),57.9,2061.38,No
1292-HOCF,Female,0,No,No,65,No,No phone service,DSL,No,Yes,No,No,No,Yes,Two year,No,Credit card (automatic),64.79,4235.11,No
5860-RXAY,Female,0,Yes,No,36,No,No phone service,DSL,Yes,No,No,No,No,Yes,Month-to-month,No,Electronic check,60.83,2195.92,Yes
8962-GLJL,Female,0,No,No,43,No,No phone service,DSL,No,No,No,Yes,No,Yes,Month-to-month,Yes,Credit card (automatic),63.45,2758.31,No
1106-DSFY,Male,0,No,No,63,Yes,Yes,DSL,No,No,No,No,Yes,No,Month-to-month,Yes,Credit card (automatic),75.44,4731.03,No
6278-ITJE,Female,0,No,Yes,50,Yes,No,DSL,No,No,No,No,Yes,No,Month-to-month,Yes,Mailed check,66.75,3331.8,No
5250-MIBR,Female,0,No,No,5,Yes,No,Fiber optic,Yes,No,No,No,No,No,One year,Yes,Electronic check,88.11,470.79,No
2620-AXUL,Female,0,Yes,No,68,Yes,No,Fiber optic,Yes,No,No,Yes,Yes,Yes,One year,Yes,Credit card (automatic),115.53,7850.81,No
2385-BIBW,Female,1,Yes,Yes,20,Yes,No,Fiber optic,Yes,Yes,No,No,No,No,Month-to-month,Yes,Electronic check,95.9,1921.93,Yes
2301-NKWK,Male,0,No,Yes,56,Yes,No,No,No internet service,No internet service,No internet service,No internet service,No internet service,No internet service,Month-to-month,No,Credit card (automatic),30.74,1730.86,No
9784-DMGP,Female,1,No,Yes,27,No,No phone service,DSL,No,No,Yes,Yes,No,Yes,Two year,Yes,Electronic check,70.52,1915.75,No
6088-MAKF,Female,1,No,No,23,Yes,Yes,No,No internet service,No internet service,No internet service,No internet service,No internet service,No internet service,Month-to-month,Yes,Electronic check,46.07,1078.79,No
7291-CLEI,Male,1,No,Yes,62,Yes,Yes,DSL,Yes,No,No,Yes,Yes,No,Month-to-month,Yes,Bank transfer (automatic),97.32,6045.76,No
4833-LJSE,Male,1,No,No,21,Yes,Yes,DSL,No,No,Yes,Yes,No,Yes,Month-to-month,No,Mailed check,94.94,1984.61,No
5537-EIZT,Male,1,Yes,No,33,Yes,Yes,Fiber optic,No,No,Yes,Yes,Yes,No,Month-to-month,Yes,Mailed check,113.23,3721.42,Yes
8472-JUAV,Male,0,Yes,Yes,36,Yes,No,Fiber optic,Yes,Yes,Yes,No,No,Yes,Month-to-month,No,Electronic check,118.75,4288.65,Yes
9539-PZZO,Male,0,Yes,No,40,Yes,No,DSL,Yes,Yes,Yes,Yes,Yes,No,Two year,No,Electronic check,100.07,4017.83,No
2351-EFWT,Male,0,Yes,Yes,42,Yes,Yes,Fiber optic,No,Yes,Yes,No,Yes,No,Two year,No,Electronic check,116.01,4872.62,No
9861-NVWK,Female,0,No,Yes,21,Yes,Yes,DSL,No,No,No,No,No,No,Two year,Yes,Mailed check,74.87,1585.39,No
8434-MLVB,Female,0,No,Yes,14,Yes,No,No,No internet service,No internet service,No internet service,No internet service,No internet service,No internet service,Two year,Yes,Electronic check,33.53,475.32,No
9756-CWDQ,Male,0,No,No,20,Yes,Yes,No,No internet service,No internet service,No internet service,No internet service,No internet service,No internet service,Month-to-month,No,Electronic check,44.33,901.34,No
5123-VFGO,Female,0,No,No,51,No,No phone service,DSL,No,Yes,Yes,Yes,No,No,Month-to-month,Yes,Electronic check,69.27,3521.95,No
9983-CFZB,Female,1,Yes,Yes,3,Yes,Yes,Fiber optic,No,No,Yes,Yes,No,No,Month-to-month,No,Electronic check,107.72,333.86,Yes
9702-MZLL,Female,0,No,Yes,46,Yes,No,No,No internet service,No internet service,No internet service,No internet service,No internet service,No internet service,Month-to-month,Yes,Mailed check,34.6,1579.12,No
2617-IQUP,Female,0,Yes,No,17,Yes,No,No,No internet service,No internet service,No internet service,No internet service,No internet service,No internet service,Month-to-month,No,Credit card (automatic),34.25,603.57,No
7704-UXHK,Female,0,No,No,70,Yes,Yes,Fiber optic,Yes,Yes,Yes,No,Yes,Yes,Month-to-month,No,Mailed check,118.75,8323.56,No
7935-BHLU,Male,0,Yes,Yes,34,Yes,Yes,DSL,Yes,Yes,Yes,Yes,Yes,Yes,Month-to-month,Yes,Credit card (automatic),118.75,4033.44,No
7176-WMVU,Female,1,No,No,6,No,No phone service,DSL,No,Yes,Yes,Yes,No,No,Month-to-month,No,Mailed check,70.17,453.32,No
9653-NPQF,Female,0,Yes,No,40,Yes,No,No,No internet service,No internet service,No internet service,No internet service,No internet service,No internet service,Month-to-month,No,Electronic check,38.79,1547.28,No
4515-GZZA,Male,0,No,Yes,9,Yes,Yes,DSL,No,No,Yes,No,Yes,Yes,Month-to-month,Yes,Electronic check,99.87,914.9,Yes
4534-TURZ,Female,0,Yes,Yes,61,Yes,Yes,Fiber optic,No,No,No,No,Yes,Yes,Two year,No,Mailed check,108.76,6664.88,No
5748-XBSO,Female,0,Yes,Yes,64,Yes,No,DSL,No,Yes,No,No,No,Yes,Month-to-month,Yes,Credit card (automatic),74.77,4777.55,No
9046-YRNF,Female,0,Yes,No,11,Yes,No,DSL,No,Yes,No,Yes,Yes,No,One year,Yes,Credit card (automatic),85.07,924.49,No
4414-FZIY,Female,0,No,Yes,27,Yes,No,DSL,No,No,No,Yes,Yes,No,Month-to-month,No,Electronic check,78.08,2129.29,No
6283-QBPX,Female,0,No,No,57,Yes,No,DSL,No,No,No,No,Yes,Yes,Month-to-month,Yes,Electronic check,80.62,4567.68,No
6465-HNBP,Female,0,No,No,55,Yes,No,Fiber optic,Yes,No,Yes,Yes,Yes,Yes,Month-to-month,Yes,Bank transfer (automatic),114.43,6297.12,No
9259-AWTN,Male,1,No,No,17,Yes,No,No,No internet service,No internet service,No internet service,No internet service,No internet service,No internet service,Month-to-month,Yes,Credit card (automatic),42.08,711.86,No
4239-YYCE,Female,0,Yes,Yes,64,Yes,Yes,Fiber optic,Yes,Yes,No,Yes,Yes,No,Month-to-month,No,Mailed check,118.75,7587.15,No
2125-VZHF,Male,0,No,No,56,Yes,Yes,Fiber optic,No,No,No,No,Yes,No,Two year,Yes,Credit card (automatic),102.88,5763.59,No
7565-DGXS,Male,0,No,No,49,Yes,Yes,Fiber optic,No,Yes,No,No,No,Yes,One year,No,Electronic check,112.07,5484.13,No
4232-ANFJ,Female,0,Yes,No,44,Yes,No,Fiber optic,No,No,No,Yes,Yes,No,Month-to-month,No,Electronic check,103.37,4576.41,Yes
1440-NDFP,Female,1,No,No,61,No,No phone service,DSL,Yes,Yes,No,Yes,No,Yes,Month-to-month,Yes,Electronic check,79.02,4806.1,No
6755-UAFI,Female,0,Yes,No,64,Yes,No,No,No internet service,No internet service,No internet service,No internet service,No internet service,No internet service,Month-to-month,Yes,Bank transfer (automatic),34.86,2248.6,No
8038-OLCK,Male,1,Yes,No,54,Yes,No,Fiber optic,Yes,Yes,No,Yes,Yes,Yes,Month-to-month,Yes,Bank transfer (automatic),118.75,6392.05,No
3606-CNBD,Male,0,No,No,37,Yes,Yes,Fiber optic,Yes,No,No,No,No,No,One year,No,Mailed check,98.15,3631.39,No
5491-BQCJ,Male,0,No,Yes,3,Yes,No,No,No internet service,No internet service,No internet service,No internet service,No internet service,No internet service,Month-to-month,Yes,Bank transfer (automatic),31.49,117.26,No
8381-IKUO,Female,0,No,No,14,Yes,No,DSL,Yes,No,Yes,Yes,Yes,No,One year,Yes,Electronic check,90.47,1228.17,No
3415-UUUL,Male,0,Yes,No,20,Yes,Yes,Fiber optic,Yes,Yes,Yes,Yes,Yes,No,Month-to-month,No,Electronic check,118.75,2361.09,Yes
9159-WEGI,Female,0,No,No,20,Yes,Yes,Fiber optic,Yes,No,Yes,Yes,No,No,Month-to-month,Yes,Bank transfer (automatic),110.6,2195.45,Yes
7004-RUHL,Female,0,No,No,50,No,No phone service,Fiber optic,No,No,No,No,No,No,Two year,Yes,Electronic check,64.75,3263.82,No
8155-BJSI,Male,0,No,No,34,Yes,Yes,No,No internet service,No internet service,No internet service,No internet service,No internet service,No internet service,Month-to-month,Yes,Mailed check,45.48,1560.76,No
1791-HXXX,Male,0,No,Yes,3,Yes,No,No,No internet service,No internet service,No internet service,No internet service,No internet service,No internet service,Two year,No,Mailed check,32.97,123.51,No
8904-FLYX,Female,0,No,No,31,Yes,No,DSL,No,No,Yes,No,No,No,One year,No,Electronic check,70.97,2192.99,No
8408-BKRW,Male,0,Yes,Yes,11,Yes,No,DSL,Yes,Yes,Yes,No,Yes,No,Month-to-month,No,Mailed check,91.05,997.5,Yes
2659-VKRH,Male,0,No,No,53,Yes,No,DSL,Yes,Yes,No,No,No,No,Two year,No,Credit card (automatic),79.27,4182.48,No
7446-IOGT,Female,1,No,Yes,29,Yes,No,Fiber optic,No,No,No,No,Yes,Yes,Month-to-month,Yes,Credit card (automatic),102.03,2965.31,Yes
7764-ATDX,Male,0,Yes,No,8,Yes,No,Fiber optic,Yes,No,Yes,Yes,No,No,Month-to-month,Yes,Bank transfer (automatic),103.91,860.53,Yes
4811-DMBZ,Male,0,No,No,18,No,No phone service,Fiber optic,Yes,Yes,No,No,No,No,One year,No,Mailed check,79.99,1416.95,No
6142-ODFC,Female,0,No,Yes,29,Yes,No,Fiber optic,No,No,No,No,Yes,No,Month-to-month,Yes,Mailed check,90.81,2628.46,Yes
8526-FCDJ,Female,0,No,Yes,64,No,No phone service,Fiber optic,No,No,No,No,Yes,Yes,Month-to-month,No,Electronic check,84.13,5356.79,Yes
8933-FTKG,Male,0,Yes,No,44,Yes,Yes,Fiber optic,No,No,No,No,No,No,Two year,No,Bank transfer (automatic),85.52,3742.71,No
7211-DMPY,Male,1,Yes,Yes,22,Yes,No,DSL,Yes,Yes,No,No,No,Yes,One year,Yes,Credit card (automatic),87.52,1956.22,No
4021-KBVN,Male,1,Yes,No,4,Yes,Yes,Fiber optic,No,Yes,No,Yes,Yes,Yes,Month-to-month,Yes,Bank transfer (automatic),118.75,464.9,Yes
4447-XGZK,Female,1,No,No,66,Yes,No,DSL,No,No,No,No,No,No,One year,Yes,Credit card (automatic),61.74,4077.01,No
5899-GPZF,Male,0,Yes,No,65,Yes,No,Fiber optic,No,No,No,Yes,Yes,No,One year,Yes,Bank transfer (automatic),98.48,6364.01,No
2285-BXHG,Female,0,Yes,No,42,Yes,No,Fiber optic,No,No,Yes,No,No,No,Month-to-month,No,Electronic check,88.85,3734.42,Yes
8066-YXNI,Female,0,No,No,1,Yes,Yes,DSL,No,Yes,No,No,No,Yes,Month-to-month,Yes,Mailed check,84.12,85.17,Yes
4022-YVRL,Female,0,Yes,Yes,47,Yes,No,DSL,Yes,No,Yes,Yes,No,Yes,Month-to-month,No,Mailed check,96.01,4528.29,No
5204-GYJJ,Female,0,No,No,57,No,No phone service,No,No internet service,No internet service,No internet service,No internet service,No internet service,No internet service,One year,Yes,Bank transfer (automatic),20.07,1120.02,No
5917-FIMI,Male,0,No,No,39,Yes,Yes,Fiber optic,No,No,No,No,No,No,Two year,Yes,Bank transfer (automatic),90.42,3509.27,No
9382-MENE,Male,0,No,No,52,Yes,No,No,No internet service,No internet service,No internet service,No internet service,No internet service,No internet service,One year,Yes,Electronic check,30.28,1578.19,No
8240-HGHV,Male,0,No,Yes,58,Yes,No,Fiber optic,Yes,No,Yes,Yes,No,No,One year,Yes,Electronic check,100.36,5804.67,No
6378-WXOH,Male,0,No,No,67,Yes,Yes,DSL,Yes,No,No,No,No,No,Month-to-month,Yes,Electronic check,77.63,5200.08,No
9864-GSBN,Male,0,No,Yes,62,No,No phone service,DSL,No,No,Yes,Yes,No,No,Two year,Yes,Mailed check,67.29,4185.84,No
9753-ONXY,Female,0,No,Yes,35,No,No phone service,DSL,No,No,No,No,No,Yes,Two year,Yes,Mailed check,52.84,1826.71,No
8506-SVZQ,Female,1,Yes,No,39,Yes,Yes,Fiber optic,No,Yes,No,No,Yes,No,Month-to-month,No,Mailed check,106.53,4117.16,Yes
4445-SPTY,Male,0,No,Yes,5,No,No phone service,DSL,No,Yes,No,Yes,Yes,No,One year,No,Credit card (automatic),67.97,350.93,No
1434-GWKE,Male,0,No,No,13,Yes,No,No,No internet service,No internet service,No internet service,No internet service,No internet service,No internet service,One year,Yes,Electronic check,38.19,491.8,No
6725-QKXZ,Male,0,No,No,32,Yes,No,Fiber optic,No,No,No,Yes,Yes,Yes,Month-to-month,No,Credit card (automatic),105.24,3364.9,Yes
7825-LJMZ,Male,0,No,Yes,18,Yes,No,Fiber optic,No,Yes,Yes,No,Yes,Yes,Month-to-month,Yes,Credit card (automatic),118.75,2148.75,Yes
7194-TQTP,Female,0,No,No,42,Yes,No,DSL,No,No,No,Yes,No,No,Two year,No,Electronic check,69.97,2944.98,No
4546-OZBM,Male,0,Yes,No,53,Yes,Yes,DSL,Yes,Yes,Yes,No,Yes,Yes,Two year,Yes,Credit card (automatic),116.14,6173.75,No
4221-HWQD,Female,0,Yes,Yes,72,Yes,No,DSL,No,Yes,No,No,Yes,No,One year,Yes,Mailed check,80.57,5802.6,No
2592-IWOI,Female,0,Yes,No,60,Yes,No,No,No internet service,No internet service,No internet service,No internet service,No internet service,No internet service,Two year,Yes,Credit card (automatic),30.97,1883.19,No
3775-UINW,Male,0,No,Yes,12,No,No phone service,DSL,No,No,No,No,Yes,Yes,One year,Yes,Electronic check,60.42,721.6,No
7004-PXWY,Female,0,Yes,No,41,Yes,No,No,No internet service,No internet service,No internet service,No internet service,No internet service,No internet service,Two year,No,Credit card (automatic),30.26,1220.89,No
2561-QMIO,Male,0,Yes,No,17,Yes,No,DSL,No,Yes,No,Yes,No,Yes,Month-to-month,Yes,Bank transfer (automatic),89.99,1567.38,No
4238-AAEX,Female,1,No,No,71,Yes,Yes,DSL,No,No,No,Yes,Yes,No,Month-to-month,Yes,Electronic check,80.11,5689.1,No
1709-MZHO,Female,0,Yes,No,64,Yes,No,DSL,No,No,Yes,Yes,No,No,Month-to-month,Yes,Credit card (automatic),75.44,4821.4,No
6765-FDKU,Female,1,No,No,47,Yes,No,DSL,No,No,Yes,No,Yes,No,Month-to-month,Yes,Electronic check,84.82,3991.53,Yes
6951-RCCL,Female,0,Yes,Yes,35,Yes,No,DSL,Yes,Yes,No,No,Yes,Yes,One year,No,Electronic check,93.12,3258.98,No
8770-UUFU,Female,0,No,No,44,Yes,Yes,Fiber optic,No,No,Yes,Yes,Yes,No,Month-to-month,Yes,Credit card (automatic),117.24,5202.26,Yes
6413-HORT,Male,0,Yes,Yes,9,Yes,No,DSL,Yes,Yes,No,Yes,Yes,No,Two year,No,Mailed check,91.34,796.15,No
1796-PFUQ,Female,1,Yes,Yes,8,Yes,No,DSL,Yes,Yes,Yes,Yes,No,No,Month-to-month,Yes,Electronic check,88.78,714.3,Yes
3024-SRYW,Male,0,No,No,45,Yes,No,Fiber optic,No,Yes,Yes,No,No,No,Month-to-month,Yes,Electronic check,96.06,4316.75,Yes
6285-LKPT,Male,1,No,No,16,Yes,No,Fiber optic,No,Yes,No,Yes,No,No,Two year,No,Bank transfer (automatic),93.87,1489.48,No
7611-IAZC,Female,0,Yes,No,66,Yes,No,DSL,Yes,No,Yes,No,No,No,Month-to-month,Yes,Bank transfer (automatic),71.1,4672.2,No
6054-UWIV,Male,0,No,Yes,32,Yes,No,DSL,Yes,No,No,Yes,Yes,No,Month-to-month,No,Mailed check,82.12,2605.77,No
9530-MWNT,Female,0,No,No,64,Yes,Yes,DSL,Yes,Yes,No,No,No,No,Month-to-month,No,Bank transfer (automatic),86.17,5515.08,No
6949-WGDL,Male,0,Yes,No,19,Yes,Yes,No,No internet service,No internet service,No internet service,No internet service,No internet service,No internet service,Month-to-month,Yes,Bank transfer (automatic),44.68,851.54,No
8670-NBAR,Male,0,No,No,65,No,No phone service,Fiber optic,No,No,No,No,Yes,Yes,One year,Yes,Electronic check,84.15,5475.4,No
6267-HCZF,Female,0,Yes,No,15,Yes,No,No,No internet service,No internet service,No internet service,No internet service,No internet service,No internet service,One year,Yes,Credit card (automatic),35.41,544.8,No
1981-MIIT,Male,0,Yes,Yes,72,Yes,No,DSL,No,No,No,Yes,Yes,Yes,Month-to-month,No,Electronic check,88.44,6364.22,No
3126-MVPB,Male,0,Yes,No,13,Yes,Yes,DSL,No,Yes,Yes,Yes,No,No,Month-to-month,No,Credit card (automatic),90.31,1157.63,No
4322-FBHD,Male,0,Yes,No,0,Yes,No,No,No internet service,No internet service,No internet service,No internet service,No internet service,No internet service,Month-to-month,Yes,Electronic check,30.45, ,Yes
3861-KXNL,Female,0,Yes,No,34,Yes,No,Fiber optic,No,No,Yes,Yes,No,No,One year,Yes,Credit card (automatic),100.17,3437.67,No
7227-ALGH,Male,0,Yes,Yes,0,Yes,No,Fiber optic,No,No,Yes,No,Yes,Yes,Month-to-month,No,Electronic check,109.02, ,Yes
4123-MEJL,Male,0,Yes,Yes,42,Yes,No,DSL,No,No,No,Yes,No,No,Month-to-month,Yes,Credit card (automatic),67.91,2861.8,No
5962-OGFD,Female,0,No,No,68,Yes,No,DSL,No,No,No,No,Yes,No,Two year,No,Mailed check,66.08,4514.26,No
2976-IFMV,Male,1,No,Yes,54,Yes,No,No,No internet service,No internet service,No internet service,No internet service,No internet service,No internet service,Month-to-month,Yes,Mailed check,32.4,1758.75,No
5381-TDBZ,Female,0,No,Yes,15,Yes,No,DSL,Yes,Yes,No,No,Yes,No,Month-to-month,Yes,Electronic check,81.29,1223.97,Yes
4619-HMJR,Male,1,Yes,No,66,Yes,No,Fiber optic,Yes,No,Yes,Yes,Yes,No,Month-to-month,No,Mailed check,118.43,7805.4,No
4976-AMRO,Male,0,No,Yes,62,Yes,No,Fiber optic,No,No,Yes,No,Yes,No,One year,Yes,Electronic check,100.84,6224.13,No
4681-KNVO,Male,0,Yes,Yes,71,No,No phone service,DSL,Yes,Yes,No,No,No,No,Month-to-month,Yes,Credit card (automatic),60.33,4290.37,No
7413-PWOS,Female,0,Yes,Yes,21,Yes,No,Fiber optic,Yes,Yes,Yes,Yes,No,No,Two year,Yes,Bank transfer (automatic),110.44,2302.87,No
2370-IEEK,Male,0,No,No,55,Yes,Yes,No,No internet service,No internet service,No internet service,No internet service,No internet service,No internet service,Month-to-month,No,Mailed check,50.27,2736.92,No
9283-TYXD,Female,0,No,Yes,51,Yes,No,DSL,No,Yes,No,No,No,Yes,One year,Yes,Electronic check,72.92,3718.06,No
1831-RYCD,Female,0,Yes,No,26,No,No phone service,DSL,No,Yes,No,No,No,No,Month-to-month,No,Mailed check,48.58,1274.78,No
9455-XPTO,Male,0,Yes,No,63,Yes,No,Fiber optic,No,No,Yes,No,No,No,Month-to-month,No,Bank transfer (automatic),88.12,5535.33,No
2286-ZQVV,Male,0,No,No,44,Yes,Yes,Fiber optic,Yes,No,No,No,Yes,Yes,Month-to-month,Yes,Credit card (automatic),118.75,5236.37,Yes
6431-NOOE,Female,0,No,Yes,66,Yes,No,DSL,Yes,Yes,Yes,No,No,No,Month-to-month,Yes,Mailed check,82.11,5432.8,No
4087-EBTY,Male,0,Yes,No,25,Yes,No,Fiber optic,No,No,Yes,No,No,Yes,Month-to-month,No,Credit card (automatic),100.7,2512.36,Yes
9296-VIDO,Male,0,No,No,12,No,No phone service,No,No internet service,No internet service,No internet service,No internet service,No internet service,No internet service,Month-to-month,Yes,Mailed check,23.03,273.94,No
4392-RAHY,Male,1,Yes,Yes,29,No,No phone service,Fiber optic,No,Yes,Yes,Yes,Yes,No,Two year,Yes,Electronic check,102.21,2958.79,No
6973-RVIL,Male,0,No,No,29,No,No phone service,No,No internet service,No internet service,No internet service,No internet service,No internet service,No internet service,One year,No,Electronic check,19.73,584.8,No
9850-YREB,Female,0,Yes,Yes,43,Yes,No,No,No internet service,No internet service,No internet service,No internet service,No internet service,No internet service,Month-to-month,Yes,Bank transfer (automatic),45.98,1946.39,No
4657-OYGE,Male,0,Yes,No,47,No,No phone service,Fiber optic,No,No,No,Yes,Yes,No,Two year,No,Bank transfer (automatic),81.92,3836.68,No
4182-TTOJ,Female,0,Yes,No,8,Yes,No,Fiber optic,No,No,No,No,Yes,Yes,Two year,Yes,Electronic check,101.73,801.49,No
7167-ZZNZ,Female,0,No,No,47,Yes,Yes,DSL,Yes,No,Yes,Yes,Yes,Yes,Month-to-month,Yes,Credit card (automatic),115.6,5445.36,No
6497-JQUN,Female,0,Yes,No,55,Yes,No,DSL,Yes,No,Yes,Yes,Yes,No,One year,Yes,Electronic check,93.59,5150.62,No
3817-PMIG,Female,0,No,No,67,Yes,No,DSL,Yes,No,No,No,Yes,No,Month-to-month,No,Electronic check,77.55,5175.03,No
2711-JXVI,Female,0,No,No,5,Yes,Yes,DSL,No,No,Yes,No,No,No,Month-to-month,Yes,Mailed check,77.43,375.01,Yes
9789-WGPI,Female,0,No,No,64,Yes,No,Fiber optic,Yes,No,Yes,No,Yes,Yes,Month-to-month,Yes,Mailed check,110.27,7073.7,No
4667-GKHG,Female,0,Yes,No,66,Yes,Yes,No,No internet service,No internet service,No internet service,No internet service,No internet service,No internet service,Month-to-month,Yes,Mailed check,39.46,2607.11,No
9283-STLG,Male,0,Yes,No,20,Yes,No,No,No internet service,No internet service,No internet service,No internet service,No internet service,No internet service,One year,Yes,Bank transfer (automatic),27.64,571.5,No
6400-IMGH,Male,0,Yes,No,29,Yes,Yes,Fiber optic,No,No,Yes,No,No,No,Two year,No,Credit card (automatic),100.37,2940.99,No
3800-QPVB,Female,0,Yes,No,56,Yes,Yes,DSL,No,Yes,Yes,Yes,No,Yes,Two year,No,Bank transfer (automatic),108.17,6052.89,No
9967-QMRX,Male,0,No,No,54,Yes,No,DSL,No,No,No,No,No,No,Two year,Yes,Electronic check,60.47,3242.26,No
3303-VJBB,Male,1,No,No,1,Yes,No,No,No internet service,No internet service,No internet service,No internet service,No internet service,No internet service,Month-to-month,No,Credit card (automatic),32.91,60.02,No
9806-UUXL,Male,0,Yes,Yes,47,Yes,Yes,No,No internet service,No internet service,No internet service,No internet service,No internet service,No internet service,One year,No,Credit card (automatic),44.77,2105.78,No
4807-WNYD,Male,1,Yes,No,21,Yes,Yes,Fiber optic,No,No,Yes,Yes,No,No,Month-to-month,Yes,Mailed check,104.01,2190.54,Yes
1473-DRCA,Female,0,No,No,12,Yes,Yes,DSL,No,No,No,No,Yes,Yes,Month-to-month,No,Mailed check,88.69,1069.02,No
2734-PESG,Male,0,No,No,42,Yes,No,Fiber optic,No,No,Yes,Yes,No,No,Month-to-month,Yes,Electronic check,99.46,4182.46,Yes
6281-CQPH,Female,0,No,Yes,48,No,No phone service,No,No internet service,No internet service,No internet service,No internet service,No internet service,No internet service,Two year,Yes,Mailed check,18.25,880.76,No
5081-OGIF,Male,0,Yes,No,36,Yes,No,Fiber optic,Yes,Yes,Yes,No,No,No,Month-to-month,No,Mailed check,104.31,3753.42,Yes
9369-YZXN,Male,0,Yes,No,34,Yes,Yes,No,No internet service,No internet service,No internet service,No internet service,No internet service,No internet service,One year,No,Credit card (automatic),47.6,1599.14,No
3840-DDOO,Female,0,No,Yes,18,Yes,No,DSL,No,Yes,Yes,No,Yes,No,Month-to-month,Yes,Electronic check,87.11,1530.58,Yes
4871-RNZA,Female,0,Yes,No,27,Yes,Yes,No,No internet service,No internet service,No internet service,No internet service,No internet service,No internet service,Month-to-month,No,Bank transfer (automatic),43.92,1155.47,No
4260-TJJX,Female,0,No,No,56,No,No phone service,Fiber optic,No,Yes,No,No,Yes,Yes,Month-to-month,No,Electronic check,90.17,5042.84,Yes
9636-HAAD,Male,0,Yes,No,60,No,No phone service,Fiber optic,Yes,Yes,No,No,No,No,Month-to-month,Yes,Mailed check,79.59,4747.27,No
3630-IPEB,Male,1,No,No,42,Yes,No,Fiber optic,No,Yes,No,Yes,No,No,Month-to-month,Yes,Mailed check,94.86,3990.6,Yes
6930-RYYS,Male,1,No,No,59,Yes,No,DSL,No,No,Yes,Yes,Yes,No,Two year,No,Credit card (automatic),90.49,5330.44,No
4722-TSQE,Female,0,Yes,No,9,No,No phone service,Fiber optic,Yes,Yes,No,No,No,Yes,Month-to-month,No,Bank transfer (automatic),86.67,788.58,Yes
3060-TAJH,Female,0,Yes,No,66,Yes,No,DSL,No,No,Yes,No,Yes,Yes,Month-to-month,No,Mailed check,90.14,5956.91,No
5407-HSFL,Female,0,No,No,23,Yes,No,Fiber optic,No,No,Yes,No,Yes,No,Month-to-month,Yes,Bank transfer (automatic),97.66,2215.56,Yes
8611-GPIU,Female,0,Yes,Yes,43,Yes,No,Fiber optic,No,No,No,No,No,No,Month-to-month,Yes,Electronic check,78.6,3388.07,Yes
3808-VJJJ,Female,0,No,No,29,No,No phone service,DSL,Yes,No,No,Yes,No,No,Month-to-month,Yes,Electronic check,61.0,1792.18,No
5559-AQZU,Male,1,Yes,No,44,Yes,Yes,DSL,No,No,No,No,No,Yes,Month-to-month,No,Credit card (automatic),82.97,3643.9,No
7012-NSUU,Female,0,Yes,Yes,59,Yes,Yes,DSL,No,No,No,No,No,Yes,Two year,Yes,Credit card (automatic),82.51,4876.57,No
5308-UIHM,Female,1,No,No,52,Yes,No,Fiber optic,No,No,No,No,Yes,No,Month-to-month,Yes,Bank transfer (automatic),92.82,4820.72,No
2403-GQAE,Male,0,No,No,24,Yes,No,DSL,No,No,No,Yes,Yes,No,Two year,Yes,Electronic check,79.82,1900.46,No
6761-YPVE,Female,0,Yes,No,3,Yes,Yes,Fiber optic,No,Yes,No,Yes,Yes,Yes,Month-to-month,No,Credit card (automatic),118.75,379.97,Yes
1804-LCPF,Female,0,Yes,Yes,30,Yes,No,DSL,No,No,No,Yes,Yes,Yes,Month-to-month,Yes,Electronic check,87.31,2597.0,No
5238-PTML,Female,0,No,No,18,Yes,No,DSL,No,Yes,No,Yes,Yes,No,Month-to-month,No,Bank transfer (automatic),92.98,1653.97,No
3093-BCIK,Female,0,No,Yes,1,Yes,No,DSL,No,No,No,No,No,Yes,Month-to-month,No,Mailed check,73.66,85.92,Yes
3517-JZNI,Male,0,Yes,No,3,Yes,No,Fiber optic,No,No,No,No,Yes,No,Month-to-month,No,Credit card (automatic),90.52,255.71,Yes
8061-IEHK,Female,0,Yes,Yes,37,Yes,No,DSL,Yes,No,Yes,Yes,Yes,No,One year,Yes,Mailed check,92.98,3455.41,No
4712-UJAZ,Male,1,Yes,Yes,32,No,No phone service,Fiber optic,No,Yes,Yes,No,Yes,No,Two year,No,Mailed check,92.8,2994.67,No
9509-VGNE,Female,1,No,No,17,Yes,Yes,No,No internet service,No internet service,No internet service,No internet service,No internet service,No internet service,Two year,Yes,Credit card (automatic),43.32,721.67,No
4696-VZUF,Male,0,No,No,31,Yes,No,No,No internet service,No internet service,No internet service,No internet service,No internet service,No internet service,Two year,No,Electronic check,39.05,1214.0,No
8327-PKJO,Male,0,Yes,No,32,Yes,Yes,No,No internet service,No internet service,No internet service,No internet service,No internet service,No internet service,Two year,No,Mailed check,46.84,1503.5,No
1678-WBLS,Female,0,No,Yes,33,Yes,Yes,DSL,Yes,Yes,Yes,Yes,No,No,Month-to-month,Yes,Mailed check,108.01,3548.05,No
6541-CBTE,Male,1,Yes,No,50,Yes,Yes,Fiber optic,No,No,Yes,No,Yes,Yes,Two year,No,Mailed check,117.73,5873.27,No
7026-ZYCC,Male,0,No,Yes,62,Yes,No,DSL,Yes,Yes,Yes,No,No,Yes,One year,Yes,Electronic check,87.26,5418.15,No
6028-VWKC,Male,0,Yes,Yes,46,Yes,No,DSL,No,Yes,No,No,No,Yes,One year,No,Electronic check,80.69,3712.6,No
2772-UHTJ,Female,0,No,Yes,65,Yes,Yes,DSL,No,Yes,No,Yes,No,No,Month-to-month,Yes,Electronic check,87.63,5663.35,No
7113-DRSD,Male,0,No,Yes,12,Yes,Yes,DSL,No,Yes,Yes,No,Yes,No,Month-to-month,Yes,Credit card (automatic),95.3,1140.36,No
9723-ZIPZ,Male,0,No,No,51,Yes,Yes,No,No internet service,No internet service,No internet service,No internet service,No internet service,No internet service,Two year,No,Electronic check,47.29,2409.13,No
8013-YDIM,Male,0,No,Yes,51,Yes,No,No,No internet service,No internet service,No internet service,No internet service,No internet service,No internet service,Two year,Yes,Electronic check,35.57,1807.48,No
2140-SNUO,Female,0,No,No,42,Yes,No,Fiber optic,Yes,No,No,No,No,Yes,Month-to-month,Yes,Electronic check,95.28,4010.68,Yes
3562-EURN,Female,0,No,No,60,Yes,Yes,Fiber optic,No,No,Yes,No,Yes,Yes,One year,Yes,Mailed check,118.75,7119.5,No
7541-IOGN,Male,1,Yes,Yes,2,Yes,Yes,Fiber optic,No,No,No,No,Yes,Yes,Two year,Yes,Bank transfer (automatic),108.88,235.88,No
6765-UOTH,Male,0,Yes,No,67,Yes,Yes,DSL,Yes,Yes,No,No,No,No,Month-to-month,Yes,Electronic check,84.49,5638.71,No
5001-HAZQ,Female,0,No,No,58,Yes,No,No,No internet service,No internet service,No internet service,No internet service,No internet service,No internet service,Month-to-month,No,Electronic check,38.08,2197.58,No
2650-EVTP,Male,0,No,No,53,No,No phone service,DSL,Yes,Yes,No,No,No,No,Month-to-month,No,Mailed check,61.22,3226.07,No
6894-GRRB,Female,0,No,No,68,Yes,Yes,DSL,Yes,No,Yes,Yes,No,No,Month-to-month,No,Mailed check,92.73,6263.59,No
2326-NRIN,Male,0,Yes,No,1,No,No phone service,Fiber optic,No,No,No,Yes,No,Yes,Two year,Yes,Electronic check,84.67,84.67,No
1388-KHEK,Male,0,No,No,67,Yes,No,Fiber optic,Yes,Yes,Yes,Yes,No,No,One year,Yes,Electronic check,116.0,7763.95,No
3820-QVDO,Female,1,Yes,Yes,43,Yes,No,No,No internet service,No internet service,No internet service,No internet service,No internet service,No internet service,Month-to-month,No,Bank transfer (automatic),33.79,1423.93,No
2301-BXQL,Female,0,Yes,Yes,37,Yes,No,Fiber optic,Yes,Yes,Yes,No,Yes,Yes,Month-to-month,Yes,Mailed check,118.75,4366.17,Yes
7071-QJYR,Male,0,No,No,59,Yes,No,DSL,No,No,Yes,Yes,No,No,Month-to-month,Yes,Electronic check,71.34,4208.15,No
1498-RMNX,Female,0,Yes,No,26,Yes,No,Fiber optic,Yes,Yes,Yes,Yes,Yes,No,Two year,Yes,Mailed check,118.75,3064.15,No
3105-RPQG,Male,0,Yes,No,14,Yes,Yes,DSL,No,Yes,No,No,No,No,Month-to-month,Yes,Electronic check,76.62,1068.22,Yes
8137-JEUC,Male,0,No,No,38,Yes,Yes,DSL,Yes,Yes,Yes,No,No,No,Month-to-month,No,Electronic check,95.08,3614.85,Yes
7764-LCFN,Female,1,Yes,Yes,37,Yes,No,Fiber optic,No,Yes,No,Yes,No,No,Month-to-month,Yes,Bank transfer (automatic),98.63,3630.57,Yes
7642-RCTF,Male,0,No,Yes,53,Yes,Yes,No,No internet service,No internet service,No internet service,No internet service,No internet service,No internet service,Month-to-month,No,Credit card (automatic),42.05,2221.93,No
9143-TXCL,Male,0,No,Yes,62,Yes,No,Fiber optic,Yes,Yes,No,No,No,Yes,One year,Yes,Mailed check,105.77,6566.15,No
6682-SXDA,Female,0,No,No,57,Yes,No,No,No internet service,No internet service,No internet service,No internet service,No internet service,No internet service,Month-to-month,Yes,Electronic check,34.36,1949.81,No
7209-MZMB,Male,0,No,Yes,61,Yes,No,Fiber optic,No,No,Yes,Yes,No,No,Month-to-month,Yes,Electronic check,94.84,5797.69,No
3717-SVXP,Male,0,No,No,17,Yes,No,Fiber optic,No,No,Yes,Yes,Yes,No,Two year,No,Credit card (automatic),103.79,1777.85,No
3795-AIQJ,Male,0,No,No,28,Yes,Yes,Fiber optic,No,Yes,No,Yes,No,No,One year,Yes,Electronic check,106.0,2952.81,No
2810-GYSX,Male,0,No,Yes,70,Yes,Yes,DSL,Yes,No,Yes,No,No,Yes,Month-to-month,Yes,Electronic check,98.94,6911.8,No
3126-IJWT,Female,1,No,No,56,Yes,Yes,No,No internet service,No internet service,No internet service,No internet service,No internet service,No internet service,Two year,No,Electronic check,43.85,2477.49,No
6747-DFDE,Male,1,Yes,No,23,No,No phone service,Fiber optic,No,Yes,Yes,No,Yes,No,One year,Yes,Bank transfer (automatic),91.81,2074.03,No
3344-LWHU,Male,0,No,No,37,Yes,No,DSL,No,No,No,Yes,Yes,No,Month-to-month,Yes,Electronic check,69.86,2591.21,No
4004-KWKM,Male,0,No,No,5,Yes,Yes,DSL,No,Yes,No,Yes,Yes,No,Month-to-month,Yes,Credit card (automatic),94.98,478.08,Yes
5039-YRSL,Male,0,No,Yes,19,Yes,No,Fiber optic,No,No,Yes,No,No,Yes,One year,Yes,Bank transfer (automatic),98.59,1875.38,No
4307-RJGR,Female,0,No,No,41,Yes,No,Fiber optic,No,Yes,No,Yes,No,No,Month-to-month,Yes,Mailed check,95.67,3909.12,Yes
6902-PBRL,Female,0,No,No,21,Yes,No,DSL,No,No,No,Yes,No,No,Month-to-month,Yes,Electronic check,68.53,1435.14,No
4055-MTQR,Female,0,No,No,32,Yes,No,DSL,No,Yes,Yes,Yes,No,No,One year,No,Electronic check,80.28,2575.94,No
5642-WJAF,Male,0,No,No,45,Yes,Yes,Fiber optic,No,No,Yes,No,No,No,Two year,No,Electronic check,96.08,4333.77,No
5466-DTWC,Male,0,Yes,No,53,Yes,Yes,Fiber optic,No,Yes,Yes,No,No,Yes,One year,No,Electronic check,115.88,6122.8,No
3471-GBUF,Female,0,No,No,41,Yes,No,DSL,No,Yes,Yes,No,No,No,Month-to-month,No,Electronic check,74.94,3045.82,Yes
4177-DMJU,Female,1,Yes,Yes,50,Yes,No,Fiber optic,Yes,Yes,No,Yes,Yes,Yes,Month-to-month,Yes,Electronic check,118.75,5935.88,No
3413-IKWR,Male,0,No,No,67,Yes,Yes,DSL,No,Yes,Yes,No,No,No,Month-to-month,Yes,Bank transfer (automatic),91.16,6130.38,No
5784-BCKR,Female,0,No,No,55,No,No phone service,Fiber optic,No,Yes,No,No,Yes,No,Two year,Yes,Bank transfer (automatic),80.65,4460.41,No
6626-CZOK,Male,0,No,No,41,Yes,No,No,No internet service,No internet service,No internet service,No internet service,No internet service,No internet service,Two year,Yes,Credit card (automatic),33.17,1387.65,No
6450-YTYK,Male,0,No,No,12,Yes,No,Fiber optic,No,No,Yes,No,Yes,Yes,Month-to-month,Yes,Mailed check,110.43,1335.79,Yes
9027-AEJJ,Male,0,No,No,53,Yes,No,Fiber optic,No,No,No,No,No,No,One year,Yes,Mailed check,79.98,4261.15,No
9045-BDBR,Male,0,Yes,No,11,Yes,Yes,DSL,Yes,Yes,No,Yes,Yes,No,One year,Yes,Bank transfer (automatic),103.58,1103.11,No
3892-SETB,Male,0,No,Yes,34,No,No phone service,No,No internet service,No internet service,No internet service,No internet service,No internet service,No internet service,Month-to-month,No,Electronic check,21.88,735.7,No
5734-KZRF,Male,1,Yes,Yes,8,Yes,Yes,Fiber optic,No,No,No,No,Yes,Yes,Month-to-month,Yes,Credit card (automatic),106.86,832.95,Yes
3742-JVWQ,Male,0,Yes,No,12,Yes,Yes,Fiber optic,Yes,Yes,No,No,Yes,Yes,One year,No,Bank transfer (automatic),118.75,1426.39,No
1533-KSQX,Male,0,Yes,Yes,21,Yes,No,DSL,Yes,No,Yes,No,Yes,Yes,Month-to-month,Yes,Mailed check,97.29,2048.24,No
7563-ZXZN,Female,0,No,No,39,Yes,No,DSL,No,No,Yes,No,Yes,Yes,Month-to-month,Yes,Electronic check,92.75,3580.06,Yes
3355-DNZD,Female,0,No,No,35,Yes,Yes,DSL,Yes,No,No,No,No,Yes,Month-to-month,No,Electronic check,92.55,3218.4,Yes
8493-IULZ,Female,1,Yes,Yes,40,Yes,No,Fiber optic,No,Yes,Yes,No,No,Yes,One year,No,Electronic check,104.04,4144.59,No
5061-HXDZ,Female,0,Yes,No,6,Yes,Yes,DSL,Yes,No,No,No,No,Yes,Month-to-month,No,Bank transfer (automatic),84.75,458.73,Yes
5722-HIOD,Male,0,No,No,54,Yes,No,Fiber optic,Yes,Yes,No,No,No,No,Month-to-month,Yes,Mailed check,93.63,5034.56,No
6855-HOSO,Female,0,Yes,Yes,12,Yes,No,Fiber optic,No,Yes,Yes,No,No,Yes,Month-to-month,Yes,Credit card (automatic),100.57,1196.49,Yes
1676-SGFS,Female,0,Yes,Yes,19,Yes,No,Fiber optic,No,No,Yes,No,No,No,Two year,Yes,Electronic check,90.21,1716.04,No
6723-QJSK,Male,0,No,No,57,Yes,Yes,Fiber optic,No,No,Yes,Yes,No,No,Month-to-month,Yes,Electronic check,103.79,5892.66,No
9526-JKWC,Female,0,Yes,No,22,Yes,Yes,DSL,No,Yes,Yes,No,No,Yes,Month-to-month,Yes,Electronic check,97.58,2155.05,Yes
1061-CRYK,Female,0,Yes,No,52,Yes,No,Fiber optic,Yes,Yes,Yes,No,Yes,Yes,One year,Yes,Bank transfer (automatic),118.75,6169.32,No
2683-ZVRY,Female,0,Yes,No,36,Yes,Yes,No,No internet service,No internet service,No internet service,No internet service,No internet service,No internet service,Month-to-month,Yes,Bank transfer (automatic),40.47,1451.59,No
9678-JUWT,Female,0,No,No,19,Yes,No,DSL,No,Yes,Yes,No,Yes,No,One year,No,Credit card (automatic),92.97,1779.54,No
9732-JMOW,Male,0,No,Yes,18,Yes,No,DSL,Yes,No,Yes,No,No,Yes,Month-to-month,No,Mailed check,83.57,1514.54,No
6169-WDTQ,Female,1,No,No,17,Yes,Yes,No,No internet service,No internet service,No internet service,No internet service,No internet service,No internet service,Two year,No,Bank transfer (automatic),43.94,734.81,No
9130-UUBD,Female,0,No,No,67,Yes,Yes,DSL,No,No,Yes,No,No,Yes,Month-to-month,Yes,Mailed check,87.96,5865.97,No
5288-OYAF,Female,0,Yes,Yes,60,Yes,No,DSL,No,No,No,No,No,No,Month-to-month,No,Bank transfer (automatic),64.22,3841.66,No
8814-SLAG,Female,0,Yes,Yes,71,Yes,Yes,Fiber optic,Yes,Yes,Yes,No,No,No,Month-to-month,No,Mailed check,112.65,8005.97,No
7866-MZLL,Male,0,Yes,No,45,Yes,No,DSL,Yes,No,Yes,Yes,Yes,No,One year,No,Mailed check,90.72,4101.69,No
4989-MNVL,Male,0,No,No,47,No,No phone service,Fiber optic,Yes,No,No,Yes,Yes,Yes,Month-to-month,No,Electronic check,98.29,4598.41,Yes
7106-FJTX,Female,0,No,No,19,Yes,No,DSL,No,No,No,No,No,No,Month-to-month,No,Electronic check,58.37,1095.78,Yes
5200-BGIY,Male,1,No,No,71,Yes,Yes,Fiber optic,No,Yes,No,Yes,Yes,No,One year,Yes,Electronic check,115.29,8208.33,No
7820-AVOH,Male,0,Yes,No,68,Yes,Yes,DSL,Yes,Yes,Yes,No,No,Yes,Month-to-month,No,Mailed check,104.14,7055.66,No
8008-RMAE,Male,0,Yes,Yes,33,Yes,No,Fiber optic,No,Yes,No,No,Yes,Yes,Month-to-month,No,Electronic check,109.6,3614.65,Yes
4281-PZJD,Male,0,Yes,No,6,Yes,No,No,No internet service,No internet service,No internet service,No internet service,No internet service,No internet service,One year,Yes,Mailed check,37.6,190.66,No
6600-WHEB,Female,0,No,Yes,49,No,No phone service,Fiber optic,Yes,No,No,No,Yes,No,Month-to-month,No,Mailed check,84.98,4146.44,No
8959-QGQF,Male,0,Yes,No,52,Yes,Yes,DSL,No,No,No,No,No,Yes,Month-to-month,Yes,Mailed check,78.45,4088.58,No
4342-EORR,Female,1,No,No,72,Yes,Yes,Fiber optic,No,No,No,No,No,Yes,Two year,No,Electronic check,100.88,7247.03,No
6272-UUWF,Female,0,Yes,No,10,No,No phone service,Fiber optic,No,Yes,Yes,Yes,Yes,No,Month-to-month,Yes,Electronic check,100.5,980.77,Yes
4521-QUDL,Female,0,No,No,7,Yes,Yes,DSL,Yes,No,Yes,Yes,Yes,No,Month-to-month,No,Electronic check,103.84,732.04,Yes
5833-NOTB,Female,0,Yes,Yes,31,Yes,No,No,No internet service,No internet service,No internet service,No internet service,No internet service,No internet service,One year,Yes,Electronic check,33.1,1040.1,No
9530-IGML,Female,0,Yes,No,62,Yes,No,Fiber optic,Yes,Yes,Yes,Yes,Yes,No,One year,No,Mailed check,118.75,7367.84,No
4490-MONX,Female,0,Yes,No,54,Yes,Yes,Fiber optic,No,Yes,No,No,No,No,One year,Yes,Mailed check,97.7,5247.65,No
3006-VDUH,Female,0,Yes,Yes,58,Yes,Yes,DSL,No,Yes,No,No,No,No,Month-to-month,No,Bank transfer (automatic),81.43,4738.34,No
4330-BSWH,Female,0,Yes,Yes,62,Yes,Yes,Fiber optic,Yes,Yes,No,No,No,No,Two year,Yes,Electronic check,104.71,6505.35,No
9432-MGIL,Female,0,No,No,16,Yes,Yes,No,No internet service,No internet service,No internet service,No internet service,No internet service,No internet service,Month-to-month,No,Mailed check,43.95,731.77,No
4324-NNOC,Female,0,Yes,No,25,No,No phone service,Fiber optic,No,Yes,No,Yes,Yes,No,Month-to-month,Yes,Credit card (automatic),93.23,2353.31,Yes
1782-SXTN,Male,0,Yes,No,50,Yes,No,Fiber optic,No,No,No,Yes,No,No,Two year,No,Mailed check,88.74,4422.36,No
9199-ESDN,Male,0,No,No,32,Yes,Yes,DSL,No,Yes,No,No,No,No,Month-to-month,Yes,Mailed check,80.63,2570.42,No
6007-TXFW,Male,0,No,No,25,No,No phone service,No,No internet service,No internet service,No internet service,No internet service,No internet service,No internet service,Month-to-month,No,Bank transfer (automatic),20.79,497.24,No
6637-COCK,Female,0,Yes,No,21,Yes,No,Fiber optic,Yes,Yes,No,No,No,No,Month-to-month,Yes,Electronic check,94.7,1967.87,Yes
5482-JRAP,Female,0,No,Yes,66,Yes,No,No,No internet service,No internet service,No internet service,No internet service,No internet service,No internet service,Two year,Yes,Bank transfer (automatic),40.71,2674.39,No
6408-DCEL,Female,0,No,No,62,Yes,No,DSL,No,No,Yes,Yes,No,No,Month-to-month,No,Bank transfer (automatic),72.05,4479.69,No
2976-LMXL,Female,0,Yes,Yes,16,Yes,Yes,No,No internet service,No internet service,No internet service,No internet service,No internet service,No internet service,Month-to-month,Yes,Electronic check,46.21,725.25,No
5920-PMEX,Female,0,No,Yes,40,Yes,Yes,Fiber optic,No,No,Yes,Yes,No,Yes,Month-to-month,No,Mailed check,115.96,4647.61,Yes
9046-LSUS,Male,1,Yes,No,38,Yes,Yes,DSL,Yes,No,No,No,No,No,Month-to-month,Yes,Mailed check,75.01,2826.98,No
1020-KUFI,Male,0,Yes,Yes,32,Yes,No,Fiber optic,No,Yes,No,No,No,No,Two year,Yes,Electronic check,90.14,2877.59,No
2099-ZNFA,Female,0,No,No,31,Yes,No,Fiber optic,No,No,No,Yes,No,No,Month-to-month,No,Credit card (automatic),89.96,2782.43,Yes
4413-BXKC,Female,1,Yes,No,20,Yes,No,No,No internet service,No internet service,No internet service,No internet service,No internet service,No internet service,Month-to-month,Yes,Electronic check,38.14,719.72,No
5521-FFTU,Male,0,Yes,Yes,52,Yes,Yes,DSL,Yes,Yes,Yes,No,Yes,Yes,Two year,Yes,Mailed check,115.84,6027.26,No
5353-ZZXJ,Male,0,No,No,63,Yes,No,Fiber optic,Yes,Yes,No,Yes,Yes,No,Two year,Yes,Mailed check,114.08,7157.19,No
6083-QNEW,Male,0,No,No,65,Yes,No,Fiber optic,No,No,Yes,Yes,No,No,Month-to-month,No,Bank transfer (automatic),104.07,6748.08,No
9737-ILSV,Female,0,No,No,48,Yes,No,DSL,No,No,Yes,No,Yes,Yes,Month-to-month,Yes,Bank transfer (automatic),84.37,4015.21,No
4358-GIUP,Female,0,No,No,70,Yes,Yes,Fiber optic,No,No,Yes,No,Yes,No,Month-to-month,Yes,Bank transfer (automatic),109.95,7723.08,No
2811-KLOR,Female,0,No,No,30,Yes,No,DSL,No,Yes,Yes,No,No,No,Month-to-month,No,Electronic check,77.58,2319.87,Yes
6906-POEK,Female,0,No,Yes,40,Yes,No,DSL,Yes,Yes,No,Yes,Yes,Yes,Month-to-month,No,Credit card (automatic),107.8,4279.66,No
9142-RMDQ,Male,0,Yes,Yes,71,Yes,No,Fiber optic,No,Yes,No,Yes,Yes,No,Two year,No,Electronic check,108.11,7697.01,No
8343-WONL,Male,0,Yes,No,70,Yes,No,DSL,No,No,Yes,Yes,No,No,Month-to-month,Yes,Electronic check,77.46,5410.54,No
9359-FVNQ,Female,0,Yes,No,35,Yes,No,Fiber optic,No,No,Yes,Yes,No,No,Month-to-month,No,Electronic check,97.17,3416.71,Yes
8892-SPOZ,Male,0,Yes,No,38,Yes,No,DSL,Yes,No,No,Yes,No,No,One year,Yes,Bank transfer (automatic),78.04,2942.25,No
9462-AXWW,Female,0,Yes,No,40,Yes,Yes,Fiber optic,No,No,No,No,Yes,Yes,Two year,Yes,Credit card (automatic),114.99,4618.75,No
4081-NJJT,Male,0,No,Yes,40,Yes,Yes,No,No internet service,No internet service,No internet service,No internet service,No internet service,No internet service,Two year,Yes,Electronic check,41.93,1692.6,No
2532-KVPI,Female,1,Yes,Yes,4,Yes,Yes,Fiber optic,No,No,Yes,No,Yes,Yes,One year,Yes,Electronic check,114.86,456.13,No
9430-NSID,Male,0,Yes,No,5,Yes,No,No,No internet service,No internet service,No internet service,No internet service,No internet service,No internet service,One year,Yes,Credit card (automatic),33.19,135.04,No
9166-VZHX,Male,0,No,No,61,Yes,Yes,Fiber optic,Yes,Yes,Yes,Yes,No,No,Month-to-month,No,Bank transfer (automatic),118.75,7239.43,No
3258-OPZV,Male,0,No,Yes,15,Yes,No,Fiber optic,Yes,No,No,Yes,No,Yes,One year,No,Mailed check,107.96,1638.28,No
3493-LPDE,Female,0,No,No,18,Yes,No,Fiber optic,No,No,No,No,No,No,Month-to-month,No,Electronic check,82.84,1508.08,Yes
1903-AFOD,Male,0,No,No,36,Yes,No,Fiber optic,Yes,No,No,Yes,Yes,Yes,One year,No,Mailed check,113.12,4054.75,No
3804-KERX,Female,0,No,No,63,Yes,No,Fiber optic,Yes,Yes,No,No,Yes,No,Month-to-month,No,Electronic check,102.53,6446.38,Yes
5782-RTME,Female,0,No,No,58,Yes,No,DSL,No,No,No,No,No,No,One year,Yes,Mailed check,58.55,3410.43,No
5381-AVRN,Male,0,No,No,68,Yes,Yes,No,No internet service,No internet service,No internet service,No internet service,No internet service,No internet service,Month-to-month,Yes,Mailed check,41.17,2801.43,No
6700-FXYP,Female,0,No,Yes,72,Yes,Yes,Fiber optic,No,No,No,Yes,No,Yes,Month-to-month,Yes,Bank transfer (automatic),105.29,7549.63,No
3996-LTRB,Female,0,No,Yes,6,Yes,Yes,Fiber optic,No,No,Yes,Yes,Yes,No,Month-to-month,Yes,Bank transfer (automatic),118.75,720.62,Yes
1703-WMQQ,Female,0,No,Yes,41,Yes,Yes,Fiber optic,Yes,No,Yes,No,No,Yes,One year,No,Electronic check,115.04,4744.05,No
9367-URHC,Female,0,No,Yes,24,Yes,Yes,Fiber optic,No,No,No,No,No,No,One year,Yes,Electronic check,93.54,2234.54,No
1305-ZZWF,Male,0,Yes,No,55,Yes,No,Fiber optic,No,No,No,No,Yes,Yes,Month-to-month,No,Mailed check,98.1,5366.11,No
8222-ZMHS,Female,0,No,Yes,46,Yes,Yes,DSL,No,Yes,Yes,No,No,No,Month-to-month,No,Bank transfer (automatic),81.72,3760.09,No
7940-WOJQ,Male,0,No,No,49,Yes,No,DSL,Yes,No,Yes,No,No,Yes,Two year,Yes,Electronic check,87.16,4292.54,No
5544-GMCS,Female,0,No,No,32,Yes,Yes,Fiber optic,Yes,No,Yes,No,No,No,Month-to-month,Yes,Mailed check,103.95,3347.95,Yes
1750-EKVR,Female,1,Yes,No,25,Yes,No,Fiber optic,No,Yes,Yes,No,No,Yes,Month-to-month,No,Mailed check,107.1,2669.31,Yes
3530-FCEI,Female,0,Yes,No,16,Yes,No,Fiber optic,No,Yes,No,Yes,No,No,Two year,Yes,Mailed check,98.79,1626.76,No
8707-SMFK,Female,0,Yes,No,20,No,No phone service,Fiber optic,Yes,No,Yes,No,Yes,No,Two year,No,Credit card (automatic),95.97,1916.93,No
9820-UNFF,Female,0,No,No,1,Yes,Yes,Fiber optic,No,No,Yes,No,Yes,Yes,Month-to-month,Yes,Mailed check,118.64,118.64,Yes
9496-KOIU,Female,0,No,No,43,Yes,No,No,No internet service,No internet service,No internet service,No internet service,No internet service,No internet service,One year,Yes,Electronic check,42.25,1830.6,No
3807-GGUA,Female,0,Yes,Yes,65,Yes,No,DSL,Yes,No,Yes,No,Yes,Yes,Month-to-month,Yes,Electronic check,98.26,6386.9,No
3975-YHES,Female,1,No,Yes,70,Yes,No,Fiber optic,No,No,No,No,No,No,Two year,Yes,Credit card (automatic),80.37,5671.41,No
3567-QSLW,Female,0,Yes,No,35,Yes,No,No,No internet service,No internet service,No internet service,No internet service,No internet service,No internet service,Month-to-month,No,Mailed check,37.46,1331.9,No
3894-DWLM,Male,1,Yes,No,45,Yes,No,DSL,No,No,No,No,Yes,No,Month-to-month,Yes,Mailed check,64.75,2927.16,No
4613-GOMZ,Male,0,No,No,49,Yes,Yes,Fiber optic,Yes,No,No,No,No,No,Month-to-month,Yes,Bank transfer (automatic),97.77,4794.96,No
7598-PWWM,Female,0,No,No,66,Yes,Yes,No,No internet service,No internet service,No internet service,No internet service,No internet service,No internet service,Month-to-month,Yes,Mailed check,41.3,2741.07,No
1764-WCOC,Female,0,No,No,2,Yes,Yes,Fiber optic,No,Yes,Yes,No,No,No,One year,Yes,Credit card (automatic),109.08,214.27,No
5029-RNRS,Female,0,Yes,No,32,Yes,No,DSL,No,No,No,Yes,Yes,No,Two year,Yes,Mailed check,79.37,2527.28,No
7445-TFHZ,Male,1,No,No,44,Yes,Yes,DSL,Yes,Yes,No,No,Yes,Yes,Month-to-month,Yes,Mailed check,103.13,4540.02,No
2593-GTRR,Male,0,No,Yes,24,Yes,Yes,DSL,Yes,No,Yes,No,No,No,Two year,Yes,Credit card (automatic),80.05,1905.4,No
7707-VSVU,Male,1,Yes,No,36,Yes,No,No,No internet service,No internet service,No internet service,No internet service,No internet service,No internet service,Two year,Yes,Electronic check,36.35,1304.91,No
8399-UKRW,Female,0,No,No,35,Yes,Yes,No,No internet service,No internet service,No internet service,No internet service,No internet service,No internet service,Two year,No,Electronic check,40.8,1416.55,No
2790-IIQG,Female,1,No,No,34,Yes,No,Fiber optic,Yes,No,Yes,No,No,No,Month-to-month,No,Mailed check,96.19,3246.44,Yes
8681-DNDB,Male,0,Yes,No,18,Yes,Yes,No,No internet service,No internet service,No internet service,No internet service,No internet service,No internet service,Month-to-month,No,Credit card (automatic),50.56,911.94,No
6311-NTYJ,Female,0,No,No,44,No,No phone service,DSL,No,Yes,Yes,No,No,No,Two year,No,Mailed check,62.92,2778.29,No
8815-NUWH,Female,0,Yes,No,17,Yes,Yes,DSL,No,No,Yes,No,No,No,Month-to-month,Yes,Bank transfer (automatic),74.32,1274.54,No
1868-PHJH,Male,0,No,Yes,26,No,No phone service,Fiber optic,No,Yes,Yes,No,Yes,No,Month-to-month,No,Mailed check,90.7,2397.64,Yes
6154-QTOU,Female,0,No,No,30,Yes,Yes,No,No internet service,No internet service,No internet service,No internet service,No internet service,No internet service,Month-to-month,No,Bank transfer (automatic),46.25,1403.37,No
6200-HBQR,Male,0,Yes,No,38,Yes,Yes,Fiber optic,No,Yes,No,No,Yes,No,Month-to-month,No,Mailed check,107.92,4096.72,Yes
9222-EIIB,Male,0,No,Yes,66,Yes,No,No,No internet service,No internet service,No internet service,No internet service,No internet service,No internet service,Month-to-month,Yes,Credit card (automatic),36.3,2348.53,No
6362-WCQN,Female,0,No,No,21,Yes,No,Fiber optic,Yes,Yes,Yes,No,No,Yes,One year,No,Electronic check,114.42,2389.66,No
9493-FCAP,Male,0,No,No,51,No,No phone service,Fiber optic,Yes,No,No,No,No,No,Month-to-month,Yes,Credit card (automatic),72.71,3724.27,No
8580-DAQR,Female,0,Yes,Yes,9,No,No phone service,No,No internet service,No internet service,No internet service,No internet service,No internet service,No internet service,Month-to-month,Yes,Electronic check,18.25,147.14,Yes
8518-PZJH,Male,0,No,No,7,Yes,No,DSL,Yes,No,No,Yes,Yes,Yes,Month-to-month,No,Credit card (automatic),95.81,642.86,Yes
9523-VPLK,Female,0,No,No,33,Yes,No,DSL,No,No,No,No,No,No,Month-to-month,No,Electronic check,60.84,2019.85,Yes
1211-SACL,Female,0,Yes,No,52,No,No phone service,Fiber optic,No,Yes,No,No,Yes,No,Month-to-month,Yes,Mailed check,80.03,4147.13,No
6149-IUVE,Female,0,Yes,No,17,Yes,No,DSL,Yes,Yes,Yes,No,Yes,No,Two year,No,Mailed check,95.75,1662.69,No
6891-OSHW,Female,1,No,No,11,Yes,Yes,Fiber optic,No,Yes,No,No,Yes,No,One year,No,Credit card (automatic),106.69,1178.87,No
1926-GOHZ,Male,0,No,Yes,63,Yes,Yes,Fiber optic,No,No,Yes,No,Yes,Yes,Month-to-month,Yes,Electronic check,118.75,7509.67,Yes
1233-RDOK,Male,0,Yes,Yes,56,Yes,Yes,Fiber optic,No,No,Yes,No,No,No,Month-to-month,Yes,Electronic check,98.52,5518.12,Yes
1386-OCOF,Female,0,No,No,1,Yes,Yes,Fiber optic,No,Yes,No,Yes,Yes,No,Two year,Yes,Bank transfer (automatic),112.44,112.44,No
6581-PAUQ,Female,0,Yes,No,16,Yes,No,DSL,Yes,No,No,No,Yes,No,One year,Yes,Mailed check,80.42,1270.76,No
6145-HRPF,Female,0,Yes,Yes,51,Yes,No,No,No internet service,No internet service,No internet service,No internet service,No internet service,No internet service,One year,Yes,Electronic check,32.69,1686.88,No
3779-LTQN,Male,0,No,Yes,70,Yes,No,Fiber optic,Yes,No,No,No,No,Yes,Month-to-month,Yes,Mailed check,98.21,6854.13,No
5177-LBBQ,Male,0,No,No,1,No,No phone service,No,No internet service,No internet service,No internet service,No internet service,No internet service,No internet service,Two year,Yes,Electronic check,23.73,23.73,No
5885-SZUA,Female,0,Yes,Yes,26,Yes,No,DSL,No,No,No,No,No,Yes,Month-to-month,Yes,Credit card (automatic),69.82,1793.65,No
7359-DYDB,Male,0,No,No,25,Yes,No,DSL,Yes,No,No,Yes,No,No,Two year,No,Electronic check,75.23,1894.78,No
1914-ULJM,Female,0,No,No,24,Yes,No,No,No internet service,No internet service,No internet service,No internet service,No internet service,No internet service,Month-to-month,No,Electronic check,33.34,787.47,No
4069-VWTW,Male,0,No,No,11,No,No phone service,DSL,No,No,No,No,Yes,Yes,Two year,Yes,Mailed check,59.71,663.71,No
9590-ZCWT,Female,0,No,No,16,Yes,No,DSL,Yes,No,Yes,No,No,Yes,Month-to-month,Yes,Credit card (automatic),82.76,1356.86,No
5476-MHYG,Female,0,Yes,Yes,64,Yes,Yes,Fiber optic,No,No,No,No,No,Yes,Two year,Yes,Mailed check,99.98,6400.53,No
2143-HRIF,Female,0,No,No,39,Yes,No,Fiber optic,Yes,No,No,No,No,Yes,Month-to-month,No,Mailed check,96.35,3779.82,Yes
2946-DOEZ,Male,1,Yes,Yes,4,Yes,Yes,Fiber optic,Yes,No,No,No,No,Yes,One year,No,Electronic check,110.45,471.98,No
6380-GIGI,Female,0,No,No,27,Yes,Yes,Fiber optic,Yes,Yes,Yes,Yes,No,No,Two year,Yes,Mailed check,118.75,3194.53,No
8123-JZDF,Male,1,Yes,No,71,Yes,No,DSL,No,Yes,No,Yes,Yes,No,Month-to-month,Yes,Credit card (automatic),83.55,5939.26,No
4607-NIAQ,Male,1,Yes,No,51,Yes,Yes,Fiber optic,No,Yes,Yes,No,No,Yes,Month-to-month,Yes,Electronic check,118.08,6048.22,Yes
7042-GIKC,Female,0,Yes,No,13,Yes,No,DSL,No,Yes,No,Yes,No,No,Two year,No,Electronic check,76.33,994.67,No
4851-UCOU,Female,0,No,Yes,5,Yes,No,Fiber optic,Yes,No,No,No,No,Yes,Month-to-month,Yes,Mailed check,96.85,454.34,Yes
2824-NTFB,Female,0,Yes,No,17,No,No phone service,Fiber optic,Yes,Yes,No,No,No,No,Month-to-month,Yes,Credit card (automatic),74.72,1263.43,Yes
9822-HADD,Male,0,No,No,36,No,No phone service,DSL,No,No,Yes,No,No,No,Month-to-month,No,Credit card (automatic),51.48,1856.61,No
8068-ETIW,Male,0,No,No,63,Yes,Yes,DSL,No,No,Yes,Yes,No,No,Month-to-month,No,Electronic check,88.09,5561.19,No
8121-QYAV,Male,0,Yes,Yes,34,Yes,No,DSL,Yes,No,No,No,Yes,Yes,Month-to-month,No,Credit card (automatic),85.5,2871.2,No
5543-OBPT,Male,0,Yes,No,16,Yes,Yes,No,No internet service,No internet service,No internet service,No internet service,No internet service,No internet service,Month-to-month,No,Mailed check,46.38,745.13,No
6153-GCQX,Male,0,No,No,9,Yes,No,Fiber optic,Yes,No,No,Yes,Yes,Yes,Month-to-month,No,Electronic check,118.75,1061.06,Yes
8319-CMGY,Male,0,Yes,No,50,Yes,Yes,Fiber optic,Yes,No,No,No,Yes,No,Month-to-month,Yes,Mailed check,103.54,5152.3,No
7903-CORJ,Male,0,Yes,No,51,Yes,Yes,DSL,No,Yes,No,No,Yes,No,Month-to-month,No,Credit card (automatic),87.46,4466.53,No
4158-GIET,Female,0,Yes,No,63,Yes,No,DSL,No,No,No,No,No,Yes,Month-to-month,No,Electronic check,68.59,4298.01,No
4651-TNLB,Female,0,Yes,No,32,Yes,No,Fiber optic,No,No,Yes,No,No,Yes,Month-to-month,Yes,Credit card (automatic),95.95,3067.64,Yes
7220-ATGY,Female,0,Yes,Yes,16,Yes,Yes,No,No internet service,No internet service,No internet service,No internet service,No internet service,No internet service,Month-to-month,No,Mailed check,44.02,699.65,No
1648-ZQUW,Male,0,No,No,48,Yes,No,DSL,No,No,No,No,No,No,Two year,No,Electronic check,64.26,3106.45,No
7476-WJPF,Female,0,No,No,6,Yes,No,No,No internet service,No internet service,No internet service,No internet service,No internet service,No internet service,One year,Yes,Mailed check,31.48,172.85,No
8599-KZTC,Male,0,No,Yes,64,Yes,No,No,No internet service,No internet service,No internet service,No internet service,No internet service,No internet service,Two year,Yes,Mailed check,33.15,2128.33,No
4240-OMJT,Male,1,Yes,No,61,Yes,No,No,No internet service,No internet service,No internet service,No internet service,No internet service,No internet service,Month-to-month,Yes,Bank transfer (automatic),38.07,2313.17,No
8020-QGFM,Male,0,No,No,9,Yes,No,DSL,Yes,No,No,Yes,No,Yes,Month-to-month,Yes,Bank transfer (automatic),83.87,788.48,Yes
7651-QODO,Male,0,Yes,No,30,Yes,No,Fiber optic,Yes,Yes,Yes,No,No,No,Month-to-month,Yes,Bank transfer (automatic),104.58,3135.29,Yes
9308-KXDC,Female,0,No,No,24,Yes,No,No,No internet service,No internet service,No internet service,No internet service,No internet service,No internet service,Month-to-month,Yes,Mailed check,35.19,818.64,No
8393-TJMT,Male,0,No,No,56,Yes,Yes,Fiber optic,Yes,Yes,No,Yes,Yes,Yes,Two year,Yes,Bank transfer (automatic),118.75,6649.05,No
9988-ZUWY,Female,0,Yes,No,64,Yes,No,Fiber optic,No,No,Yes,Yes,Yes,No,Month-to-month,Yes,Electronic check,111.2,7110.16,No
4249-UPKJ,Male,0,Yes,No,42,Yes,No,No,No internet service,No internet service,No internet service,No internet service,No internet service,No internet service,Two year,Yes,Bank transfer (automatic),37.24,1555.24,No
8400-LSAR,Female,0,Yes,No,2,Yes,No,Fiber optic,No,Yes,Yes,Yes,No,No,Month-to-month,Yes,Electronic check,104.33,197.77,Yes
4661-VUAQ,Male,0,Yes,No,54,No,No phone service,No,No internet service,No internet service,No internet service,No internet service,No internet service,No internet service,Month-to-month,No,Electronic check,19.4,983.61,No
8530-TODO,Male,1,No,No,47,Yes,Yes,DSL,No,No,No,No,No,Yes,Two year,Yes,Bank transfer (automatic),75.13,3581.25,No
5533-VZNV,Female,0,Yes,No,64,Yes,Yes,Fiber optic,Yes,Yes,Yes,Yes,Yes,No,Month-to-month,No,Electronic check,118.75,7595.08,No
5768-ZIGW,Female,0,No,No,70,Yes,Yes,Fiber optic,No,No,Yes,No,Yes,No,Month-to-month,Yes,Electronic check,108.88,7628.1,Yes
2718-BBFW,Female,0,Yes,No,59,Yes,No,Fiber optic,No,No,Yes,Yes,No,No,Month-to-month,No,Electronic check,100.97,5976.8,No
8154-TNCG,Male,1,No,No,13,Yes,No,DSL,No,No,No,Yes,No,No,Month-to-month,No,Credit card (automatic),74.14,954.06,No
1284-WEQZ,Male,0,Yes,No,13,Yes,No,Fiber optic,No,No,No,No,No,Yes,Month-to-month,No,Credit card (automatic),91.61,1201.28,Yes
2494-MPPB,Male,0,Yes,No,8,Yes,Yes,No,No internet service,No internet service,No internet service,No internet service,No internet service,No internet service,Month-to-month,Yes,Mailed check,43.51,325.93,No
5800-RZHK,Female,0,No,No,44,Yes,Yes,DSL,No,Yes,Yes,No,No,No,Two year,Yes,Mailed check,88.17,3879.34,No
4767-XOPQ,Female,0,No,Yes,1,No,No phone service,Fiber optic,No,No,No,No,No,Yes,Two year,No,Mailed check,78.55,84.85,No
5816-LJTF,Female,0,No,No,31,No,No phone service,No,No internet service,No internet service,No internet service,No internet service,No internet service,No internet service,Two year,Yes,Mailed check,20.68,641.92,No
8687-MBSV,Male,0,No,No,7,Yes,No,Fiber optic,No,No,No,No,No,No,One year,Yes,Credit card (automatic),76.22,522.97,No
2795-LRGT,Male,0,No,Yes,35,Yes,Yes,Fiber optic,No,Yes,No,No,Yes,No,One year,Yes,Bank transfer (automatic),107.68,3758.26,No
9215-XWZY,Female,1,No,No,36,Yes,Yes,Fiber optic,Yes,No,Yes,No,No,No,Month-to-month,Yes,Mailed check,107.04,3845.79,Yes
7947-GJZO,Male,0,Yes,No,14,Yes,Yes,Fiber optic,Yes,Yes,No,No,No,No,One year,Yes,Electronic check,103.2,1469.7,No
8179-ATRY,Male,0,Yes,Yes,33,Yes,Yes,Fiber optic,No,No,Yes,Yes,Yes,No,Two year,No,Electronic check,117.99,3876.93,No
6458-DFZQ,Male,0,No,Yes,20,No,No phone service,No,No internet service,No internet service,No internet service,No internet service,No internet service,No internet service,Month-to-month,No,Electronic check,18.25,351.72,No
4174-XWGI,Female,0,No,Yes,8,Yes,Yes,Fiber optic,Yes,Yes,Yes,Yes,No,No,Month-to-month,No,Electronic check,118.75,969.14,Yes
7387-NPWI,Female,0,No,Yes,39,Yes,Yes,DSL,No,Yes,No,Yes,No,Yes,Month-to-month,Yes,Credit card (automatic),94.32,3729.91,No
5622-ERUT,Female,1,Yes,No,25,Yes,No,No,No internet service,No internet service,No internet service,No internet service,No internet service,No internet service,Month-to-month,Yes,Electronic check,32.6,814.05,No
5167-OUYI,Male,0,No,No,21,Yes,No,DSL,No,No,Yes,Yes,No,No,Two year,No,Electronic check,78.11,1657.17,No
2682-ZVFD,Female,0,No,No,12,Yes,No,Fiber optic,No,No,No,No,Yes,Yes,Month-to-month,Yes,Credit card (automatic),100.88,1200.07,Yes
9490-JCAL,Female,0,No,No,24,Yes,Yes,DSL,No,No,No,Yes,No,Yes,Two year,Yes,Credit card (automatic),80.76,1989.89,No
4854-OUNZ,Male,0,Yes,No,70,Yes,No,Fiber optic,Yes,No,No,No,No,Yes,Two year,No,Mailed check,94.66,6647.4,No
1990-GQXS,Male,0,No,No,14,Yes,No,DSL,Yes,Yes,Yes,No,No,No,Month-to-month,No,Bank transfer (automatic),88.07,1229.16,No
1038-CCZY,Male,0,No,No,44,Yes,Yes,Fiber optic,Yes,No,No,No,Yes,Yes,Month-to-month,Yes,Credit card (automatic),110.93,4897.81,Yes
2436-RTVN,Male,1,No,No,20,Yes,Yes,Fiber optic,Yes,Yes,No,No,No,No,One year,Yes,Credit card (automatic),108.58,2157.01,No
5251-ZZGG,Female,1,No,No,39,Yes,Yes,No,No internet service,No internet service,No internet service,No internet service,No internet service,No internet service,Month-to-month,Yes,Electronic check,38.59,1471.92,No
7212-CROT,Male,0,No,Yes,46,Yes,Yes,Fiber optic,No,No,No,Yes,Yes,Yes,One year,Yes,Mailed check,113.22,5240.37,No
1653-DXHU,Male,0,Yes,No,60,Yes,No,Fiber optic,No,Yes,Yes,No,No,No,One year,Yes,Electronic check,95.29,5703.61,No
3197-HOQE,Male,0,No,Yes,13,Yes,No,Fiber optic,No,No,Yes,Yes,No,Yes,Month-to-month,Yes,Electronic check,107.3,1410.03,Yes
6235-DKRJ,Male,1,No,No,71,Yes,No,Fiber optic,Yes,Yes,Yes,No,No,No,Month-to-month,No,Electronic check,110.15,7800.98,Yes
6360-OFWU,Male,0,Yes,Yes,66,Yes,Yes,No,No internet service,No internet service,No internet service,No internet service,No internet service,No internet service,Month-to-month,Yes,Bank transfer (automatic),43.2,2846.18,No
5111-OHIK,Male,0,Yes,No,46,Yes,No,DSL,Yes,Yes,Yes,Yes,Yes,Yes,Two year,Yes,Mailed check,112.12,5158.29,No
3426-BMDI,Female,0,Yes,No,15,Yes,No,No,No internet service,No internet service,No internet service,No internet service,No internet service,No internet service,One year,No,Credit card (automatic),36.03,513.61,No
6316-SVCU,Female,0,No,No,70,Yes,No,DSL,Yes,Yes,No,No,No,Yes,Month-to-month,Yes,Mailed check,84.07,5873.08,No
3011-JEYC,Female,0,No,Yes,17,Yes,No,Fiber optic,Yes,No,No,Yes,Yes,No,One year,Yes,Bank transfer (automatic),106.87,1808.25,No
7229-XGVR,Female,0,Yes,Yes,44,No,No phone service,DSL,No,No,Yes,No,Yes,Yes,Month-to-month,No,Credit card (automatic),71.8,3134.1,No
4039-WHAY,Male,0,No,No,22,Yes,Yes,Fiber optic,No,No,Yes,No,No,Yes,Two year,Yes,Mailed check,110.72,2430.8,No
9102-NMJW,Male,0,No,Yes,25,Yes,No,Fiber optic,No,Yes,Yes,No,No,No,Month-to-month,Yes,Bank transfer (automatic),98.76,2477.13,Yes
5383-ADPP,Male,0,No,No,65,Yes,No,DSL,Yes,No,Yes,Yes,No,No,Two year,No,Bank transfer (automatic),84.4,5454.84,No
1135-JPWX,Female,0,No,No,1,Yes,No,DSL,No,No,Yes,No,No,Yes,Month-to-month,Yes,Bank transfer (automatic),76.56,76.56,Yes
3890-FALY,Male,0,No,Yes,21,Yes,Yes,No,No internet service,No internet service,No internet service,No internet service,No internet service,No internet service,One year,Yes,Electronic check,42.39,879.26,No
5571-MZQA,Male,0,Yes,Yes,37,Yes,No,No,No internet service,No internet service,No internet service,No internet service,No internet service,No internet service,Month-to-month,Yes,Bank transfer (automatic),38.65,1411.9,No
5127-HVHX,Male,0,No,No,41,Yes,No,No,No internet service,No internet service,No internet service,No internet service,No internet service,No internet service,Month-to-month,Yes,Electronic check,37.56,1516.44,No
6866-NXJO,Male,0,No,No,27,Yes,Yes,Fiber optic,Yes,Yes,No,No,No,No,Month-to-month,No,Credit card (automatic),106.95,2864.22,Yes
5681-DYRY,Female,0,Yes,Yes,62,Yes,Yes,No,No internet service,No internet service,No internet service,No internet service,No internet service,No internet service,Month-to-month,Yes,Mailed check,45.58,2823.27,No
7473-SNMO,Male,0,No,No,16,No,No phone service,DSL,No,No,Yes,Yes,Yes,No,Month-to-month,Yes,Mailed check,73.93,1179.26,No
5559-BDUR,Male,0,Yes,No,58,Yes,No,DSL,Yes,No,Yes,No,No,Yes,Month-to-month,No,Electronic check,83.72,4841.85,No
5318-QJUI,Male,0,No,No,1,Yes,Yes,DSL,No,No,No,No,Yes,Yes,One year,Yes,Electronic check,97.92,123.86,No
8054-LUZI,Female,0,No,No,49,Yes,No,Fiber optic,Yes,No,Yes,No,No,Yes,Two year,No,Mailed check,110.74,5432.05,No
2965-MZFS,Male,1,No,Yes,14,Yes,No,DSL,No,Yes,No,No,No,Yes,One year,Yes,Credit card (automatic),79.14,1146.5,No
7563-TQSC,Male,0,No,Yes,17,Yes,Yes,DSL,No,No,Yes,Yes,No,No,Month-to-month,Yes,Electronic check,87.93,1494.25,No
7064-MIAY,Male,1,No,No,37,Yes,No,DSL,No,No,No,Yes,Yes,No,Month-to-month,No,Mailed check,78.54,2914.13,No
6809-BNVW,Male,0,No,No,7,Yes,No,No,No internet service,No internet service,No internet service,No internet service,No internet service,No internet service,Month-to-month,No,Credit card (automatic),32.01,240.79,No
8504-CBHY,Male,0,No,No,19,Yes,No,No,No internet service,No internet service,No internet service,No internet service,No internet service,No internet service,One year,No,Bank transfer (automatic),35.06,675.8,No
8804-BBZI,Male,1,No,No,59,Yes,Yes,No,No internet service,No internet service,No internet service,No internet service,No internet service,No internet service,Month-to-month,Yes,Mailed check,46.08,2696.82,No
9724-YFZL,Male,0,No,No,25,Yes,Yes,DSL,No,No,Yes,Yes,No,No,Two year,Yes,Electronic check,85.86,2166.38,No
5488-GLZY,Female,0,No,No,34,Yes,No,DSL,No,No,No,No,Yes,Yes,Month-to-month,Yes,Mailed check,77.27,2629.59,No
3596-PELX,Female,0,Yes,No,25,Yes,Yes,Fiber optic,Yes,Yes,No,Yes,No,No,Two year,Yes,Electronic check,114.46,2839.2,No
6267-WKUL,Male,0,No,No,17,No,No phone service,DSL,Yes,No,No,No,No,Yes,Month-to-month,Yes,Bank transfer (automatic),57.38,984.92,No
4526-VJWO,Male,0,Yes,Yes,43,Yes,No,Fiber optic,Yes,Yes,No,No,No,No,Month-to-month,No,Electronic check,95.94,4141.69,Yes
3657-MDRX,Female,0,No,No,6,Yes,Yes,No,No internet service,No internet service,No internet service,No internet service,No internet service,No internet service,Month-to-month,No,Electronic check,50.09,321.22,Yes
4478-ABBD,Female,0,Yes,Yes,34,No,No phone service,DSL,No,No,Yes,No,Yes,No,Month-to-month,Yes,Electronic check,64.12,2170.51,Yes
6858-QNBP,Female,0,No,No,11,No,No phone service,Fiber optic,Yes,Yes,No,No,Yes,Yes,Two year,No,Bank transfer (automatic),99.43,1099.89,No
6962-YMAY,Female,0,Yes,No,43,Yes,No,DSL,No,Yes,No,No,Yes,Yes,Two year,Yes,Bank transfer (automatic),89.21,3841.39,No
9758-BBUE,Male,0,Yes,No,40,Yes,No,No,No internet service,No internet service,No internet service,No internet service,No internet service,No internet service,Month-to-month,Yes,Bank transfer (automatic),32.15,1302.72,No
2987-LZZC,Male,1,No,No,53,Yes,No,DSL,Yes,No,Yes,No,Yes,Yes,Month-to-month,No,Credit card (automatic),93.5,4947.62,No
7739-JTRU,Male,0,Yes,Yes,0,Yes,No,Fiber optic,Yes,No,No,No,Yes,Yes,One year,Yes,Bank transfer (automatic),102.76, ,No
6054-UUJA,Male,0,Yes,No,24,Yes,No,DSL,No,Yes,No,No,Yes,No,Month-to-month,No,Credit card (automatic),75.86,1816.7,No
5257-GTUU,Male,0,Yes,Yes,14,Yes,Yes,No,No internet service,No internet service,No internet service,No internet service,No internet service,No internet service,Month-to-month,No,Bank transfer (automatic),45.37,649.67,No
1468-RUSD,Female,0,No,Yes,2,Yes,No,DSL,No,No,No,No,Yes,No,Month-to-month,Yes,Mailed check,69.41,162.98,Yes
2139-YXMS,Female,0,Yes,No,44,Yes,Yes,Fiber optic,Yes,Yes,No,Yes,No,Yes,Two year,No,Credit card (automatic),118.75,5215.61,No
6952-FSTA,Female,1,No,Yes,44,Yes,No,Fiber optic,No,No,No,No,No,No,Month-to-month,Yes,Mailed check,78.02,3473.48,Yes
2191-QUVO,Female,0,No,Yes,50,Yes,No,Fiber optic,No,No,No,Yes,Yes,No,One year,No,Credit card (automatic),97.67,4911.65,No
7193-GPGQ,Female,0,Yes,Yes,41,Yes,Yes,DSL,No,Yes,No,No,Yes,No,Two year,No,Electronic check,86.58,3555.9,No
7339-LMDU,Male,1,Yes,No,38,Yes,No,No,No internet service,No internet service,No internet service,No internet service,No internet service,No internet service,One year,No,Bank transfer (automatic),32.7,1255.73,No
4936-GIAP,Female,1,No,No,19,No,No phone service,Fiber optic,Yes,No,Yes,Yes,No,No,Month-to-month,Yes,Credit card (automatic),86.53,1665.18,Yes
9366-FBID,Female,0,No,Yes,17,Yes,Yes,Fiber optic,Yes,Yes,Yes,No,Yes,No,Two year,Yes,Electronic check,118.75,1988.13,No
7506-MKSH,Male,0,Yes,No,38,Yes,No,No,No internet service,No internet service,No internet service,No internet service,No internet service,No internet service,Two year,No,Electronic check,38.4,1428.39,No
9783-CQRO,Male,0,Yes,No,28,Yes,No,Fiber optic,No,Yes,No,Yes,No,No,One year,Yes,Electronic check,93.27,2639.92,No
7651-QKEP,Male,0,Yes,No,19,Yes,Yes,DSL,Yes,Yes,Yes,No,Yes,No,Month-to-month,Yes,Electronic check,103.62,1944.57,Yes
7441-NBPS,Male,0,No,No,41,Yes,No,Fiber optic,No,Yes,No,No,No,Yes,One year,Yes,Mailed check,96.0,3970.3,No
4956-ZVLW,Male,0,No,No,11,Yes,No,DSL,Yes,Yes,Yes,No,No,No,Month-to-month,Yes,Bank transfer (automatic),84.88,908.11,Yes
3365-MIQT,Female,0,Yes,No,55,Yes,No,Fiber optic,No,No,Yes,No,Yes,No,Two year,Yes,Credit card (automatic),96.87,5331.83,No
4675-LYEX,Male,0,Yes,No,11,Yes,No,Fiber optic,Yes,No,Yes,Yes,Yes,Yes,One year,Yes,Bank transfer (automatic),118.75,1331.77,No
4179-ATPL,Male,0,Yes,Yes,52,Yes,Yes,Fiber optic,Yes,Yes,No,No,Yes,Yes,Two year,Yes,Bank transfer (automatic),118.75,6166.0,No
7472-MQQD,Female,1,No,Yes,7,Yes,No,No,No internet service,No internet service,No internet service,No internet service,No internet service,No internet service,Month-to-month,No,Electronic check,34.2,237.52,Yes
2037-SGCA,Female,0,No,No,57,No,No phone service,No,No internet service,No internet service,No internet service,No internet service,No internet service,No internet service,One year,Yes,Electronic check,18.25,1070.45,No
6931-OKJB,Male,0,No,No,23,Yes,Yes,No,No internet service,No internet service,No internet service,No internet service,No internet service,No internet service,Month-to-month,Yes,Mailed check,50.07,1121.54,No
3940-DQQH,Male,0,Yes,No,60,Yes,Yes,No,No internet service,No internet service,No internet service,No internet service,No internet service,No internet service,Month-to-month,No,Credit card (automatic),39.44,2358.55,No
7614-NXDF,Female,1,No,No,0,Yes,Yes,Fiber optic,Yes,Yes,Yes,Yes,No,Yes,Month-to-month,No,Electronic check,118.75, ,Yes
9766-SXDC,Male,1,Yes,No,69,Yes,Yes,Fiber optic,No,No,No,Yes,Yes,No,Month-to-month,No,Electronic check,109.57,7574.07,No
9261-WGNL,Male,0,No,No,44,Yes,No,DSL,No,No,No,No,No,Yes,Two year,No,Electronic check,70.84,3091.38,No
8087-THWB,Male,0,Yes,Yes,8,Yes,No,Fiber optic,Yes,Yes,No,Yes,Yes,No,Month-to-month,No,Bank transfer (automatic),117.49,907.0,Yes
7356-TPDP,Male,1,No,No,0,Yes,Yes,Fiber optic,No,Yes,Yes,No,Yes,No,Two year,No,Bank transfer (automatic),118.75, ,No
7618-DPWW,Male,1,Yes,No,72,Yes,No,Fiber optic,No,Yes,No,Yes,Yes,No,Two year,No,Bank transfer (automatic),105.83,7633.73,No
7740-MEOZ,Female,0,No,No,23,Yes,Yes,DSL,No,Yes,No,Yes,Yes,No,Two year,No,Credit card (automatic),96.19,2231.86,No
1454-NGVG,Female,0,Yes,No,59,Yes,No,No,No internet service,No internet service,No internet service,No internet service,No internet service,No internet service,Month-to-month,Yes,Bank transfer (automatic),34.35,2020.8,No
5822-ZRJR,Male,0,Yes,Yes,47,Yes,No,DSL,No,Yes,No,No,Yes,No,One year,No,Electronic check,76.22,3570.44,No
8149-JGZG,Male,0,Yes,No,38,Yes,No,Fiber optic,No,No,No,No,No,Yes,Two year,Yes,Bank transfer (automatic),92.19,3508.95,No
5614-EANR,Female,1,No,Yes,17,Yes,Yes,No,No internet service,No internet service,No internet service,No internet service,No internet service,No internet service,Month-to-month,Yes,Electronic check,43.29,746.15,No
2688-HHJQ,Female,0,Yes,No,51,Yes,Yes,Fiber optic,No,No,Yes,No,No,No,Month-to-month,Yes,Bank transfer (automatic),99.55,5085.82,No
2637-OOYP,Female,0,Yes,No,1,No,No phone service,Fiber optic,No,No,No,No,No,No,Month-to-month,Yes,Credit card (automatic),64.42,85.8,Yes
5670-HSTO,Male,0,Yes,No,35,Yes,No,DSL,No,Yes,No,No,No,No,Two year,No,Bank transfer (automatic),63.65,2238.72,No
2890-FYHP,Female,0,Yes,No,47,Yes,No,Fiber optic,No,No,No,No,No,No,Month-to-month,No,Bank transfer (automatic),80.39,3792.88,Yes
1366-MZTO,Male,0,Yes,No,34,Yes,No,Fiber optic,No,No,Yes,Yes,Yes,No,Two year,Yes,Bank transfer (automatic),105.8,3594.12,No
1012-XHNK,Male,0,Yes,No,69,Yes,Yes,No,No internet service,No internet service,No internet service,No internet service,No internet service,No internet service,Month-to-month,Yes,Bank transfer (automatic),42.73,2980.48,No
8485-XYAY,Male,0,Yes,Yes,71,Yes,Yes,No,No internet service,No internet service,No internet service,No internet service,No internet service,No internet service,Two year,No,Credit card (automatic),44.16,3169.97,No
1449-MAXX,Male,1,Yes,No,41,Yes,Yes,DSL,No,No,Yes,Yes,Yes,No,Month-to-month,No,Electronic check,93.57,3854.97,No
9026-DXWB,Male,0,No,No,37,Yes,No,No,No internet service,No internet service,No internet service,No internet service,No internet service,No internet service,Two year,Yes,Electronic check,33.1,1202.89,No
9339-PCQE,Female,0,Yes,No,25,Yes,Yes,DSL,No,Yes,No,Yes,Yes,No,Month-to-month,No,Electronic check,91.67,2273.24,No
7713-HLYW,Female,0,No,Yes,30,Yes,Yes,DSL,No,Yes,No,No,No,No,One year,Yes,Credit card (automatic),75.89,2315.47,No
1442-AAOQ,Female,0,Yes,No,51,Yes,No,No,No internet service,No internet service,No internet service,No internet service,No internet service,No internet service,One year,No,Electronic check,36.63,1863.63,No
3995-ZILD,Female,0,No,No,59,Yes,Yes,DSL,No,No,No,No,Yes,Yes,Month-to-month,Yes,Electronic check,90.8,5362.91,No
6766-NIWA,Male,0,Yes,No,7,Yes,No,DSL,No,Yes,Yes,No,No,No,Month-to-month,Yes,Credit card (automatic),79.69,604.76,Yes
9067-AVJB,Female,0,No,Yes,60,Yes,No,DSL,No,Yes,No,Yes,No,Yes,Month-to-month,Yes,Credit card (automatic),87.96,5292.35,No
6582-CYWI,Female,0,No,Yes,34,No,No phone service,No,No internet service,No internet service,No internet service,No internet service,No internet service,No internet service,One year,Yes,Electronic check,19.01,649.99,No
5880-UMCD,Female,0,Yes,No,33,Yes,Yes,DSL,No,No,No,No,Yes,No,Month-to-month,Yes,Bank transfer (automatic),80.91,2666.98,No
7659-KGZK,Female,0,Yes,No,9,Yes,Yes,No,No internet service,No internet service,No internet service,No internet service,No internet service,No internet service,Month-to-month,Yes,Bank transfer (automatic),46.35,394.66,No
7679-KJEM,Female,0,Yes,No,39,Yes,Yes,DSL,No,No,No,Yes,No,Yes,Two year,Yes,Bank transfer (automatic),94.35,3679.16,No
4708-LJGS,Female,0,Yes,Yes,51,Yes,No,Fiber optic,Yes,Yes,No,No,No,No,Two year,Yes,Credit card (automatic),96.96,4930.44,No
7731-TVOE,Male,0,Yes,Yes,11,Yes,No,No,No internet service,No internet service,No internet service,No internet service,No internet service,No internet service,Two year,No,Bank transfer (automatic),37.95,420.28,No
1375-NLUK,Male,0,No,No,26,Yes,No,DSL,No,Yes,No,No,Yes,Yes,Month-to-month,No,Credit card (automatic),90.57,2360.45,No
1740-PZRL,Female,0,Yes,Yes,18,Yes,No,No,No internet service,No internet service,No internet service,No internet service,No internet service,No internet service,Month-to-month,Yes,Credit card (automatic),40.58,726.42,No
2210-EPLW,Male,0,Yes,No,56,Yes,Yes,DSL,Yes,Yes,No,No,Yes,No,Month-to-month,Yes,Mailed check,97.3,5448.83,No
5349-FWUY,Male,0,No,No,53,Yes,No,Fiber optic,No,Yes,No,Yes,No,No,Month-to-month,No,Electronic check,90.97,4838.06,No
9125-DMJQ,Male,0,No,No,14,Yes,No,DSL,No,No,No,Yes,Yes,No,Two year,Yes,Credit card (automatic),78.08,1093.82,No
7989-XOHW,Male,0,Yes,No,36,Yes,No,Fiber optic,No,No,Yes,Yes,No,No,Month-to-month,No,Electronic check,96.29,3442.8,Yes
4345-CYQX,Male,0,No,Yes,60,Yes,Yes,Fiber optic,Yes,No,No,Yes,Yes,Yes,Two year,Yes,Electronic check,118.75,7128.07,No
1518-MPED,Female,0,No,No,17,Yes,No,No,No internet service,No internet service,No internet service,No internet service,No internet service,No internet service,Month-to-month,No,Electronic check,38.36,641.06,No
5185-JMJN,Male,0,Yes,No,43,Yes,No,Fiber optic,No,No,No,No,Yes,Yes,Month-to-month,No,Bank transfer (automatic),94.96,4113.49,Yes
4865-VLAU,Male,0,Yes,No,20,Yes,No,No,No internet service,No internet service,No internet service,No internet service,No internet service,No internet service,Month-to-month,Yes,Electronic check,33.43,668.48,No
9083-GIHM,Female,0,Yes,No,28,Yes,Yes,Fiber optic,No,No,No,No,No,No,Month-to-month,No,Mailed check,96.7,2722.82,Yes
4085-LHUV,Male,0,Yes,Yes,14,Yes,No,DSL,Yes,No,No,No,No,Yes,Month-to-month,No,Bank transfer (automatic),77.21,1059.9,No
2327-KPNC,Male,0,Yes,No,67,Yes,No,Fiber optic,Yes,No,No,Yes,Yes,Yes,Month-to-month,Yes,Electronic check,118.73,7949.55,No
6684-BCDV,Female,1,Yes,Yes,63,Yes,No,DSL,Yes,Yes,Yes,No,Yes,Yes,Month-to-month,Yes,Electronic check,99.31,6271.27,No
3436-JTBL,Male,0,No,No,13,Yes,Yes,Fiber optic,No,No,No,Yes,Yes,No,One year,Yes,Bank transfer (automatic),106.07,1359.55,No
3394-EEWA,Female,0,No,No,36,Yes,No,DSL,Yes,No,Yes,Yes,No,Yes,Month-to-month,No,Bank transfer (automatic),98.57,3571.65,No
3234-UXLL,Male,1,No,No,53,Yes,Yes,Fiber optic,No,No,No,Yes,No,No,Month-to-month,No,Mailed check,99.66,5251.56,No
7359-QUJQ,Male,0,No,Yes,58,Yes,No,No,No internet service,No internet service,No internet service,No internet service,No internet service,No internet service,Month-to-month,No,Electronic check,36.34,2095.0,No
3928-RBYD,Female,0,No,Yes,58,Yes,Yes,Fiber optic,No,Yes,Yes,Yes,No,Yes,One year,Yes,Electronic check,118.75,6888.44,No
5274-KQLB,Male,0,No,No,54,Yes,Yes,DSL,No,No,No,No,No,No,One year,No,Electronic check,69.92,3763.75,No
9389-IETU,Female,0,No,Yes,42,Yes,No,DSL,No,Yes,No,Yes,Yes,Yes,Two year,Yes,Credit card (automatic),98.13,4131.41,No
3504-WHTH,Male,0,Yes,No,51,Yes,No,DSL,No,No,Yes,No,No,Yes,Two year,No,Electronic check,73.39,3744.62,No
2269-UWFC,Male,0,Yes,No,38,No,No phone service,Fiber optic,Yes,Yes,No,No,No,Yes,One year,Yes,Credit card (automatic),92.77,3496.56,No
3954-OBMV,Male,1,No,No,18,Yes,No,Fiber optic,Yes,Yes,Yes,No,No,No,Month-to-month,No,Bank transfer (automatic),100.84,1818.2,Yes
8407-GHFX,Male,0,Yes,Yes,55,Yes,Yes,No,No internet service,No internet service,No internet service,No internet service,No internet service,No internet service,Month-to-month,Yes,Electronic check,45.37,2464.43,No
2343-GRVY,Female,1,Yes,Yes,35,Yes,Yes,Fiber optic,Yes,Yes,No,Yes,No,No,One year,No,Electronic check,112.73,3955.84,No
8797-TGCE,Male,0,Yes,No,51,No,No phone service,No,No internet service,No internet service,No internet service,No internet service,No internet service,No internet service,Month-to-month,Yes,Credit card (automatic),19.69,986.72,No
7542-ZCHY,Male,0,No,No,43,Yes,No,No,No internet service,No internet service,No internet service,No internet service,No internet service,No internet service,Month-to-month,Yes,Mailed check,35.99,1521.95,No
2505-TESM,Female,1,Yes,No,45,Yes,Yes,DSL,Yes,No,Yes,Yes,No,No,Month-to-month,Yes,Bank transfer (automatic),92.28,4151.19,No
4477-OZRP,Female,0,Yes,No,39,Yes,No,Fiber optic,No,Yes,No,No,Yes,No,Month-to-month,Yes,Electronic check,99.9,3880.19,Yes
4839-WKMZ,Female,0,Yes,No,52,Yes,Yes,Fiber optic,Yes,Yes,No,No,No,No,One year,Yes,Mailed check,102.37,5340.04,No
5389-HRPU,Male,0,No,Yes,56,Yes,No,Fiber optic,Yes,No,No,No,Yes,No,Two year,Yes,Bank transfer (automatic),98.95,5541.85,No
4051-KFCN,Female,0,Yes,No,18,Yes,No,DSL,No,Yes,No,Yes,Yes,Yes,Month-to-month,Yes,Electronic check,98.07,1755.04,No
3555-BKVC,Female,1,Yes,No,43,Yes,No,No,No internet service,No internet service,No internet service,No internet service,No internet service,No internet service,Two year,No,Mailed check,37.55,1594.96,No
5721-AXAL,Female,0,No,No,19,Yes,No,No,No internet service,No internet service,No internet service,No internet service,No internet service,No internet service,Month-to-month,No,Bank transfer (automatic),34.86,644.97,No
8694-EFPL,Female,0,No,No,43,Yes,No,DSL,Yes,No,No,Yes,Yes,Yes,Month-to-month,Yes,Electronic check,99.05,4234.9,No
4083-CWBG,Male,0,No,Yes,42,Yes,No,DSL,No,Yes,No,Yes,Yes,No,Month-to-month,Yes,Credit card (automatic),85.99,3625.27,No
8711-UGKK,Male,0,No,No,6,Yes,Yes,Fiber optic,No,No,Yes,No,No,No,Two year,Yes,Mailed check,100.63,632.09,No
5301-CNKD,Male,0,Yes,Yes,41,Yes,No,No,No internet service,No internet service,No internet service,No internet service,No internet service,No internet service,One year,Yes,Bank transfer (automatic),31.96,1292.99,No
4408-PCYJ,Female,0,No,No,61,Yes,No,Fiber optic,No,No,Yes,No,No,No,Month-to-month,Yes,Bank transfer (automatic),87.62,5387.12,No
9564-OHRC,Female,0,Yes,Yes,1,Yes,Yes,DSL,No,Yes,No,No,Yes,No,Month-to-month,Yes,Electronic check,87.22,87.22,Yes
8014-JTIN,Female,0,No,No,45,No,No phone service,DSL,No,Yes,Yes,Yes,Yes,No,Two year,Yes,Credit card (automatic),78.05,3505.76,No
7966-NKAD,Male,0,Yes,No,37,Yes,No,Fiber optic,No,No,Yes,No,No,No,Month-to-month,No,Mailed check,84.73,3135.33,Yes
9985-FVZV,Female,0,Yes,No,0,Yes,No,Fiber optic,No,No,No,No,No,No,Month-to-month,Yes,Electronic check,78.16, ,Yes
9644-CBCI,Female,0,Yes,Yes,46,Yes,Yes,Fiber optic,No,Yes,No,No,Yes,Yes,One year,No,Credit card (automatic),114.3,5284.93,No
6234-SQRK,Male,0,Yes,No,12,No,No phone service,Fiber optic,Yes,No,Yes,Yes,Yes,Yes,Month-to-month,No,Credit card (automatic),109.48,1298.66,Yes
1209-XFGA,Male,1,Yes,No,59,Yes,Yes,DSL,No,No,Yes,Yes,Yes,Yes,Two year,No,Mailed check,114.06,6718.59,No
5945-MVSG,Male,0,No,No,63,Yes,Yes,Fiber optic,Yes,Yes,No,No,No,No,Month-to-month,No,Credit card (automatic),102.4,6408.14,No
3824-CWLT,Male,0,No,No,67,Yes,No,Fiber optic,Yes,Yes,Yes,Yes,Yes,Yes,Month-to-month,Yes,Bank transfer (automatic),118.75,7945.69,No
2853-RHIM,Male,0,Yes,No,54,Yes,No,DSL,No,No,No,No,No,Yes,Month-to-month,No,Credit card (automatic),66.8,3593.7,No
1181-JQGQ,Female,0,Yes,No,30,No,No phone service,No,No internet service,No internet service,No internet service,No internet service,No internet service,No internet service,Two year,No,Credit card (automatic),22.2,666.71,No
6238-RXBC,Female,0,No,Yes,13,Yes,No,Fiber optic,No,Yes,Yes,Yes,No,Yes,One year,Yes,Electronic check,114.59,1479.91,No
3556-SAUU,Female,0,No,No,4,Yes,No,DSL,Yes,No,No,No,No,No,Two year,Yes,Credit card (automatic),67.97,251.41,No
7601-UNMI,Male,0,Yes,Yes,53,Yes,Yes,Fiber optic,No,Yes,No,Yes,Yes,Yes,Month-to-month,No,Electronic check,118.75,6298.29,No
3021-FSUJ,Male,0,No,No,52,Yes,No,DSL,No,No,Yes,No,No,Yes,Month-to-month,Yes,Bank transfer (automatic),82.0,4254.76,No
6969-USEY,Male,1,No,No,36,Yes,No,DSL,No,Yes,Yes,No,No,No,Month-to-month,No,Credit card (automatic),81.51,2893.03,No
1713-QDZU,Male,0,Yes,Yes,56,Yes,Yes,Fiber optic,No,Yes,No,Yes,No,Yes,Month-to-month,Yes,Mailed check,116.47,6521.44,No
5625-RANH,Female,1,Yes,No,2,Yes,No,DSL,Yes,Yes,Yes,No,Yes,No,Month-to-month,No,Electronic check,97.97,200.74,Yes
9129-SOBD,Female,0,Yes,No,10,Yes,Yes,DSL,No,Yes,Yes,Yes,Yes,No,Month-to-month,No,Electronic check,104.43,1050.75,Yes
5669-ASUJ,Female,0,No,No,41,Yes,Yes,Fiber optic,No,Yes,No,No,No,No,Month-to-month,No,Electronic check,99.37,4037.03,Yes
4039-TVOD,Female,0,Yes,Yes,54,Yes,Yes,Fiber optic,No,No,No,No,No,Yes,Two year,No,Bank transfer (automatic),96.13,5189.46,No
3737-MJXH,Female,0,Yes,Yes,37,Yes,Yes,No,No internet service,No internet service,No internet service,No internet service,No internet service,No internet service,Two year,Yes,Credit card (automatic),43.57,1656.17,No
3953-NNTV,Female,0,No,No,23,Yes,Yes,DSL,No,Yes,No,No,No,No,Month-to-month,No,Credit card (automatic),79.81,1872.93,No
5682-FUAS,Female,1,Yes,No,8,Yes,No,No,No internet service,No internet service,No internet service,No internet service,No internet service,No internet service,One year,No,Electronic check,40.5,291.06,No
7609-CTKE,Female,0,No,No,12,Yes,No,DSL,No,Yes,No,No,No,No,One year,Yes,Electronic check,67.02,765.69,No
8250-UXXB,Male,0,Yes,No,17,No,No phone service,Fiber optic,No,Yes,Yes,No,No,No,One year,Yes,Electronic check,83.99,1436.45,No
7723-YJBH,Female,0,No,No,9,Yes,Yes,DSL,No,No,No,Yes,No,No,One year,Yes,Bank transfer (automatic),77.6,661.09,No
2248-FKJM,Female,0,No,No,11,Yes,Yes,No,No internet service,No internet service,No internet service,No internet service,No internet service,No internet service,Month-to-month,No,Bank transfer (automatic),44.57,473.58,No
8017-JLRZ,Male,0,No,No,46,Yes,Yes,DSL,Yes,No,No,No,No,No,Month-to-month,Yes,Credit card (automatic),74.38,3445.29,No
1660-UACE,Male,0,Yes,No,9,Yes,No,Fiber optic,No,Yes,No,No,Yes,Yes,Month-to-month,No,Mailed check,113.75,1020.8,Yes
8512-ZQHQ,Female,0,Yes,No,0,Yes,Yes,DSL,Yes,Yes,Yes,No,No,No,Two year,Yes,Credit card (automatic),97.58, ,No
6960-FQHU,Female,0,No,Yes,56,Yes,No,Fiber optic,Yes,Yes,Yes,Yes,No,Yes,Month-to-month,Yes,Electronic check,118.75,6604.09,No
2798-OGVH,Male,1,Yes,No,70,Yes,Yes,DSL,No,No,Yes,Yes,Yes,Yes,Two year,Yes,Credit card (automatic),107.29,7514.38,No
7337-GORV,Male,0,No,No,10,Yes,No,Fiber optic,Yes,Yes,No,Yes,Yes,Yes,Month-to-month,No,Mailed check,118.75,1181.47,Yes
8409-JVRA,Male,0,No,No,52,Yes,No,No,No internet service,No internet service,No internet service,No internet service,No internet service,No internet service,One year,Yes,Credit card (automatic),36.43,1907.75,No
1130-NLND,Female,0,No,No,3,Yes,Yes,No,No internet service,No internet service,No internet service,No internet service,No internet service,No internet service,Month-to-month,No,Electronic check,45.52,128.51,Yes
7276-TYFF,Male,0,Yes,No,60,Yes,Yes,Fiber optic,No,No,No,Yes,Yes,Yes,Month-to-month,Yes,Bank transfer (automatic),113.55,6871.87,No
1037-GXXP,Female,0,No,No,9,No,No phone service,Fiber optic,No,No,Yes,Yes,No,No,One year,No,Credit card (automatic),84.49,756.66,No
1473-MLSZ,Male,0,No,No,4,No,No phone service,Fiber optic,No,No,No,No,Yes,No,Two year,Yes,Electronic check,74.86,310.47,No
3614-WAHD,Female,1,No,No,60,Yes,No,No,No internet service,No internet service,No internet service,No internet service,No internet service,No internet service,Two year,Yes,Electronic check,37.45,2266.05,No
9276-VSUZ,Male,0,No,No,29,Yes,Yes,No,No internet service,No internet service,No internet service,No internet service,No internet service,No internet service,Two year,Yes,Bank transfer (automatic),44.38,1314.7,No
7436-QCSA,Female,0,Yes,No,56,Yes,No,No,No internet service,No internet service,No internet service,No internet service,No internet service,No internet service,Two year,Yes,Bank transfer (automatic),33.9,1867.68,No
3076-WAWT,Male,1,No,Yes,32,Yes,No,No,No internet service,No internet service,No internet service,No internet service,No internet service,No internet service,Two year,No,Electronic check,31.89,1050.31,No
7056-WEGY,Male,0,No,No,36,Yes,Yes,Fiber optic,Yes,No,No,Yes,No,Yes,Two year,Yes,Credit card (automatic),118.75,4268.63,No
4577-FQVQ,Female,0,Yes,Yes,67,Yes,No,DSL,Yes,No,No,Yes,No,No,One year,Yes,Electronic check,77.8,5219.85,No
4787-DHEE,Female,0,Yes,No,22,Yes,No,No,No internet service,No internet service,No internet service,No internet service,No internet service,No internet service,Month-to-month,No,Mailed check,32.96,688.37,No
2663-MZKH,Female,0,Yes,Yes,69,Yes,Yes,Fiber optic,No,Yes,No,No,No,Yes,One year,Yes,Electronic check,108.88,7470.95,No
5852-HQWW,Male,0,No,Yes,6,Yes,Yes,DSL,No,No,Yes,No,Yes,Yes,Month-to-month,No,Electronic check,98.75,597.17,Yes
4646-STQG,Male,0,No,No,18,Yes,No,Fiber optic,Yes,No,Yes,No,Yes,Yes,Month-to-month,No,Mailed check,117.64,2142.52,Yes
7658-SSXI,Male,0,Yes,No,14,Yes,No,Fiber optic,No,Yes,No,No,No,No,Month-to-month,Yes,Credit card (automatic),91.82,1256.91,Yes
9201-NRZO,Male,0,No,Yes,31,No,No phone service,Fiber optic,No,Yes,No,No,Yes,No,Two year,Yes,Credit card (automatic),80.7,2466.4,No
7105-AYFO,Male,0,No,Yes,58,Yes,No,Fiber optic,Yes,Yes,No,No,Yes,No,Month-to-month,No,Mailed check,108.41,6288.34,No
2368-FRAX,Female,0,No,No,69,Yes,No,Fiber optic,Yes,No,Yes,Yes,No,No,One year,Yes,Mailed check,106.48,7329.46,No
3064-PHQH,Female,0,No,Yes,69,No,No phone service,DSL,Yes,No,Yes,No,No,No,Month-to-month,No,Credit card (automatic),62.03,4292.82,No
8101-ILYS,Male,0,Yes,No,5,Yes,Yes,Fiber optic,Yes,Yes,No,Yes,No,Yes,One year,No,Credit card (automatic),118.75,574.69,No
7243-UVYK,Male,1,No,No,65,Yes,Yes,No,No internet service,No internet service,No internet service,No internet service,No internet service,No internet service,Two year,No,Bank transfer (automatic),45.21,2935.83,No
5923-DNNF,Female,0,Yes,No,3,Yes,No,DSL,Yes,Yes,No,Yes,No,No,Month-to-month,No,Electronic check,77.92,262.66,Yes
7076-QBHD,Male,0,No,Yes,69,Yes,No,Fiber optic,No,No,Yes,No,No,No,Month-to-month,Yes,Mailed check,87.11,6030.39,No
1073-GDPN,Female,1,No,Yes,56,Yes,Yes,DSL,No,No,Yes,Yes,No,No,One year,No,Bank transfer (automatic),83.16,4624.27,No
2359-YIDX,Female,0,Yes,No,60,Yes,No,DSL,No,No,Yes,No,No,No,Two year,No,Credit card (automatic),70.64,4238.85,No
7661-AGAS,Female,1,Yes,No,55,Yes,Yes,Fiber optic,Yes,No,Yes,Yes,No,No,Month-to-month,No,Mailed check,115.07,6325.98,No
1064-AGUM,Female,0,Yes,Yes,13,Yes,Yes,DSL,No,Yes,No,No,No,Yes,One year,Yes,Bank transfer (automatic),85.1,1084.55,No
8837-APVV,Female,1,Yes,Yes,6,Yes,No,No,No internet service,No internet service,No internet service,No internet service,No internet service,No internet service,Month-to-month,No,Mailed check,40.6,259.18,No
7659-WWLY,Male,0,No,No,53,Yes,No,No,No internet service,No internet service,No internet service,No internet service,No internet service,No internet service,Month-to-month,Yes,Bank transfer (automatic),39.65,2113.21,No
6620-OJCW,Female,0,No,Yes,57,Yes,Yes,DSL,No,Yes,No,No,No,No,Month-to-month,Yes,Electronic check,79.05,4530.37,No
6619-TLAA,Male,1,Yes,Yes,60,Yes,Yes,No,No internet service,No internet service,No internet service,No internet service,No internet service,No internet service,Two year,No,Mailed check,40.98,2448.99,No
8177-ROBQ,Female,0,Yes,No,71,Yes,Yes,DSL,Yes,No,Yes,No,No,Yes,Month-to-month,No,Bank transfer (automatic),97.35,6910.99,No
6397-VZZI,Male,0,Yes,No,27,Yes,No,DSL,Yes,Yes,No,Yes,Yes,Yes,Two year,No,Electronic check,104.2,2847.05,No
5190-TKFX,Female,0,Yes,No,54,Yes,Yes,Fiber optic,Yes,No,Yes,Yes,Yes,Yes,Month-to-month,Yes,Credit card (automatic),118.75,6440.27,No
4597-AGXI,Male,0,Yes,No,52,Yes,No,Fiber optic,No,No,No,No,No,No,Two year,Yes,Credit card (automatic),76.11,3952.14,No
3634-XWPS,Male,0,Yes,No,43,No,No phone service,Fiber optic,No,Yes,Yes,No,No,Yes,One year,No,Mailed check,89.99,3871.08,No
4969-OCDT,Female,0,Yes,Yes,27,Yes,Yes,DSL,Yes,No,No,Yes,Yes,No,Month-to-month,Yes,Electronic check,99.66,2665.85,No
9053-GLDJ,Female,1,Yes,No,45,Yes,Yes,No,No internet service,No internet service,No internet service,No internet service,No internet service,No internet service,Month-to-month,No,Credit card (automatic),47.22,2155.34,No
4845-YVNC,Female,0,Yes,No,48,Yes,No,No,No internet service,No internet service,No internet service,No internet service,No internet service,No internet service,Month-to-month,Yes,Credit card (automatic),33.39,1625.9,No
3288-KJZU,Male,0,No,No,66,Yes,No,No,No internet service,No internet service,No internet service,No internet service,No internet service,No internet service,Two year,Yes,Credit card (automatic),37.47,2480.52,No
8263-JJCX,Female,0,Yes,No,26,Yes,Yes,DSL,Yes,No,No,No,Yes,No,Month-to-month,Yes,Electronic check,87.17,2287.7,Yes
8385-OQRS,Female,0,Yes,Yes,38,Yes,Yes,Fiber optic,Yes,Yes,Yes,Yes,No,No,One year,Yes,Electronic check,118.75,4474.31,No
4927-EXPO,Male,0,No,No,26,Yes,No,Fiber optic,No,No,No,Yes,No,Yes,Two year,Yes,Electronic check,100.56,2629.54,No
5526-FLBT,Female,0,No,No,34,Yes,No,No,No internet service,No internet service,No internet service,No internet service,No internet service,No internet service,One year,Yes,Mailed check,37.55,1295.68,No
1191-IDEU,Female,0,Yes,Yes,46,Yes,Yes,No,No internet service,No internet service,No internet service,No internet service,No internet service,No internet service,Month-to-month,Yes,Bank transfer (automatic),44.11,2028.42,No
4449-HVJG,Male,1,Yes,No,51,Yes,No,Fiber optic,Yes,Yes,No,No,Yes,Yes,One year,Yes,Electronic check,113.42,5777.78,No
2941-NEPO,Female,0,No,No,68,Yes,Yes,DSL,Yes,No,No,No,Yes,No,One year,Yes,Mailed check,86.44,5866.61,No
9580-CWJE,Male,0,No,No,65,No,No phone service,No,No internet service,No internet service,No internet service,No internet service,No internet service,No internet service,Month-to-month,No,Electronic check,20.74,1360.02,No
9273-YHUB,Female,0,Yes,No,40,Yes,Yes,DSL,Yes,No,No,Yes,No,No,Two year,No,Mailed check,81.58,3261.74,No
2878-HDSW,Male,0,Yes,No,49,Yes,No,DSL,No,No,No,No,Yes,Yes,Month-to-month,Yes,Electronic check,81.63,4017.75,No
4665-UWAT,Male,0,No,No,44,Yes,Yes,No,No internet service,No internet service,No internet service,No internet service,No internet service,No internet service,One year,No,Mailed check,45.24,1996.94,No
5270-RVLA,Female,0,No,No,19,Yes,Yes,DSL,Yes,Yes,Yes,Yes,No,Yes,Two year,Yes,Electronic check,112.24,2138.32,No
4462-SAXG,Male,0,Yes,No,70,Yes,Yes,DSL,Yes,Yes,No,No,No,Yes,Month-to-month,Yes,Bank transfer (automatic),97.97,6848.39,No
9417-GSMY,Female,0,Yes,Yes,35,No,No phone service,DSL,No,No,No,No,No,No,Two year,Yes,Electronic check,40.91,1461.47,No
2234-AARX,Male,0,Yes,No,71,Yes,No,DSL,No,Yes,No,No,No,No,One year,Yes,Electronic check,66.3,4720.08,No
2952-EILI,Male,0,Yes,No,69,Yes,No,Fiber optic,No,No,Yes,No,No,Yes,Month-to-month,Yes,Electronic check,98.76,6806.96,Yes
1241-WKAS,Female,0,No,No,23,No,No phone service,Fiber optic,No,Yes,No,No,No,No,One year,Yes,Bank transfer (automatic),73.64,1702.35,No
8349-YJBG,Female,0,Yes,No,35,Yes,Yes,DSL,No,Yes,No,No,No,No,Month-to-month,No,Electronic check,78.19,2742.14,Yes
9734-TBSF,Female,0,No,Yes,4,No,No phone service,DSL,No,No,No,No,No,No,Month-to-month,No,Bank transfer (automatic),45.22,191.47,Yes
4359-JIHZ,Male,0,Yes,No,19,Yes,Yes,Fiber optic,Yes,Yes,No,No,No,Yes,Two year,Yes,Bank transfer (automatic),113.01,2150.81,No
8389-KITT,Female,0,Yes,No,52,Yes,No,Fiber optic,No,No,Yes,Yes,No,Yes,Month-to-month,Yes,Bank transfer (automatic),108.48,5667.28,No
2150-IHOB,Male,0,Yes,No,39,Yes,Yes,Fiber optic,No,No,No,Yes,No,No,Two year,Yes,Electronic check,96.88,3773.91,No
8127-AIIM,Male,0,No,Yes,49,Yes,No,DSL,No,Yes,Yes,Yes,No,No,Two year,Yes,Credit card (automatic),83.15,4085.79,No
2242-UECU,Female,0,No,No,66,Yes,No,Fiber optic,No,No,Yes,No,No,No,One year,Yes,Electronic check,87.67,5782.24,No
3499-QPPY,Male,0,No,Yes,34,Yes,Yes,Fiber optic,No,No,No,No,Yes,No,Month-to-month,Yes,Mailed check,96.25,3267.87,Yes
7110-ZTCF,Female,0,No,No,63,Yes,Yes,Fiber optic,No,No,No,Yes,No,No,Two year,Yes,Bank transfer (automatic),102.12,6430.47,No
5960-UPOG,Male,0,Yes,No,36,Yes,No,Fiber optic,No,Yes,No,No,Yes,No,One year,Yes,Electronic check,95.08,3422.18,No
3025-YOFB,Female,0,No,Yes,44,Yes,No,DSL,No,No,Yes,No,No,Yes,Month-to-month,No,Bank transfer (automatic),78.48,3442.81,No
5823-XQAA,Male,0,Yes,Yes,37,Yes,Yes,No,No internet service,No internet service,No internet service,No internet service,No internet service,No internet service,One year,Yes,Bank transfer (automatic),41.02,1523.74,No
1539-DTPH,Male,0,No,Yes,26,Yes,Yes,DSL,Yes,No,No,No,No,No,Month-to-month,No,Mailed check,75.24,1935.45,No
4289-SKQY,Female,0,Yes,Yes,64,Yes,Yes,Fiber optic,Yes,Yes,Yes,Yes,Yes,No,Two year,No,Electronic check,118.75,7620.13,No
3758-LOHQ,Male,1,Yes,Yes,72,Yes,No,Fiber optic,No,Yes,No,No,No,Yes,Month-to-month,No,Credit card (automatic),95.75,6920.98,No
3500-NBPQ,Male,0,No,Yes,2,Yes,Yes,DSL,No,No,No,Yes,Yes,Yes,Month-to-month,No,Electronic check,98.15,146.9,Yes
6666-WARR,Male,0,Yes,No,58,No,No phone service,Fiber optic,No,No,Yes,No,Yes,Yes,Month-to-month,Yes,Electronic check,93.68,5431.69,Yes
8630-SSJE,Male,1,No,No,29,Yes,No,Fiber optic,Yes,No,No,No,Yes,Yes,One year,Yes,Mailed check,111.45,3235.67,No
9594-KGET,Male,0,No,No,15,Yes,No,Fiber optic,Yes,No,Yes,Yes,Yes,No,Month-to-month,Yes,Mailed check,113.77,1710.89,Yes
7155-SOLD,Female,0,Yes,No,28,Yes,Yes,DSL,Yes,No,Yes,Yes,No,Yes,Month-to-month,No,Electronic check,101.12,2842.0,No
2149-LRQS,Female,0,Yes,No,69,Yes,Yes,DSL,No,Yes,Yes,Yes,No,Yes,Month-to-month,Yes,Bank transfer (automatic),97.41,6721.63,No
1751-AQRY,Male,0,No,No,23,Yes,No,DSL,No,No,Yes,No,Yes,Yes,One year,Yes,Electronic check,81.83,1875.43,No
2540-YXFA,Female,1,No,No,6,Yes,Yes,DSL,No,No,Yes,Yes,No,No,Month-to-month,Yes,Credit card (automatic),89.97,525.42,Yes
6796-AWZK,Female,1,Yes,Yes,48,Yes,No,DSL,Yes,No,No,No,No,No,Two year,Yes,Electronic check,69.11,3328.0,No
8959-XGRU,Male,0,No,Yes,62,Yes,No,DSL,Yes,Yes,Yes,No,No,No,One year,Yes,Electronic check,89.53,5560.94,No
7900-JYOD,Female,0,No,Yes,45,Yes,No,No,No internet service,No internet service,No internet service,No internet service,No internet service,No internet service,Month-to-month,No,Electronic check,36.35,1658.14,No
8054-LHHR,Male,0,Yes,No,47,Yes,Yes,DSL,No,Yes,Yes,Yes,No,No,One year,Yes,Bank transfer (automatic),94.46,4453.29,No
7209-LZDW,Female,0,No,No,24,No,No phone service,Fiber optic,No,No,No,No,No,No,Month-to-month,No,Credit card (automatic),60.98,1455.15,Yes
3256-PIZA,Male,0,Yes,No,42,Yes,No,Fiber optic,Yes,Yes,Yes,Yes,No,No,Month-to-month,Yes,Credit card (automatic),109.85,4626.01,Yes
9558-LEWX,Male,0,No,Yes,54,Yes,Yes,Fiber optic,No,Yes,No,No,Yes,No,Month-to-month,No,Credit card (automatic),112.29,6063.88,No
4603-BDOF,Male,0,Yes,No,33,Yes,No,Fiber optic,Yes,No,No,Yes,No,Yes,Month-to-month,Yes,Bank transfer (automatic),107.63,3525.56,Yes
2643-RTDA,Male,1,Yes,Yes,64,Yes,No,Fiber optic,No,Yes,Yes,Yes,Yes,Yes,Month-to-month,No,Mailed check,118.75,7624.79,No
7286-RNCO,Female,0,No,Yes,27,Yes,No,DSL,Yes,No,No,No,No,Yes,Month-to-month,No,Bank transfer (automatic),84.84,2309.25,No
4716-XVCV,Female,0,Yes,No,40,Yes,Yes,DSL,Yes,No,No,No,No,No,Month-to-month,Yes,Electronic check,79.87,3194.29,Yes
3502-FZVA,Male,0,No,Yes,28,Yes,No,Fiber optic,No,No,No,No,Yes,No,Two year,Yes,Electronic check,89.43,2488.87,No
4403-TWYR,Female,1,No,No,31,Yes,No,Fiber optic,Yes,No,No,Yes,No,Yes,Two year,No,Mailed check,108.14,3338.35,No
4194-OVHO,Male,0,Yes,No,68,Yes,Yes,Fiber optic,Yes,Yes,No,No,Yes,Yes,Two year,Yes,Bank transfer (automatic),118.75,8073.72,No
6350-VRPB,Male,0,Yes,No,33,Yes,No,No,No internet service,No internet service,No internet service,No internet service,No internet service,No internet service,One year,No,Bank transfer (automatic),33.51,1115.51,No
3959-CXWB,Female,0,No,Yes,58,No,No phone service,DSL,Yes,Yes,Yes,No,No,Yes,Two year,Yes,Mailed check,83.23,4825.67,No
4097-YEBS,Male,1,Yes,No,60,Yes,No,DSL,No,No,Yes,No,No,Yes,One year,Yes,Credit card (automatic),75.5,4525.23,No
1723-BBVX,Male,1,No,No,51,Yes,No,Fiber optic,No,No,No,No,Yes,No,Two year,Yes,Credit card (automatic),91.32,4622.62,No
2299-RYTY,Female,0,Yes,No,62,Yes,No,DSL,Yes,Yes,Yes,Yes,No,Yes,Two year,Yes,Electronic check,99.89,6157.77,No
6684-NOLK,Male,0,No,No,25,Yes,Yes,DSL,No,Yes,No,No,No,No,One year,Yes,Bank transfer (automatic),73.86,1784.77,No
8146-GLPE,Male,0,Yes,Yes,11,Yes,No,Fiber optic,No,No,No,Yes,No,Yes,Month-to-month,Yes,Bank transfer (automatic),94.61,1052.98,Yes
9126-BVPW,Female,0,Yes,No,21,Yes,Yes,No,No internet service,No internet service,No internet service,No internet service,No internet service,No internet service,Two year,Yes,Bank transfer (automatic),46.81,996.73,No
2373-OKFM,Female,1,Yes,Yes,72,Yes,No,DSL,No,Yes,Yes,No,No,No,Month-to-month,No,Credit card (automatic),78.69,5672.25,No
3482-JXSE,Male,0,Yes,No,55,Yes,Yes,Fiber optic,No,No,No,Yes,No,No,Two year,Yes,Electronic check,101.11,5591.38,No
3296-UGKN,Female,0,Yes,No,5,No,No phone service,Fiber optic,Yes,No,Yes,Yes,No,Yes,Two year,No,Electronic check,102.65,498.88,No
8028-PRUW,Female,0,No,Yes,35,Yes,No,No,No internet service,No internet service,No internet service,No internet service,No internet service,No internet service,Month-to-month,Yes,Mailed check,31.22,1097.43,No
5021-ONSE,Female,0,Yes,No,58,Yes,No,Fiber optic,Yes,No,Yes,No,No,No,Two year,Yes,Electronic check,96.54,5574.59,No
7755-MRLW,Female,0,Yes,No,58,Yes,No,DSL,Yes,No,No,Yes,No,No,Month-to-month,Yes,Bank transfer (automatic),77.44,4502.68,No
9541-UOWI,Female,0,No,No,67,Yes,Yes,DSL,No,Yes,No,No,Yes,No,Month-to-month,Yes,Mailed check,83.26,5587.16,No
3755-EIMJ,Female,0,No,No,51,Yes,No,Fiber optic,No,No,No,No,Yes,Yes,Month-to-month,Yes,Electronic check,101.81,5194.68,Yes
7351-MDUM,Male,0,No,No,67,Yes,No,Fiber optic,Yes,No,No,Yes,No,Yes,Month-to-month,Yes,Bank transfer (automatic),109.66,7340.99,No
3919-MOTT,Male,0,Yes,No,50,Yes,Yes,Fiber optic,No,No,No,No,Yes,No,Month-to-month,Yes,Mailed check,104.83,5241.67,No
7828-WEVV,Female,1,No,No,67,Yes,Yes,Fiber optic,No,Yes,No,No,No,No,One year,Yes,Credit card (automatic),93.83,6277.04,No
6919-FZEM,Female,0,No,No,25,Yes,No,DSL,No,Yes,No,No,Yes,Yes,Two year,No,Electronic check,90.71,2270.2,No
8902-TWHI,Female,0,Yes,No,72,Yes,No,DSL,No,No,No,No,No,No,Month-to-month,Yes,Electronic check,54.87,3932.49,No
2918-TOZV,Male,0,No,Yes,40,Yes,No,DSL,No,No,Yes,Yes,Yes,Yes,One year,No,Electronic check,94.31,3772.8,No
1394-EIKS,Male,0,No,No,4,Yes,Yes,Fiber optic,No,Yes,No,Yes,No,No,Month-to-month,Yes,Mailed check,107.35,466.92,Yes
9741-WUAC,Male,0,No,No,52,No,No phone service,No,No internet service,No internet service,No internet service,No internet service,No internet service,No internet service,One year,Yes,Electronic check,19.53,999.51,No
7811-NTZV,Male,0,No,No,37,Yes,Yes,Fiber optic,No,No,No,Yes,No,No,Two year,No,Electronic check,95.96,3562.66,No
8108-QOFN,Female,1,No,No,52,No,No phone service,DSL,No,No,Yes,Yes,No,No,Two year,No,Bank transfer (automatic),59.5,3125.31,No
2466-QHHS,Female,0,Yes,Yes,55,Yes,Yes,Fiber optic,No,No,Yes,No,No,Yes,Two year,No,Credit card (automatic),108.98,5999.9,No
9479-IKMM,Female,0,Yes,No,18,No,No phone service,Fiber optic,Yes,No,No,No,No,No,One year,Yes,Electronic check,70.71,1284.62,No
2178-XSZU,Female,0,No,No,64,Yes,Yes,Fiber optic,No,No,Yes,No,Yes,No,Month-to-month,Yes,Bank transfer (automatic),112.67,7232.5,No
7322-EPIT,Female,0,No,No,68,No,No phone service,Fiber optic,Yes,No,Yes,Yes,Yes,No,Month-to-month,Yes,Bank transfer (automatic),97.5,6619.59,No
8349-CSEH,Male,0,No,No,52,Yes,Yes,Fiber optic,Yes,Yes,Yes,No,No,No,Month-to-month,Yes,Electronic check,117.28,6061.48,Yes
9717-XCXM,Female,1,No,Yes,18,Yes,No,Fiber optic,No,No,Yes,No,No,Yes,Month-to-month,No,Credit card (automatic),95.68,1721.02,Yes
4655-SJZR,Male,0,No,No,65,Yes,No,No,No internet service,No internet service,No internet service,No internet service,No internet service,No internet service,Month-to-month,Yes,Mailed check,34.8,2250.22,No
2017-RYGP,Female,0,No,No,47,Yes,Yes,No,No internet service,No internet service,No internet service,No internet service,No internet service,No internet service,One year,Yes,Electronic check,45.18,2150.96,No
9239-PWXA,Female,0,Yes,Yes,65,Yes,No,DSL,No,Yes,No,No,Yes,No,One year,No,Bank transfer (automatic),78.75,5098.66,No
7647-SCFD,Male,0,Yes,Yes,72,Yes,Yes,Fiber optic,No,Yes,No,No,No,No,Month-to-month,No,Mailed check,99.94,7216.78,No
3089-IHSQ,Male,1,Yes,Yes,17,Yes,Yes,No,No internet service,No internet service,No internet service,No internet service,No internet service,No internet service,Two year,Yes,Electronic check,41.0,693.55,No
4680-TNVT,Female,0,No,No,38,Yes,Yes,Fiber optic,Yes,No,Yes,Yes,Yes,No,Month-to-month,No,Bank transfer (automatic),118.75,4524.14,Yes
4114-CXHV,Male,0,Yes,No,72,Yes,Yes,DSL,Yes,Yes,Yes,No,No,No,Month-to-month,Yes,Bank transfer (automatic),96.22,6910.05,No
8512-JQHV,Male,0,Yes,Yes,50,No,No phone service,Fiber optic,No,No,Yes,No,No,No,Month-to-month,No,Bank transfer (automatic),77.01,3821.3,No
5116-GXIL,Male,0,Yes,No,22,No,No phone service,DSL,No,No,No,No,No,No,Month-to-month,Yes,Credit card (automatic),45.29,999.17,No
4061-ZITX,Female,0,No,Yes,32,No,No phone service,DSL,Yes,Yes,Yes,Yes,No,Yes,Month-to-month,No,Mailed check,85.09,2723.16,No
4317-IVAE,Female,0,Yes,No,59,Yes,Yes,DSL,Yes,No,No,No,No,No,Month-to-month,Yes,Bank transfer (automatic),75.42,4441.82,No
6064-EFSH,Female,0,Yes,No,58,No,No phone service,No,No internet service,No internet service,No internet service,No internet service,No internet service,No internet service,Month-to-month,Yes,Credit card (automatic),19.58,1157.59,No
8775-MTDK,Male,0,Yes,No,25,Yes,Yes,Fiber optic,No,No,No,No,No,Yes,One year,Yes,Electronic check,98.97,2487.2,No
4819-EJYX,Male,0,Yes,Yes,16,No,No phone service,No,No internet service,No internet service,No internet service,No internet service,No internet service,No internet service,One year,Yes,Credit card (automatic),18.25,301.69,No
8398-UIIJ,Female,0,Yes,No,52,Yes,No,No,No internet service,No internet service,No internet service,No internet service,No internet service,No internet service,Month-to-month,Yes,Electronic check,33.89,1742.98,No
9961-DHNQ,Female,0,Yes,Yes,42,No,No phone service,No,No internet service,No internet service,No internet service,No internet service,No internet service,No internet service,Two year,Yes,Mailed check,21.91,920.91,No
3124-UXRR,Male,0,Yes,No,47,Yes,No,Fiber optic,Yes,No,Yes,Yes,Yes,Yes,Two year,Yes,Mailed check,118.75,5553.11,No
2964-HZLY,Female,0,No,Yes,19,Yes,Yes,Fiber optic,No,Yes,No,No,No,Yes,One year,Yes,Bank transfer (automatic),107.7,2071.36,No
3039-UATR,Female,0,No,No,34,Yes,No,Fiber optic,No,No,No,No,No,No,Month-to-month,No,Bank transfer (automatic),79.2,2702.89,Yes
6794-LSYM,Male,0,Yes,No,32,Yes,Yes,DSL,Yes,No,Yes,Yes,No,Yes,Month-to-month,No,Bank transfer (automatic),104.3,3314.29,No
1777-OTBS,Male,0,No,No,1,Yes,No,Fiber optic,Yes,Yes,No,Yes,Yes,No,Month-to-month,No,Mailed check,109.43,109.43,Yes
5077-GHKV,Female,0,No,No,33,Yes,Yes,No,No internet service,No internet service,No internet service,No internet service,No internet service,No internet service,Two year,No,Electronic check,42.37,1407.59,No
6587-FKQJ,Male,0,No,No,31,Yes,Yes,No,No internet service,No internet service,No internet service,No internet service,No internet service,No internet service,Two year,Yes,Bank transfer (automatic),45.53,1396.39,No
6751-QUBF,Male,0,Yes,Yes,20,Yes,No,DSL,No,Yes,Yes,No,No,No,Month-to-month,Yes,Electronic check,78.28,1560.05,Yes
6885-BLCF,Female,0,Yes,No,4,Yes,Yes,DSL,No,No,No,Yes,No,Yes,Month-to-month,Yes,Mailed check,91.57,374.14,Yes
9951-NHUU,Male,0,No,No,27,Yes,Yes,No,No internet service,No internet service,No internet service,No internet service,No internet service,No internet service,Two year,No,Electronic check,44.28,1175.27,No
2785-NCPO,Male,0,Yes,No,47,Yes,No,DSL,No,No,Yes,Yes,Yes,Yes,One year,No,Electronic check,100.28,4713.19,No
3630-OMFO,Female,1,Yes,No,68,Yes,No,No,No internet service,No internet service,No internet service,No internet service,No internet service,No internet service,Two year,No,Mailed check,37.05,2510.23,No
4536-DVVN,Male,0,Yes,No,69,Yes,Yes,Fiber optic,No,No,Yes,No,No,Yes,Two year,Yes,Bank transfer (automatic),109.04,7512.78,No
9491-SVJF,Male,0,No,No,39,Yes,No,No,No internet service,No internet service,No internet service,No internet service,No internet service,No internet service,Month-to-month,No,Mailed check,35.93,1404.3,No
1248-IBDI,Female,0,Yes,No,5,Yes,No,No,No internet service,No internet service,No internet service,No internet service,No internet service,No internet service,Month-to-month,Yes,Mailed check,32.15,158.54,No
8101-MTHZ,Male,0,Yes,Yes,13,Yes,No,Fiber optic,No,No,No,Yes,No,Yes,Month-to-month,No,Bank transfer (automatic),89.3,1212.18,Yes
9411-SSYP,Female,0,No,No,66,Yes,No,DSL,Yes,No,Yes,Yes,No,Yes,Month-to-month,Yes,Electronic check,96.27,6353.88,No
3122-JHAJ,Female,0,No,Yes,10,Yes,Yes,DSL,Yes,No,Yes,Yes,No,No,Month-to-month,Yes,Electronic check,92.06,901.84,Yes
4089-CKRC,Male,0,Yes,No,38,Yes,No,Fiber optic,Yes,No,Yes,No,Yes,Yes,One year,Yes,Credit card (automatic),108.88,4123.54,No
5671-FONG,Female,0,Yes,Yes,40,Yes,Yes,DSL,No,No,No,No,Yes,No,One year,No,Electronic check,82.97,3285.67,No
1414-JVQS,Female,0,No,Yes,23,Yes,Yes,No,No internet service,No internet service,No internet service,No internet service,No internet service,No internet service,Month-to-month,Yes,Mailed check,51.82,1182.15,No
4356-QLOZ,Male,0,Yes,Yes,42,Yes,Yes,DSL,Yes,Yes,No,No,Yes,No,Month-to-month,Yes,Credit card (automatic),93.93,3944.95,No
9395-YIED,Female,0,No,No,25,No,No phone service,Fiber optic,No,No,No,No,No,Yes,Month-to-month,No,Electronic check,75.44,1904.15,Yes
4563-PIYC,Female,0,No,Yes,28,Yes,No,Fiber optic,No,Yes,No,No,No,Yes,Two year,Yes,Credit card (automatic),102.34,2893.54,No
9898-ZRQJ,Male,0,Yes,No,1,Yes,Yes,No,No internet service,No internet service,No internet service,No internet service,No internet service,No internet service,Month-to-month,Yes,Bank transfer (automatic),48.89,48.89,No
9535-KXCW,Female,0,Yes,Yes,29,Yes,No,No,No internet service,No internet service,No internet service,No internet service,No internet service,No internet service,One year,Yes,Bank transfer (automatic),35.19,1010.52,No
6023-WBIS,Female,0,Yes,No,56,Yes,No,Fiber optic,Yes,Yes,No,No,Yes,No,Two year,Yes,Mailed check,109.31,6119.03,No
2345-SBOX,Male,0,No,Yes,58,Yes,Yes,Fiber optic,No,No,Yes,Yes,Yes,Yes,One year,Yes,Electronic check,118.75,6879.38,No
8252-CEKX,Male,0,Yes,Yes,18,Yes,No,Fiber optic,No,Yes,No,Yes,Yes,Yes,Month-to-month,No,Bank transfer (automatic),110.7,1992.55,Yes
4360-ZQQN,Female,0,Yes,No,53,No,No phone service,Fiber optic,Yes,No,No,Yes,No,No,Month-to-month,No,Electronic check,87.67,4682.17,No
4625-HHNG,Female,0,Yes,No,69,Yes,Yes,No,No internet service,No internet service,No internet service,No internet service,No internet service,No internet service,Month-to-month,No,Bank transfer (automatic),45.22,3096.3,No
5992-OYOA,Female,0,Yes,No,22,Yes,No,Fiber optic,Yes,No,No,Yes,No,No,Two year,Yes,Electronic check,88.44,1986.27,No
5787-CWEE,Male,1,No,No,32,Yes,No,No,No internet service,No internet service,No internet service,No internet service,No internet service,No internet service,Two year,Yes,Bank transfer (automatic),34.98,1074.48,No
4299-QUTN,Female,0,Yes,Yes,65,Yes,No,Fiber optic,Yes,No,No,Yes,Yes,No,Two year,Yes,Electronic check,112.59,7332.91,No
9583-BHAD,Male,0,No,Yes,10,Yes,No,No,No internet service,No internet service,No internet service,No internet service,No internet service,No internet service,Month-to-month,Yes,Electronic check,37.08,372.64,Yes
5260-EUTX,Female,0,Yes,No,17,Yes,No,Fiber optic,Yes,Yes,Yes,No,No,No,One year,Yes,Mailed check,105.07,1797.09,No
2874-LTAG,Female,0,Yes,No,64,No,No phone service,No,No internet service,No internet service,No internet service,No internet service,No internet service,No internet service,Two year,Yes,Credit card (automatic),26.77,1714.71,No
4198-BKGQ,Male,0,No,No,31,Yes,Yes,DSL,Yes,Yes,No,No,Yes,No,One year,Yes,Mailed check,94.8,2961.26,No
2210-CVFV,Female,0,No,Yes,3,Yes,Yes,Fiber optic,No,No,No,No,No,Yes,Two year,No,Electronic check,101.61,288.29,No
9689-RVJE,Male,0,No,No,35,Yes,No,No,No internet service,No internet service,No internet service,No internet service,No internet service,No internet service,Month-to-month,Yes,Electronic check,38.86,1383.85,No
5758-WUXZ,Male,1,Yes,Yes,56,Yes,No,DSL,No,No,No,No,No,Yes,Month-to-month,No,Bank transfer (automatic),74.39,4209.97,No
8413-OUTW,Female,0,Yes,No,32,Yes,No,No,No internet service,No internet service,No internet service,No internet service,No internet service,No internet service,Two year,Yes,Credit card (automatic),31.84,1042.47,No
6012-UAOQ,Female,1,No,Yes,13,Yes,Yes,DSL,No,No,Yes,No,No,No,Month-to-month,Yes,Mailed check,78.6,1002.06,No
1050-NSRB,Male,0,No,No,47,Yes,No,No,No internet service,No internet service,No internet service,No internet service,No internet service,No internet service,One year,No,Bank transfer (automatic),37.96,1776.49,No
6748-VEGA,Male,1,No,No,36,Yes,Yes,DSL,No,No,Yes,No,Yes,No,Month-to-month,No,Credit card (automatic),94.62,3424.34,No
4020-SVAM,Male,1,No,No,4,Yes,No,No,No internet service,No internet service,No internet service,No internet service,No internet service,No internet service,Month-to-month,No,Mailed check,32.88,85.7,No
9066-ZYAH,Female,0,Yes,Yes,49,Yes,No,DSL,Yes,Yes,No,Yes,No,Yes,Month-to-month,Yes,Bank transfer (automatic),98.58,4838.33,No
5780-NEZX,Female,0,No,Yes,60,Yes,No,DSL,No,No,No,Yes,No,No,Two year,No,Bank transfer (automatic),68.83,4130.94,No
9117-WXFV,Female,0,No,No,68,Yes,No,Fiber optic,No,No,Yes,No,Yes,No,Month-to-month,Yes,Credit card (automatic),102.42,6947.9,No
1615-MRWD,Female,0,Yes,No,37,Yes,Yes,DSL,No,No,No,No,Yes,Yes,Month-to-month,Yes,Electronic check,87.76,3239.19,Yes
3339-WENO,Male,1,Yes,No,45,No,No phone service,Fiber optic,Yes,Yes,No,No,Yes,Yes,Month-to-month,Yes,Electronic check,96.66,4346.82,Yes
7707-QFJV,Male,0,No,Yes,14,Yes,No,Fiber optic,Yes,No,Yes,Yes,No,Yes,One year,Yes,Credit card (automatic),109.94,1537.74,No
3271-WPQN,Male,0,Yes,No,36,Yes,No,No,No internet service,No internet service,No internet service,No internet service,No internet service,No internet service,One year,Yes,Credit card (automatic),35.96,1304.69,No
3771-LIOL,Female,0,No,No,26,No,No phone service,Fiber optic,No,No,Yes,Yes,No,Yes,Two year,Yes,Credit card (automatic),91.09,2387.71,No
2005-ZVRT,Female,0,No,No,0,Yes,No,Fiber optic,No,Yes,No,Yes,No,No,One year,No,Electronic check,97.13, ,No
6701-DZWL,Female,0,No,No,28,Yes,No,DSL,Yes,No,No,Yes,Yes,No,Two year,No,Mailed check,85.61,2356.93,No
4538-VMLT,Male,0,No,Yes,71,Yes,Yes,DSL,No,No,No,No,No,Yes,Month-to-month,Yes,Bank transfer (automatic),87.85,6233.04,No
9258-CNRS,Male,0,No,Yes,6,Yes,No,Fiber optic,No,Yes,Yes,Yes,Yes,Yes,Month-to-month,No,Electronic check,118.75,713.91,Yes
6691-JQOS,Male,0,Yes,No,28,Yes,No,No,No internet service,No internet service,No internet service,No internet service,No internet service,No internet service,Two year,No,Credit card (automatic),35.59,996.39,No
7728-DOSP,Male,1,No,Yes,30,Yes,No,DSL,No,No,No,No,Yes,No,Month-to-month,Yes,Credit card (automatic),69.96,2112.53,No
1112-UAGU,Female,0,Yes,Yes,37,Yes,No,DSL,No,No,No,Yes,Yes,No,One year,No,Bank transfer (automatic),73.99,2726.13,No
9350-RLPA,Female,1,Yes,Yes,7,Yes,No,Fiber optic,No,Yes,Yes,No,No,Yes,Month-to-month,Yes,Credit card (automatic),105.01,737.65,Yes
3298-OGQC,Female,0,No,No,36,Yes,No,Fiber optic,No,No,No,Yes,No,Yes,Month-to-month,No,Mailed check,96.9,3482.25,Yes
3154-FFOG,Male,0,Yes,No,58,Yes,No,No,No internet service,No internet service,No internet service,No internet service,No internet service,No internet service,Month-to-month,Yes,Electronic check,30.45,1771.12,No
2501-QWRV,Male,0,Yes,No,53,Yes,No,No,No internet service,No internet service,No internet service,No internet service,No internet service,No internet service,Two year,Yes,Electronic check,34.26,1813.04,No
8740-XUZS,Male,0,Yes,No,57,Yes,Yes,DSL,No,No,No,Yes,No,Yes,One year,No,Bank transfer (automatic),88.91,5063.33,No
3522-HXTH,Male,0,No,No,25,Yes,Yes,Fiber optic,No,Yes,Yes,Yes,No,No,Month-to-month,Yes,Credit card (automatic),117.83,2916.18,Yes
9468-KUCW,Female,0,Yes,Yes,47,No,No phone service,DSL,Yes,Yes,No,Yes,Yes,Yes,Month-to-month,No,Electronic check,94.25,4426.72,No
2120-AZLK,Female,0,Yes,No,10,Yes,No,No,No internet service,No internet service,No internet service,No internet service,No internet service,No internet service,Month-to-month,Yes,Bank transfer (automatic),34.35,340.83,No
2908-ATLQ,Male,0,No,No,22,Yes,No,Fiber optic,Yes,Yes,Yes,No,No,No,Month-to-month,No,Bank transfer (automatic),104.45,2277.99,Yes
5750-BRPD,Female,1,Yes,No,33,Yes,Yes,Fiber optic,No,Yes,No,No,Yes,Yes,Two year,No,Credit card (automatic),115.09,3788.69,No
3413-YOIB,Male,0,Yes,Yes,32,Yes,No,Fiber optic,No,No,Yes,Yes,No,No,Two year,Yes,Credit card (automatic),96.66,3054.61,No
9464-ZJIB,Male,0,No,Yes,1,Yes,No,DSL,Yes,No,Yes,No,No,No,Month-to-month,Yes,Electronic check,78.58,78.58,Yes
6207-SQKQ,Male,0,Yes,No,60,Yes,Yes,Fiber optic,No,Yes,No,No,Yes,No,One year,Yes,Electronic check,105.34,6353.46,No
6577-RWFP,Male,1,Yes,Yes,3,No,No phone service,DSL,No,Yes,Yes,Yes,No,Yes,Month-to-month,Yes,Electronic check,74.09,218.96,Yes
7387-RACO,Male,1,No,No,11,Yes,Yes,Fiber optic,No,No,No,Yes,No,No,Month-to-month,Yes,Credit card (automatic),97.48,1067.07,Yes
1947-JUEO,Female,1,Yes,Yes,28,Yes,No,DSL,No,No,Yes,No,No,No,Month-to-month,Yes,Electronic check,68.24,1900.28,Yes
7861-OJXI,Female,0,No,Yes,41,Yes,No,Fiber optic,No,Yes,No,Yes,No,No,Two year,No,Electronic check,91.59,3750.74,No
8979-GEYX,Female,1,No,No,56,Yes,Yes,Fiber optic,Yes,No,No,Yes,No,Yes,Month-to-month,Yes,Electronic check,118.75,6608.63,No
9793-HVTY,Female,0,Yes,No,49,Yes,Yes,No,No internet service,No internet service,No internet service,No internet service,No internet service,No internet service,Month-to-month,No,Mailed check,40.36,2004.13,No
7639-JIZC,Female,1,No,No,65,Yes,Yes,No,No internet service,No internet service,No internet service,No internet service,No internet service,No internet service,Month-to-month,Yes,Bank transfer (automatic),42.84,2784.0,No
8386-SKFF,Female,0,Yes,No,6,Yes,No,Fiber optic,Yes,No,No,Yes,No,Yes,One year,No,Electronic check,105.17,664.07,No
2244-OMVE,Male,1,Yes,No,56,Yes,No,DSL,Yes,Yes,Yes,No,Yes,No,Month-to-month,Yes,Electronic check,97.3,5457.52,No
7196-BWLT,Male,0,No,No,45,Yes,Yes,Fiber optic,No,Yes,Yes,Yes,No,Yes,One year,No,Electronic check,118.75,5312.91,No
1658-XTOT,Female,0,Yes,No,21,Yes,No,DSL,Yes,Yes,No,No,Yes,No,Two year,Yes,Mailed check,83.4,1759.94,No
6776-YNWR,Male,0,No,No,10,Yes,No,Fiber optic,No,Yes,Yes,Yes,No,No,Month-to-month,No,Mailed check,101.42,1045.14,Yes
8735-EVLJ,Male,0,Yes,Yes,32,Yes,No,DSL,No,No,No,No,No,No,Two year,No,Bank transfer (automatic),65.32,2047.96,No
1967-FYOL,Male,0,No,Yes,53,Yes,Yes,No,No internet service,No internet service,No internet service,No internet service,No internet service,No internet service,Month-to-month,No,Mailed check,42.76,2258.54,No
3968-FLOL,Female,0,No,No,19,Yes,No,DSL,No,Yes,Yes,No,No,Yes,Two year,No,Electronic check,84.03,1595.52,No
6992-SUBM,Female,0,Yes,No,4,Yes,Yes,DSL,No,No,No,No,No,No,One year,Yes,Credit card (automatic),65.71,279.07,No
7023-MDFF,Female,0,No,No,67,Yes,No,DSL,Yes,No,No,Yes,Yes,No,Month-to-month,Yes,Electronic check,85.47,5719.76,No
3155-LQGZ,Male,0,No,Yes,13,Yes,Yes,Fiber optic,Yes,No,Yes,Yes,Yes,No,Month-to-month,Yes,Bank transfer (automatic),118.75,1507.64,Yes
8607-QJWT,Female,0,No,Yes,2,Yes,No,Fiber optic,No,No,No,No,Yes,Yes,Month-to-month,Yes,Bank transfer (automatic),99.59,215.78,Yes
5197-IOPU,Female,1,Yes,No,57,Yes,Yes,DSL,No,No,No,Yes,No,No,One year,No,Electronic check,74.06,4194.32,No
6412-RTNB,Female,0,No,No,26,Yes,Yes,DSL,Yes,Yes,No,No,No,No,Two year,Yes,Mailed check,79.2,2070.07,No
4262-CNGO,Male,0,No,No,3,Yes,No,No,No internet service,No internet service,No internet service,No internet service,No internet service,No internet service,One year,Yes,Mailed check,35.68,126.26,No
3224-AIVN,Female,0,No,No,66,Yes,No,DSL,Yes,Yes,No,No,No,No,Month-to-month,Yes,Credit card (automatic),76.24,5007.3,No
6615-UMFV,Female,0,No,No,63,No,No phone service,Fiber optic,No,Yes,No,No,No,Yes,One year,Yes,Mailed check,82.27,5195.89,No
3808-DCQB,Female,0,No,No,41,Yes,No,Fiber optic,Yes,No,Yes,No,No,No,Month-to-month,Yes,Electronic check,98.11,4002.44,Yes
5818-TWVH,Male,0,No,No,28,Yes,No,Fiber optic,No,No,No,No,Yes,Yes,Month-to-month,No,Credit card (automatic),103.01,2875.31,Yes
8549-YOFW,Female,0,No,Yes,34,Yes,No,Fiber optic,Yes,No,Yes,Yes,Yes,No,One year,No,Credit card (automatic),118.75,4016.7,No
8859-BYYO,Female,0,No,No,18,Yes,No,Fiber optic,No,No,No,Yes,Yes,No,Month-to-month,No,Bank transfer (automatic),91.71,1652.68,Yes
8147-CJNV,Male,0,Yes,No,68,Yes,No,Fiber optic,No,Yes,No,No,Yes,No,Month-to-month,Yes,Bank transfer (automatic),99.07,6721.33,No
3045-NCAT,Female,1,Yes,No,30,Yes,Yes,Fiber optic,Yes,No,No,Yes,No,Yes,Month-to-month,No,Credit card (automatic),111.61,3329.4,Yes
9448-BSXJ,Female,0,No,No,42,Yes,Yes,Fiber optic,Yes,No,No,No,No,No,Month-to-month,No,Electronic check,103.7,4375.16,Yes
2283-DMZI,Female,0,No,Yes,72,Yes,No,DSL,No,No,No,No,No,No,Two year,Yes,Bank transfer (automatic),66.89,4802.1,No
9550-PRCT,Female,1,No,No,20,Yes,Yes,Fiber optic,Yes,Yes,No,Yes,No,No,Two year,No,Electronic check,118.75,2401.84,No
6495-ZZVP,Male,0,No,No,64,Yes,No,Fiber optic,No,No,Yes,No,Yes,No,Month-to-month,No,Bank transfer (automatic),92.48,5870.17,No
4544-JPHI,Male,0,No,No,33,No,No phone service,Fiber optic,Yes,No,No,No,Yes,No,Month-to-month,Yes,Electronic check,88.1,2908.72,Yes
6151-UCDM,Male,0,Yes,Yes,60,Yes,Yes,No,No internet service,No internet service,No internet service,No internet service,No internet service,No internet service,Month-to-month,No,Bank transfer (automatic),41.69,2536.81,No
4307-UIYN,Female,0,Yes,Yes,35,Yes,No,No,No internet service,No internet service,No internet service,No internet service,No internet service,No internet service,One year,Yes,Electronic check,36.74,1286.15,No
5370-GPVT,Female,0,Yes,No,40,Yes,Yes,DSL,No,No,No,No,No,No,Month-to-month,Yes,Credit card (automatic),66.98,2713.2,No
2054-JRKG,Female,1,Yes,No,33,Yes,Yes,Fiber optic,Yes,Yes,Yes,Yes,No,No,Two year,No,Electronic check,118.75,3920.29,No
3669-TRKV,Female,0,No,No,24,Yes,Yes,DSL,No,No,No,Yes,Yes,Yes,One year,No,Mailed check,98.58,2397.48,No
9022-AWJU,Male,0,No,No,56,Yes,No,Fiber optic,Yes,Yes,No,No,No,Yes,Month-to-month,Yes,Credit card (automatic),113.51,6357.72,No
1128-FGQI,Female,1,Yes,No,64,Yes,Yes,Fiber optic,No,No,Yes,No,Yes,No,Month-to-month,No,Bank transfer (automatic),109.56,7005.55,No
8622-QCPE,Male,1,Yes,No,21,Yes,No,DSL,No,No,No,No,No,Yes,Month-to-month,No,Credit card (automatic),70.07,1430.17,No
3193-ADWK,Female,0,Yes,No,59,Yes,Yes,Fiber optic,No,No,Yes,No,No,No,Month-to-month,No,Bank transfer (automatic),96.53,5674.22,No
4903-HHEL,Female,0,Yes,No,53,Yes,Yes,DSL,Yes,Yes,No,No,No,No,Month-to-month,Yes,Mailed check,84.27,4461.39,No
2152-OYRF,Male,0,Yes,No,21,Yes,Yes,DSL,Yes,Yes,No,No,No,No,Month-to-month,No,Mailed check,87.07,1806.2,No
6289-NUZH,Female,0,Yes,No,60,Yes,Yes,Fiber optic,Yes,No,No,Yes,Yes,No,One year,No,Electronic check,118.75,7096.34,No
3938-CVVZ,Female,0,Yes,No,65,Yes,Yes,No,No internet service,No internet service,No internet service,No internet service,No internet service,No internet service,Two year,No,Mailed check,38.65,2525.42,No
5075-LOGD,Female,0,No,No,44,Yes,Yes,Fiber optic,Yes,No,Yes,Yes,Yes,No,Month-to-month,Yes,Credit card (automatic),118.6,5199.83,Yes
7932-IVPZ,Female,0,Yes,Yes,71,Yes,Yes,Fiber optic,No,Yes,Yes,No,No,No,Two year,Yes,Bank transfer (automatic),109.77,7792.54,No
9382-MDXI,Male,0,No,No,68,Yes,Yes,Fiber optic,Yes,Yes,No,Yes,No,Yes,Month-to-month,Yes,Electronic check,118.75,8072.88,No
3521-UROO,Female,0,No,Yes,63,Yes,Yes,Fiber optic,No,No,No,Yes,No,No,Month-to-month,No,Electronic check,98.24,6217.52,No
1027-HUQX,Male,0,Yes,No,9,Yes,Yes,DSL,Yes,Yes,No,No,No,No,Month-to-month,No,Bank transfer (automatic),78.84,676.14,Yes
2264-XZRD,Male,0,No,Yes,66,Yes,No,No,No internet service,No internet service,No internet service,No internet service,No internet service,No internet service,Month-to-month,No,Electronic check,33.47,2223.57,No
4870-OBBJ,Female,1,No,Yes,10,Yes,Yes,DSL,No,No,No,No,No,No,Month-to-month,Yes,Mailed check,74.85,699.77,Yes
2218-HTGL,Female,0,Yes,No,27,Yes,No,No,No internet service,No internet service,No internet service,No internet service,No internet service,No internet service,Month-to-month,No,Credit card (automatic),33.15,892.37,No
5443-ONPN,Male,0,Yes,No,4,Yes,Yes,Fiber optic,No,No,Yes,No,No,No,Month-to-month,Yes,Credit card (automatic),96.49,387.0,Yes
7274-RVFQ,Male,1,No,No,11,Yes,Yes,Fiber optic,Yes,Yes,No,Yes,No,No,Month-to-month,Yes,Electronic check,114.57,1300.92,Yes
6965-NTMC,Female,0,Yes,No,43,Yes,Yes,Fiber optic,No,No,No,Yes,No,Yes,Month-to-month,No,Bank transfer (automatic),106.77,4578.21,Yes
2196-XBIM,Female,0,Yes,No,28,Yes,No,DSL,No,No,Yes,No,Yes,No,Month-to-month,Yes,Bank transfer (automatic),78.8,2216.91,No
1535-CMDR,Male,0,Yes,No,35,Yes,No,Fiber optic,No,No,No,No,Yes,No,Month-to-month,Yes,Electronic check,84.76,2950.97,Yes
1949-UOQJ,Female,0,Yes,No,34,Yes,Yes,No,No internet service,No internet service,No internet service,No internet service,No internet service,No internet service,Month-to-month,No,Electronic check,49.04,1663.83,No
5224-FCSG,Female,0,No,No,7,Yes,Yes,No,No internet service,No internet service,No internet service,No internet service,No internet service,No internet service,Month-to-month,Yes,Electronic check,47.63,309.83,Yes
2836-MQAN,Male,1,No,Yes,15,Yes,No,Fiber optic,No,No,Yes,No,Yes,No,Month-to-month,Yes,Credit card (automatic),97.11,1437.92,Yes
1348-ZCNX,Female,0,No,No,42,Yes,No,Fiber optic,No,No,No,No,No,No,One year,No,Credit card (automatic),74.65,3167.84,No
6696-PJMD,Male,0,Yes,No,68,Yes,No,Fiber optic,No,No,Yes,Yes,Yes,No,Two year,Yes,Electronic check,101.34,6901.81,No
8309-DJHW,Female,0,No,No,15,Yes,No,DSL,Yes,Yes,No,Yes,Yes,Yes,Two year,No,Credit card (automatic),103.63,1557.83,No
4682-WGJC,Male,0,No,Yes,55,Yes,No,No,No internet service,No internet service,No internet service,No internet service,No internet service,No internet service,One year,Yes,Bank transfer (automatic),36.13,2017.13,No
3894-IOQG,Male,0,No,No,40,Yes,No,Fiber optic,Yes,Yes,Yes,Yes,No,No,Two year,No,Mailed check,110.92,4435.17,No
2681-ORXW,Male,0,Yes,No,7,Yes,Yes,Fiber optic,No,Yes,No,Yes,No,No,Month-to-month,No,Mailed check,102.44,742.96,Yes
7283-WUZH,Male,0,Yes,No,53,Yes,Yes,Fiber optic,Yes,No,Yes,No,Yes,Yes,One year,Yes,Bank transfer (automatic),118.75,6314.08,No
4037-BBEA,Male,0,No,No,4,Yes,No,DSL,Yes,Yes,Yes,Yes,Yes,No,Two year,Yes,Mailed check,106.04,422.98,No
2781-DFWM,Female,0,Yes,No,8,Yes,Yes,Fiber optic,No,No,Yes,No,Yes,Yes,One year,No,Mailed check,117.58,945.71,No
8551-KMHG,Female,1,No,No,65,Yes,Yes,DSL,No,No,No,Yes,Yes,No,Month-to-month,No,Electronic check,85.1,5564.24,No
2164-AFGP,Male,0,No,No,70,Yes,Yes,DSL,Yes,Yes,No,No,No,No,Two year,Yes,Bank transfer (automatic),84.38,5868.5,No
7653-OTBZ,Male,0,Yes,No,29,Yes,No,DSL,Yes,No,No,No,Yes,Yes,Month-to-month,No,Electronic check,93.12,2687.8,Yes
1888-WPQX,Male,0,No,Yes,64,Yes,No,Fiber optic,Yes,Yes,No,No,Yes,No,Month-to-month,Yes,Credit card (automatic),107.69,6888.47,No
4022-CDLE,Male,0,Yes,Yes,29,Yes,Yes,Fiber optic,No,Yes,No,Yes,Yes,Yes,Two year,No,Bank transfer (automatic),118.75,3430.65,No
3064-FJVR,Male,0,No,No,46,Yes,No,DSL,No,No,No,Yes,Yes,No,Month-to-month,Yes,Mailed check,77.89,3583.76,No
2242-JFXF,Female,0,No,Yes,30,Yes,Yes,DSL,Yes,Yes,No,Yes,No,Yes,One year,Yes,Bank transfer (automatic),105.51,3148.23,No
4395-YPVX,Male,1,No,No,59,Yes,No,Fiber optic,Yes,No,Yes,No,No,No,Two year,No,Credit card (automatic),98.49,5810.76,No
9039-GSZQ,Female,0,No,No,8,Yes,No,No,No internet service,No internet service,No internet service,No internet service,No internet service,No internet service,Month-to-month,Yes,Mailed check,34.81,266.3,No
2268-MOZZ,Male,1,No,No,53,Yes,Yes,DSL,No,Yes,No,No,No,No,One year,Yes,Bank transfer (automatic),76.41,4066.35,No
2310-BJMR,Male,1,No,Yes,60,Yes,No,Fiber optic,Yes,No,Yes,No,No,Yes,Month-to-month,Yes,Electronic check,107.17,6453.49,Yes
1477-WKMS,Female,0,No,No,63,Yes,Yes,No,No internet service,No internet service,No internet service,No internet service,No internet service,No internet service,One year,No,Electronic check,44.53,2831.92,No
1508-XYXV,Male,0,Yes,No,5,Yes,Yes,Fiber optic,No,No,No,No,No,No,Month-to-month,Yes,Electronic check,86.86,432.44,Yes
8300-CSWM,Male,0,Yes,No,44,No,No phone service,DSL,Yes,Yes,No,No,Yes,No,Two year,No,Mailed check,70.74,3072.62,No
9909-FVIQ,Female,0,No,No,64,No,No phone service,No,No internet service,No internet service,No internet service,No internet service,No internet service,No internet service,Two year,Yes,Credit card (automatic),18.25,1170.01,No
9103-ZMEV,Female,1,Yes,Yes,36,Yes,Yes,No,No internet service,No internet service,No internet service,No internet service,No internet service,No internet service,Two year,Yes,Electronic check,41.65,1466.81,No
4669-QCFN,Male,0,No,No,72,Yes,No,DSL,No,Yes,Yes,Yes,Yes,Yes,One year,Yes,Bank transfer (automatic),102.54,7404.11,No
2454-NKKI,Female,0,No,No,16,Yes,No,DSL,No,Yes,Yes,No,No,No,Month-to-month,Yes,Credit card (automatic),78.24,1256.63,No
8973-OLFA,Male,0,Yes,Yes,24,Yes,No,DSL,No,No,No,Yes,Yes,No,Month-to-month,Yes,Mailed check,75.71,1811.61,No
1792-PTOB,Female,0,Yes,No,49,Yes,No,DSL,Yes,Yes,Yes,Yes,Yes,No,Month-to-month,Yes,Bank transfer (automatic),111.15,5438.77,No
3690-CEQW,Male,0,No,No,70,Yes,No,Fiber optic,Yes,No,No,Yes,No,No,Month-to-month,No,Credit card (automatic),98.39,6900.06,No
2648-TFAG,Female,0,No,Yes,30,Yes,No,DSL,No,No,Yes,No,No,Yes,One year,Yes,Bank transfer (automatic),72.89,2168.78,No
6171-VKWN,Male,0,Yes,No,31,Yes,Yes,DSL,No,Yes,Yes,Yes,No,No,Month-to-month,No,Credit card (automatic),90.06,2787.41,No
4852-TZYI,Female,0,No,No,47,Yes,Yes,Fiber optic,Yes,No,No,No,No,No,Month-to-month,Yes,Electronic check,100.48,4700.28,Yes
7184-PLJF,Female,1,No,No,16,Yes,No,Fiber optic,Yes,Yes,Yes,Yes,No,Yes,Month-to-month,Yes,Electronic check,118.75,1906.21,Yes
1978-FBOQ,Male,0,No,Yes,60,Yes,No,No,No internet service,No internet service,No internet service,No internet service,No internet service,No internet service,Month-to-month,Yes,Electronic check,31.91,1915.04,No
6129-JRJI,Male,1,No,No,56,Yes,No,No,No internet service,No internet service,No internet service,No internet service,No internet service,No internet service,Month-to-month,No,Credit card (automatic),31.99,1781.35,No
3455-SADX,Male,0,Yes,No,56,Yes,No,DSL,No,Yes,Yes,No,No,No,Month-to-month,Yes,Mailed check,73.62,4098.84,No
4266-JLRW,Female,0,No,Yes,69,No,No phone service,No,No internet service,No internet service,No internet service,No internet service,No internet service,No internet service,Month-to-month,No,Mailed check,19.82,1374.08,No
6253-UBJB,Male,0,Yes,No,32,Yes,Yes,DSL,No,Yes,No,No,No,No,Month-to-month,Yes,Credit card (automatic),78.6,2545.84,No
3589-IJBH,Male,0,Yes,No,18,Yes,Yes,Fiber optic,No,Yes,No,No,Yes,No,Month-to-month,Yes,Credit card (automatic),106.43,1927.03,Yes
4415-QQDR,Female,0,Yes,No,14,Yes,No,DSL,No,Yes,No,No,Yes,Yes,Month-to-month,No,Mailed check,83.74,1171.05,No
7878-QISN,Female,0,Yes,No,34,Yes,No,No,No internet service,No internet service,No internet service,No internet service,No internet service,No internet service,Month-to-month,Yes,Bank transfer (automatic),34.5,1191.38,No
7189-QBHE,Male,1,No,No,48,Yes,Yes,Fiber optic,Yes,No,No,No,Yes,No,Two year,Yes,Mailed check,113.53,5436.38,No
2146-GVPP,Male,0,Yes,Yes,35,Yes,No,Fiber optic,No,Yes,Yes,No,No,Yes,Month-to-month,No,Electronic check,106.91,3723.71,Yes
1592-VGTH,Female,1,No,No,53,Yes,Yes,DSL,Yes,No,Yes,No,No,Yes,Month-to-month,No,Mailed check,96.44,5091.04,No
2238-KORF,Female,0,No,No,35,No,No phone service,DSL,Yes,Yes,Yes,No,Yes,No,One year,No,Bank transfer (automatic),76.1,2649.02,No
4598-WFRX,Male,1,No,Yes,52,No,No phone service,Fiber optic,No,Yes,Yes,No,No,No,Month-to-month,No,Electronic check,80.01,4160.23,Yes
2502-TIHN,Female,0,No,Yes,59,Yes,No,Fiber optic,Yes,Yes,No,Yes,Yes,No,Two year,No,Electronic check,115.28,6842.26,No
3354-HBYD,Female,0,No,No,43,Yes,No,Fiber optic,Yes,Yes,Yes,No,No,Yes,Month-to-month,No,Electronic check,114.24,4949.0,Yes
5126-FCCS,Male,0,Yes,No,32,Yes,No,Fiber optic,No,Yes,Yes,No,No,No,One year,Yes,Credit card (automatic),99.01,3177.83,No
6916-JLNR,Male,1,No,No,43,Yes,No,DSL,No,No,No,No,No,No,Month-to-month,No,Bank transfer (automatic),62.96,2712.4,No
4528-OXZC,Male,0,Yes,No,54,Yes,Yes,No,No internet service,No internet service,No internet service,No internet service,No internet service,No internet service,One year,Yes,Electronic check,46.8,2539.89,No
6578-JRDM,Female,0,No,Yes,43,Yes,Yes,DSL,No,No,Yes,No,No,Yes,Two year,Yes,Bank transfer (automatic),83.27,3595.06,No
7013-FUMY,Male,0,Yes,No,50,Yes,Yes,DSL,No,Yes,No,Yes,No,No,Two year,Yes,Credit card (automatic),88.35,4402.49,No
5441-TETN,Female,0,No,Yes,50,Yes,No,Fiber optic,No,No,No,Yes,No,No,One year,Yes,Mailed check,88.74,4413.29,No
6484-NHPM,Female,1,Yes,No,6,Yes,Yes,Fiber optic,No,No,No,No,Yes,No,Month-to-month,No,Electronic check,103.47,615.97,Yes
9983-OSAV,Female,0,Yes,Yes,0,Yes,Yes,DSL,No,No,No,Yes,Yes,Yes,Two year,Yes,Electronic check,101.27, ,No
6170-HCWZ,Female,0,No,No,12,Yes,Yes,Fiber optic,Yes,No,Yes,No,Yes,Yes,Two year,Yes,Bank transfer (automatic),118.75,1406.85,No
7349-ZIHQ,Male,0,No,No,72,Yes,Yes,No,No internet service,No internet service,No internet service,No internet service,No internet service,No internet service,Month-to-month,Yes,Electronic check,42.73,3085.15,No
6430-WXPJ,Female,1,Yes,No,47,Yes,No,Fiber optic,Yes,Yes,No,Yes,No,Yes,Two year,Yes,Electronic check,112.88,5245.98,No
3569-YYXF,Male,1,No,No,46,Yes,Yes,DSL,No,No,Yes,No,No,No,Month-to-month,Yes,Credit card (automatic),79.86,3675.75,No
1112-POVN,Female,0,Yes,Yes,46,Yes,No,DSL,No,Yes,No,No,No,No,Month-to-month,No,Bank transfer (automatic),67.58,3130.63,No
2987-DBKD,Female,0,No,No,9,Yes,Yes,DSL,No,Yes,No,No,No,No,Two year,Yes,Electronic check,77.02,662.35,No
1252-UPUD,Male,0,No,Yes,25,Yes,No,DSL,No,No,No,Yes,Yes,No,Two year,Yes,Credit card (automatic),76.25,1872.13,No
4389-ZXSB,Male,0,Yes,No,49,Yes,No,DSL,Yes,No,Yes,Yes,Yes,No,One year,No,Electronic check,93.06,4560.03,No
9632-MRPP,Male,0,Yes,Yes,46,Yes,No,Fiber optic,No,No,Yes,Yes,Yes,Yes,Two year,Yes,Mailed check,118.75,5462.7,No
6112-JIKY,Male,0,Yes,No,43,No,No phone service,DSL,No,Yes,No,No,Yes,No,Month-to-month,No,Electronic check,61.73,2657.67,Yes
3777-ZDJC,Male,0,Yes,No,0,Yes,Yes,Fiber optic,No,No,Yes,No,No,No,One year,Yes,Credit card (automatic),97.46, ,No
4493-CICR,Male,0,No,Yes,62,Yes,No,Fiber optic,Yes,Yes,No,No,No,No,Month-to-month,Yes,Credit card (automatic),92.46,5723.35,No
8015-VHOM,Female,0,No,No,16,Yes,No,No,No internet service,No internet service,No internet service,No internet service,No internet service,No internet service,One year,Yes,Credit card (automatic),35.18,547.01,No
2222-SHJQ,Male,0,No,No,16,Yes,Yes,DSL,No,No,No,No,No,Yes,Month-to-month,Yes,Bank transfer (automatic),83.56,1340.79,No
8872-MZMX,Female,0,Yes,No,38,Yes,Yes,Fiber optic,No,Yes,Yes,No,No,No,Month-to-month,No,Bank transfer (automatic),102.82,3885.09,Yes
2705-FEBK,Female,0,No,No,42,Yes,Yes,DSL,Yes,Yes,No,No,Yes,No,One year,No,Electronic check,97.95,4104.64,No
5325-HIIH,Male,0,Yes,Yes,40,Yes,No,No,No internet service,No internet service,No internet service,No internet service,No internet service,No internet service,Two year,Yes,Mailed check,35.36,1393.09,No
6479-CMSB,Female,0,No,Yes,14,Yes,No,Fiber optic,Yes,No,Yes,No,Yes,No,One year,Yes,Mailed check,106.29,1470.94,No
6168-PDRN,Female,1,Yes,Yes,0,Yes,Yes,No,No internet service,No internet service,No internet service,No internet service,No internet service,No internet service,Month-to-month,No,Electronic check,50.37, ,Yes
6277-BMUT,Male,0,No,No,57,Yes,Yes,Fiber optic,No,Yes,Yes,Yes,Yes,Yes,One year,No,Electronic check,118.75,6725.89,No
4742-OYTE,Male,0,Yes,No,53,Yes,No,No,No internet service,No internet service,No internet service,No internet service,No internet service,No internet service,Month-to-month,No,Bank transfer (automatic),34.57,1837.01,No
8814-RXKR,Female,0,No,No,4,Yes,Yes,DSL,No,Yes,No,Yes,No,Yes,One year,No,Electronic check,96.84,416.7,No
9036-MRBT,Male,0,Yes,No,61,Yes,No,Fiber optic,No,No,Yes,No,No,Yes,Month-to-month,Yes,Electronic check,96.89,5941.36,Yes
5675-MXPF,Male,0,No,Yes,70,Yes,No,DSL,No,No,No,Yes,No,No,Month-to-month,No,Electronic check,71.62,5003.11,No
9697-HPMW,Female,0,No,No,45,Yes,No,Fiber optic,Yes,No,No,Yes,No,No,Month-to-month,Yes,Credit card (automatic),95.29,4287.16,Yes
1732-ZDBI,Male,0,No,No,64,Yes,Yes,No,No internet service,No internet service,No internet service,No internet service,No internet service,No internet service,Two year,Yes,Credit card (automatic),45.6,2927.49,No
4335-ZOIQ,Male,0,No,No,27,Yes,No,DSL,Yes,No,No,No,No,No,Two year,Yes,Electronic check,69.4,1863.66,No
3753-FEQB,Male,1,Yes,No,40,Yes,Yes,DSL,No,No,Yes,No,No,Yes,Month-to-month,Yes,Credit card (automatic),84.89,3368.7,No
1063-JJFL,Female,0,Yes,Yes,22,Yes,Yes,DSL,No,No,No,Yes,Yes,No,Month-to-month,Yes,Credit card (automatic),87.4,1927.6,No
4088-MTPJ,Female,0,No,Yes,31,Yes,No,Fiber optic,No,No,Yes,No,No,Yes,Month-to-month,Yes,Mailed check,96.95,2992.96,Yes
6594-UBBW,Male,0,Yes,No,57,No,No phone service,Fiber optic,No,No,Yes,Yes,Yes,No,Month-to-month,No,Electronic check,94.82,5411.54,No
5806-FALM,Male,0,No,Yes,38,Yes,No,DSL,Yes,No,No,Yes,Yes,No,Month-to-month,Yes,Electronic check,85.21,3245.67,No
4659-SIJQ,Male,0,No,No,32,Yes,No,DSL,Yes,Yes,No,Yes,No,Yes,Two year,Yes,Mailed check,96.11,3056.29,No
8592-JLOO,Female,0,Yes,No,57,Yes,Yes,Fiber optic,Yes,No,No,No,No,No,Month-to-month,Yes,Bank transfer (automatic),99.72,5696.9,No
9219-DDWA,Female,0,No,No,31,No,No phone service,Fiber optic,Yes,No,Yes,No,Yes,Yes,Two year,No,Credit card (automatic),98.67,3037.34,No
9441-LYBO,Male,0,No,No,49,No,No phone service,Fiber optic,No,Yes,No,No,No,No,Month-to-month,Yes,Electronic check,72.2,3556.94,No
1891-UZND,Male,0,No,No,50,Yes,No,Fiber optic,No,No,No,No,No,Yes,One year,No,Mailed check,88.48,4414.47,No
5548-AAUF,Female,0,No,No,18,Yes,Yes,Fiber optic,Yes,Yes,No,No,No,Yes,Month-to-month,No,Bank transfer (automatic),115.77,2078.36,Yes
3340-BYUE,Male,0,Yes,No,2,Yes,No,DSL,No,Yes,Yes,No,No,Yes,One year,No,Bank transfer (automatic),88.45,157.08,No
8848-SUOM,Male,0,No,No,16,Yes,No,No,No internet service,No internet service,No internet service,No internet service,No internet service,No internet service,One year,Yes,Mailed check,36.19,578.03,No
4137-DRUJ,Female,0,Yes,No,42,Yes,No,Fiber optic,No,No,No,No,Yes,Yes,Two year,Yes,Electronic check,103.81,4344.5,No
5313-ONYJ,Male,0,No,No,28,Yes,No,DSL,Yes,No,Yes,Yes,No,No,Month-to-month,Yes,Mailed check,79.18,2204.36,No
8911-YOMH,Male,0,Yes,No,43,No,No phone service,No,No internet service,No internet service,No internet service,No internet service,No internet service,No internet service,One year,Yes,Mailed check,19.27,816.72,No
1916-UVNA,Female,1,Yes,Yes,51,Yes,No,No,No internet service,No internet service,No internet service,No internet service,No internet service,No internet service,Month-to-month,Yes,Bank transfer (automatic),34.83,1797.38,No
2836-HRVI,Male,0,No,No,27,Yes,No,DSL,No,No,No,No,No,No,Two year,Yes,Electronic check,61.89,1702.44,No
3732-CRJE,Female,0,Yes,No,33,Yes,Yes,Fiber optic,No,Yes,Yes,No,Yes,Yes,Month-to-month,No,Electronic check,118.75,3929.59,Yes
4354-YFHX,Female,0,No,No,53,Yes,No,DSL,No,No,Yes,Yes,Yes,No,Month-to-month,Yes,Electronic check,91.74,4846.04,No
8014-URNO,Female,0,Yes,Yes,1,Yes,No,Fiber optic,No,No,No,Yes,No,No,One year,Yes,Electronic check,87.94,89.88,No
4481-ULGG,Male,0,Yes,No,16,Yes,No,No,No internet service,No internet service,No internet service,No internet service,No internet service,No internet service,Month-to-month,Yes,Bank transfer (automatic),34.09,553.26,No
1159-MORG,Male,0,Yes,No,17,Yes,No,No,No internet service,No internet service,No internet service,No internet service,No internet service,No internet service,Month-to-month,Yes,Electronic check,35.68,595.02,No
8749-WKHT,Male,0,Yes,No,27,Yes,No,Fiber optic,No,No,Yes,No,No,No,Month-to-month,No,Bank transfer (automatic),90.1,2461.11,Yes
5999-SCEC,Male,0,No,No,27,Yes,Yes,DSL,No,No,Yes,No,Yes,No,Two year,No,Mailed check,88.15,2369.78,No
4405-UOXQ,Female,0,No,Yes,51,Yes,Yes,Fiber optic,Yes,Yes,Yes,No,No,Yes,Month-to-month,No,Credit card (automatic),118.75,6017.78,No
6848-BNKM,Female,1,Yes,No,15,Yes,Yes,DSL,Yes,No,No,Yes,Yes,No,Two year,No,Credit card (automatic),97.96,1470.77,No
7558-YGJX,Female,0,Yes,No,32,Yes,No,No,No internet service,No internet service,No internet service,No internet service,No internet service,No internet service,Two year,Yes,Credit card (automatic),30.17,986.57,No
4747-RFBC,Male,1,Yes,Yes,4,Yes,No,Fiber optic,Yes,Yes,No,No,No,Yes,Month-to-month,Yes,Mailed check,108.49,448.79,Yes
2607-PSRF,Female,0,Yes,No,44,Yes,No,No,No internet service,No internet service,No internet service,No internet service,No internet service,No internet service,Month-to-month,Yes,Credit card (automatic),33.55,1460.11,No
7733-CPAL,Female,0,No,No,36,Yes,Yes,Fiber optic,No,No,Yes,No,Yes,No,Month-to-month,Yes,Electronic check,104.42,3801.54,Yes
8645-NSVS,Male,1,No,No,51,Yes,No,Fiber optic,No,No,Yes,Yes,Yes,No,One year,Yes,Electronic check,104.85,5308.76,No
5166-NERI,Male,1,No,No,63,Yes,No,DSL,No,Yes,No,No,No,No,Month-to-month,No,Electronic check,68.89,4321.27,No
1771-YQLF,Female,0,No,No,61,Yes,Yes,DSL,Yes,No,No,No,Yes,Yes,Month-to-month,Yes,Credit card (automatic),94.68,5762.99,No
6713-HUOC,Male,1,No,No,4,Yes,Yes,Fiber optic,No,No,Yes,No,Yes,No,Month-to-month,Yes,Electronic check,103.92,408.81,Yes
2217-XWIH,Male,0,No,Yes,10,Yes,No,Fiber optic,No,Yes,No,Yes,No,Yes,Month-to-month,Yes,Electronic check,107.72,1078.08,Yes
3042-DBNB,Male,0,Yes,Yes,2,Yes,No,No,No internet service,No internet service,No internet service,No internet service,No internet service,No internet service,One year,Yes,Credit card (automatic),31.26,32.73,No
3977-VGLF,Female,0,No,No,50,Yes,No,No,No internet service,No internet service,No internet service,No internet service,No internet service,No internet service,Month-to-month,No,Mailed check,36.23,1805.23,No
9722-MTUW,Female,0,No,No,59,Yes,No,No,No internet service,No internet service,No internet service,No internet service,No internet service,No internet service,One year,No,Electronic check,33.58,1993.86,No
4805-YBHS,Female,0,Yes,No,65,Yes,No,No,No internet service,No internet service,No internet service,No internet service,No internet service,No internet service,Month-to-month,No,Electronic check,39.62,2577.88,No
6147-DPSJ,Female,0,No,No,56,No,No phone service,No,No internet service,No internet service,No internet service,No internet service,No internet service,No internet service,Month-to-month,Yes,Bank transfer (automatic),18.25,1021.9,No
3223-JMIG,Female,0,No,No,16,Yes,No,DSL,No,Yes,Yes,Yes,Yes,No,Month-to-month,Yes,Electronic check,98.81,1598.46,No
2123-SZDS,Female,0,No,No,2,Yes,No,Fiber optic,No,Yes,No,No,Yes,Yes,Two year,No,Mailed check,104.39,194.86,No
3623-SLMY,Female,0,Yes,No,2,Yes,No,DSL,No,No,No,Yes,No,No,Month-to-month,No,Credit card (automatic),67.53,135.35,No
1739-YJUG,Female,0,No,No,39,Yes,No,Fiber optic,No,Yes,No,Yes,No,Yes,Month-to-month,No,Electronic check,106.21,4145.56,Yes
2949-EQRK,Male,0,No,No,62,Yes,No,Fiber optic,Yes,Yes,No,Yes,No,No,Month-to-month,Yes,Electronic check,105.06,6476.31,No
6230-UVGR,Male,0,Yes,Yes,50,Yes,No,Fiber optic,No,No,Yes,Yes,No,No,Two year,No,Electronic check,92.16,4558.46,No
9697-YFRP,Female,0,No,Yes,0,Yes,No,Fiber optic,No,No,Yes,No,No,No,Two year,No,Electronic check,88.96, ,No
1256-YZKT,Male,0,No,No,50,Yes,No,DSL,No,No,No,No,Yes,No,One year,No,Credit card (automatic),71.32,3590.34,No
8076-PWAS,Male,0,Yes,No,3,Yes,Yes,Fiber optic,No,No,No,Yes,Yes,No,One year,No,Electronic check,111.51,355.32,No
9642-BXEQ,Female,0,No,No,3,Yes,Yes,DSL,No,No,Yes,No,No,No,Month-to-month,No,Electronic check,77.5,236.88,Yes
9273-AOVI,Female,1,Yes,No,46,Yes,No,DSL,Yes,No,Yes,No,No,No,One year,No,Bank transfer (automatic),76.44,3495.75,No
7426-WEMS,Female,0,No,Yes,38,Yes,Yes,Fiber optic,No,Yes,No,No,No,Yes,Month-to-month,No,Electronic check,107.74,4117.04,Yes
3935-JTYU,Male,0,No,No,48,Yes,No,Fiber optic,No,Yes,No,No,Yes,No,Two year,No,Electronic check,97.91,4667.0,No
1461-VUZL,Male,0,No,Yes,56,Yes,No,DSL,Yes,Yes,Yes,Yes,No,No,Month-to-month,Yes,Mailed check,91.71,5147.5,No
6830-QRGX,Female,0,Yes,Yes,38,Yes,Yes,DSL,Yes,No,No,No,Yes,No,Two year,Yes,Electronic check,86.85,3295.76,No
9127-TFKL,Female,0,No,No,67,Yes,No,Fiber optic,Yes,No,No,No,Yes,Yes,Month-to-month,Yes,Electronic check,110.96,7422.77,Yes
2586-KPWL,Male,1,No,No,16,Yes,Yes,Fiber optic,No,Yes,No,No,No,Yes,Month-to-month,No,Mailed check,107.45,1702.64,Yes
8975-CBFP,Female,0,Yes,No,14,No,No phone service,DSL,Yes,Yes,Yes,Yes,No,No,Two year,No,Electronic check,79.19,1109.59,No
6527-ONBT,Female,0,No,No,27,Yes,Yes,DSL,Yes,No,Yes,Yes,No,No,Two year,Yes,Mailed check,96.79,2578.62,No
6073-BATB,Male,0,Yes,No,15,No,No phone service,Fiber optic,No,Yes,No,No,Yes,No,Month-to-month,Yes,Bank transfer (automatic),81.28,1232.49,Yes
6416-IPKW,Male,0,Yes,No,5,Yes,No,DSL,Yes,No,Yes,No,Yes,Yes,Month-to-month,Yes,Electronic check,96.44,494.36,Yes
7315-CLWA,Female,1,No,No,31,Yes,Yes,DSL,No,No,Yes,No,No,No,Month-to-month,No,Bank transfer (automatic),78.2,2422.66,No
3728-TVFK,Male,0,No,No,24,Yes,Yes,DSL,Yes,Yes,No,No,Yes,Yes,One year,Yes,Electronic check,107.12,2583.25,No
1131-JSFA,Male,0,No,No,38,No,No phone service,DSL,No,No,No,No,No,No,Month-to-month,No,Credit card (automatic),41.1,1564.03,No
4685-QSAO,Female,0,Yes,Yes,16,Yes,No,Fiber optic,Yes,No,No,Yes,No,No,Two year,Yes,Electronic check,93.13,1480.27,No
6356-UCBC,Female,0,Yes,No,45,Yes,Yes,DSL,No,No,No,Yes,No,No,Two year,Yes,Credit card (automatic),77.09,3458.12,No
7586-PXMS,Female,0,No,No,52,Yes,Yes,Fiber optic,No,No,Yes,Yes,Yes,No,One year,No,Electronic check,115.03,5970.53,No
7970-RULL,Female,0,Yes,No,50,Yes,Yes,Fiber optic,No,Yes,Yes,Yes,No,Yes,Two year,Yes,Bank transfer (automatic),118.75,5939.27,No
2235-HQUT,Female,0,Yes,Yes,17,No,No phone service,Fiber optic,Yes,No,No,No,Yes,No,Month-to-month,Yes,Electronic check,79.8,1361.6,Yes
6557-GIQJ,Female,0,No,No,19,Yes,Yes,Fiber optic,No,No,Yes,Yes,Yes,No,Month-to-month,Yes,Electronic check,112.45,2128.83,Yes
4683-VZGG,Female,0,No,No,4,Yes,No,No,No internet service,No internet service,No internet service,No internet service,No internet service,No internet service,Month-to-month,No,Mailed check,34.32,158.39,No
2853-ZXXH,Male,1,Yes,No,61,Yes,Yes,Fiber optic,No,No,No,Yes,No,Yes,Two year,Yes,Mailed check,111.53,6819.72,No
7895-LOHV,Female,0,Yes,Yes,11,Yes,Yes,DSL,Yes,Yes,No,Yes,No,Yes,One year,No,Electronic check,108.3,1221.52,No
1862-POXD,Male,0,No,No,29,Yes,No,Fiber optic,No,No,No,Yes,No,Yes,One year,Yes,Electronic check,95.62,2816.95,No
4795-PJKZ,Female,0,No,No,15,No,No phone service,Fiber optic,Yes,Yes,Yes,No,No,Yes,Two year,Yes,Credit card (automatic),102.79,1533.38,No
2162-MOFP,Female,0,Yes,No,1,Yes,Yes,No,No internet service,No internet service,No internet service,No internet service,No internet service,No internet service,One year,No,Mailed check,43.71,45.07,No
4086-KTBB,Female,0,No,No,2,Yes,No,Fiber optic,No,Yes,No,Yes,Yes,No,Month-to-month,Yes,Electronic check,105.9,196.67,Yes
2359-SBQN,Female,0,Yes,No,7,Yes,Yes,DSL,No,Yes,No,No,Yes,Yes,Two year,Yes,Electronic check,103.08,748.85,No
1471-PEJQ,Female,0,No,Yes,36,No,No phone service,DSL,Yes,Yes,No,Yes,No,No,Two year,Yes,Electronic check,68.73,2479.55,No
4948-PIXD,Female,0,Yes,Yes,52,Yes,No,Fiber optic,No,No,Yes,No,Yes,No,Two year,No,Electronic check,95.5,4969.14,No
7172-ZPWK,Male,0,No,No,54,Yes,No,No,No internet service,No internet service,No internet service,No internet service,No internet service,No internet service,One year,Yes,Mailed check,35.1,1883.67,No
7448-VMDN,Female,0,No,No,48,No,No phone service,DSL,Yes,No,No,Yes,No,No,Month-to-month,No,Mailed check,60.62,2894.02,No
8354-LBZW,Female,0,No,No,58,Yes,No,Fiber optic,No,Yes,No,No,No,No,Month-to-month,Yes,Bank transfer (automatic),84.69,4942.78,No
4912-EHUN,Female,0,No,Yes,59,Yes,Yes,Fiber optic,Yes,Yes,Yes,Yes,No,No,Month-to-month,No,Bank transfer (automatic),118.75,6995.92,No
9582-ICNQ,Male,1,Yes,No,45,Yes,Yes,Fiber optic,No,No,Yes,No,Yes,No,One year,No,Electronic check,108.51,4892.23,No
6617-LVNZ,Male,0,No,No,62,Yes,Yes,DSL,Yes,No,No,Yes,No,No,One year,Yes,Mailed check,89.13,5487.26,No
6305-MNIS,Female,0,Yes,No,31,No,No phone service,No,No internet service,No internet service,No internet service,No internet service,No internet service,No internet service,One year,No,Bank transfer (automatic),21.53,639.0,No
1842-QBSG,Female,0,Yes,Yes,65,Yes,No,Fiber optic,No,No,No,No,Yes,Yes,Month-to-month,Yes,Mailed check,101.09,6590.09,No
7097-MERW,Female,0,Yes,No,3,Yes,No,No,No internet service,No internet service,No internet service,No internet service,No internet service,No internet service,Two year,No,Bank transfer (automatic),30.95,99.07,No
6020-POHZ,Female,0,No,No,28,Yes,Yes,DSL,No,No,No,No,Yes,No,Month-to-month,Yes,Bank transfer (automatic),77.72,2169.53,No
5864-QONN,Female,0,Yes,Yes,48,Yes,No,Fiber optic,No,No,Yes,No,Yes,Yes,One year,Yes,Electronic check,107.3,5165.83,No
1105-BFQE,Male,0,No,No,22,Yes,Yes,DSL,Yes,No,No,Yes,No,No,Month-to-month,Yes,Electronic check,86.81,1925.92,No
6918-EOOT,Female,0,No,No,2,Yes,No,DSL,No,No,No,Yes,No,No,One year,Yes,Mailed check,70.76,123.85,No
5074-EAKK,Male,1,No,No,53,Yes,No,No,No internet service,No internet service,No internet service,No internet service,No internet service,No internet service,Month-to-month,Yes,Mailed check,34.19,1821.46,No
8621-WHBO,Male,0,No,No,20,Yes,Yes,DSL,No,Yes,No,Yes,Yes,Yes,Month-to-month,No,Credit card (automatic),108.69,2187.63,No
1942-HPNO,Female,0,Yes,No,43,Yes,Yes,DSL,No,No,Yes,No,Yes,Yes,Month-to-month,Yes,Credit card (automatic),98.57,4265.35,No
3106-FHTR,Male,0,Yes,No,19,Yes,Yes,Fiber optic,No,No,No,No,No,Yes,Month-to-month,Yes,Electronic check,101.24,1919.07,Yes
2375-ZQUP,Female,0,No,Yes,56,Yes,No,Fiber optic,Yes,No,Yes,Yes,No,No,Month-to-month,Yes,Electronic check,100.33,5635.32,No
3348-VDDU,Male,0,Yes,Yes,68,Yes,Yes,Fiber optic,Yes,Yes,No,Yes,No,Yes,Month-to-month,Yes,Bank transfer (automatic),118.75,8067.61,No
1479-EPNN,Female,0,Yes,Yes,70,Yes,Yes,DSL,No,No,Yes,No,No,No,One year,Yes,Electronic check,79.84,5612.47,No
1087-YNSC,Female,0,Yes,No,51,Yes,Yes,No,No internet service,No internet service,No internet service,No internet service,No internet service,No internet service,One year,Yes,Mailed check,46.92,2364.14,No
3640-NJMV,Female,0,Yes,Yes,16,Yes,No,DSL,Yes,Yes,Yes,No,Yes,Yes,Two year,No,Bank transfer (automatic),102.37,1658.38,No
5298-OOXB,Female,0,No,No,65,Yes,Yes,No,No internet service,No internet service,No internet service,No internet service,No internet service,No internet service,Month-to-month,Yes,Electronic check,44.06,2839.3,No
3474-BWEM,Male,1,Yes,No,11,Yes,No,Fiber optic,No,Yes,Yes,No,No,No,Month-to-month,Yes,Electronic check,96.12,1086.13,Yes
6830-GJFT,Male,0,No,No,57,Yes,Yes,DSL,Yes,No,No,No,No,Yes,Month-to-month,No,Credit card (automatic),85.66,4870.18,No
9619-MXKR,Male,1,Yes,No,4,Yes,Yes,DSL,No,No,No,Yes,No,Yes,Month-to-month,Yes,Electronic check,87.48,331.41,Yes
9289-PBSF,Female,1,No,No,71,Yes,Yes,Fiber optic,No,Yes,Yes,No,Yes,No,Month-to-month,Yes,Electronic check,118.75,8457.07,Yes
6376-KRJR,Female,1,No,Yes,55,Yes,No,No,No internet service,No internet service,No internet service,No internet service,No internet service,No internet service,One year,No,Electronic check,35.91,1992.61,No
6885-ASPZ,Male,0,No,No,45,Yes,No,No,No internet service,No internet service,No internet service,No internet service,No internet service,No internet service,Month-to-month,No,Electronic check,34.61,1526.9,No
4238-OAWU,Female,0,Yes,No,71,Yes,No,No,No internet service,No internet service,No internet service,No internet service,No internet service,No internet service,Month-to-month,Yes,Mailed check,40.34,2856.2,No
5321-QYXJ,Female,0,Yes,No,17,Yes,No,Fiber optic,No,No,No,No,No,No,One year,Yes,Credit card (automatic),77.94,1333.33,No
6828-HHEL,Male,0,No,No,43,No,No phone service,Fiber optic,No,Yes,No,No,No,No,One year,Yes,Mailed check,76.25,3254.66,No
7278-MMQD,Female,0,Yes,Yes,42,Yes,No,Fiber optic,Yes,Yes,Yes,No,No,No,One year,No,Bank transfer (automatic),102.26,4293.03,No
1177-JCLA,Male,0,Yes,No,21,Yes,Yes,DSL,No,No,No,No,No,Yes,Two year,No,Credit card (automatic),80.17,1673.94,No
6914-KRMQ,Female,0,No,No,59,Yes,No,DSL,Yes,No,No,Yes,No,No,Month-to-month,Yes,Electronic check,78.31,4636.67,No
4271-TSQB,Female,1,No,Yes,62,Yes,Yes,DSL,No,Yes,Yes,No,No,No,Two year,No,Mailed check,83.7,5174.84,No
9994-CFJX,Male,0,No,No,23,Yes,No,DSL,No,No,Yes,No,No,No,Month-to-month,Yes,Mailed check,59.42,1349.94,No
1693-RRNP,Male,0,No,Yes,64,Yes,No,Fiber optic,Yes,No,No,Yes,Yes,Yes,Month-to-month,Yes,Mailed check,117.56,7506.87,No
8782-AQWY,Male,0,No,No,28,Yes,Yes,Fiber optic,No,Yes,No,Yes,No,No,Month-to-month,Yes,Credit card (automatic),107.25,2982.29,Yes
4044-AUQJ,Male,1,No,No,0,Yes,No,Fiber optic,Yes,Yes,Yes,No,No,Yes,Two year,No,Mailed check,109.69, ,No
5318-LYTY,Male,1,Yes,No,0,Yes,Yes,Fiber optic,No,Yes,No,Yes,Yes,No,One year,Yes,Electronic check,114.14, ,No
3422-POMR,Female,0,No,No,72,No,No phone service,DSL,Yes,Yes,No,No,No,No,One year,Yes,Mailed check,63.89,4593.77,No
6371-TVNR,Male,0,No,Yes,20,Yes,Yes,DSL,No,Yes,No,No,Yes,No,Two year,Yes,Mailed check,82.97,1651.81,No
2486-LIZN,Female,0,Yes,No,27,Yes,Yes,Fiber optic,No,Yes,No,No,No,No,One year,Yes,Bank transfer (automatic),97.85,2613.74,No
4749-JHPC,Female,0,No,No,17,Yes,No,Fiber optic,No,No,No,No,Yes,No,Two year,No,Bank transfer (automatic),85.42,1468.25,No
8055-SIPV,Male,0,Yes,Yes,51,Yes,Yes,Fiber optic,No,No,No,No,Yes,No,Month-to-month,Yes,Credit card (automatic),104.51,5357.54,No
2539-JSMR,Male,0,No,No,65,Yes,Yes,No,No internet service,No internet service,No internet service,No internet service,No internet service,No internet service,One year,Yes,Credit card (automatic),44.16,2867.12,No
5910-DIDP,Female,0,No,Yes,61,Yes,No,Fiber optic,Yes,Yes,No,Yes,No,Yes,Month-to-month,Yes,Bank transfer (automatic),108.79,6633.42,No
3395-UOXB,Male,0,Yes,No,18,No,No phone service,Fiber optic,Yes,Yes,Yes,Yes,Yes,No,Month-to-month,Yes,Credit card (automatic),109.56,1959.94,Yes
1379-NCVW,Male,1,Yes,Yes,1,Yes,No,DSL,No,No,No,No,Yes,Yes,Month-to-month,Yes,Electronic check,85.39,85.39,Yes
3301-AWIQ,Female,0,No,No,69,Yes,Yes,DSL,Yes,No,No,No,Yes,Yes,Month-to-month,No,Mailed check,103.43,7156.31,No
8216-AJWP,Female,0,No,Yes,54,Yes,No,DSL,Yes,No,No,Yes,Yes,No,Month-to-month,No,Mailed check,81.35,4388.14,No
9607-SXYC,Male,0,Yes,No,56,Yes,Yes,Fiber optic,Yes,No,No,Yes,No,Yes,Month-to-month,No,Credit card (automatic),107.93,6049.82,No
8921-GSGE,Female,0,No,No,10,Yes,No,Fiber optic,Yes,Yes,No,Yes,No,No,Month-to-month,Yes,Electronic check,97.89,970.04,Yes
7191-SYOG,Female,0,Yes,No,15,Yes,No,DSL,Yes,No,Yes,No,Yes,No,Two year,Yes,Electronic check,85.84,1293.78,No
2354-JYUW,Female,0,Yes,No,61,Yes,No,No,No internet service,No internet service,No internet service,No internet service,No internet service,No internet service,Two year,No,Electronic check,36.61,2250.05,No
9032-TAHC,Female,0,No,Yes,26,No,No phone service,Fiber optic,Yes,No,No,Yes,No,No,Month-to-month,Yes,Electronic check,75.28,2007.14,Yes
7973-DSKE,Female,0,No,Yes,21,Yes,No,Fiber optic,Yes,No,No,No,No,No,Month-to-month,Yes,Electronic check,91.52,1948.37,Yes
8870-XJXW,Female,0,Yes,No,2,Yes,No,No,No internet service,No internet service,No internet service,No internet service,No internet service,No internet service,One year,No,Mailed check,33.01,43.35,No
8527-MEZZ,Female,1,No,No,2,No,No phone service,DSL,No,Yes,Yes,No,No,No,Month-to-month,Yes,Electronic check,60.06,125.76,Yes
8994-LMVH,Female,0,Yes,No,20,Yes,Yes,Fiber optic,Yes,Yes,No,No,Yes,No,Two year,No,Credit card (automatic),116.69,2344.92,No
1204-AVFK,Female,0,No,No,42,Yes,No,Fiber optic,No,Yes,No,No,No,No,Two year,Yes,Electronic check,91.26,3838.44,No
6740-UTAK,Female,1,Yes,Yes,69,Yes,No,No,No internet service,No internet service,No internet service,No internet service,No internet service,No internet service,Month-to-month,Yes,Bank transfer (automatic),35.35,2426.37,No
5842-HVCS,Male,0,Yes,No,36,No,No phone service,No,No internet service,No internet service,No internet service,No internet service,No internet service,No internet service,Month-to-month,No,Credit card (automatic),21.97,786.95,No
9709-WHEJ,Male,0,Yes,Yes,55,Yes,Yes,DSL,No,Yes,Yes,No,Yes,No,Month-to-month,Yes,Credit card (automatic),90.87,5008.63,No
8147-QFIJ,Male,0,Yes,Yes,38,Yes,No,DSL,Yes,Yes,No,No,No,No,Month-to-month,Yes,Mailed check,77.89,2955.93,No
9973-ZQYP,Female,0,Yes,Yes,19,Yes,Yes,DSL,No,No,No,No,No,Yes,Two year,No,Mailed check,78.02,1501.88,No
6839-ACWK,Female,0,Yes,No,64,Yes,Yes,DSL,Yes,No,No,Yes,Yes,No,Month-to-month,No,Mailed check,95.96,6109.32,No
8097-ROIL,Female,0,No,No,34,Yes,No,Fiber optic,Yes,No,Yes,No,Yes,No,Month-to-month,Yes,Electronic check,102.28,3456.91,Yes
9924-REXZ,Female,0,Yes,Yes,42,Yes,Yes,DSL,No,Yes,Yes,Yes,Yes,No,Month-to-month,No,Bank transfer (automatic),101.47,4235.58,No
9423-CBYS,Female,0,Yes,Yes,20,Yes,Yes,Fiber optic,No,Yes,No,Yes,No,No,Month-to-month,No,Credit card (automatic),99.67,2009.54,Yes
7567-BSAV,Male,0,No,Yes,9,Yes,No,Fiber optic,No,No,Yes,No,Yes,Yes,Month-to-month,No,Mailed check,106.34,956.76,Yes
1172-WTQC,Female,1,Yes,No,44,Yes,No,Fiber optic,Yes,No,Yes,No,Yes,No,Two year,No,Bank transfer (automatic),109.23,4786.32,No
5005-DQUU,Male,0,No,No,2,Yes,No,No,No internet service,No internet service,No internet service,No internet service,No internet service,No internet service,Month-to-month,No,Electronic check,35.87,35.87,Yes
2694-PVKB,Male,0,Yes,No,42,No,No phone service,DSL,No,Yes,No,Yes,Yes,No,Two year,No,Mailed check,68.93,2893.19,No
1142-RJFU,Male,0,Yes,No,51,Yes,No,Fiber optic,No,Yes,Yes,Yes,No,Yes,Month-to-month,Yes,Electronic check,114.35,5851.89,No
4887-ELFN,Female,0,Yes,No,40,Yes,No,No,No internet service,No internet service,No internet service,No internet service,No internet service,No internet service,Month-to-month,Yes,Mailed check,33.71,1356.17,No
6846-PYGB,Male,0,Yes,Yes,40,Yes,No,Fiber optic,No,No,No,Yes,No,No,Two year,Yes,Bank transfer (automatic),86.5,3443.78,No
9997-IGBS,Female,0,No,Yes,8,No,No phone service,DSL,Yes,Yes,Yes,No,Yes,Yes,Two year,Yes,Electronic check,93.43,761.44,No
4171-PYRM,Female,0,Yes,No,45,Yes,Yes,DSL,No,No,No,No,No,No,One year,Yes,Electronic check,67.4,3047.28,No
7372-BKAM,Male,0,No,No,15,Yes,Yes,No,No internet service,No internet service,No internet service,No internet service,No internet service,No internet service,Month-to-month,No,Mailed check,44.3,634.12,No
8965-ERNM,Male,0,No,No,46,Yes,Yes,DSL,No,No,Yes,Yes,No,No,Two year,Yes,Credit card (automatic),83.06,3826.01,No
9774-HRGT,Male,0,Yes,Yes,27,Yes,Yes,No,No internet service,No internet service,No internet service,No internet service,No internet service,No internet service,Month-to-month,No,Electronic check,44.42,1184.62,No
2258-SAUH,Female,0,No,No,27,Yes,No,DSL,No,No,No,No,Yes,No,Month-to-month,Yes,Mailed check,66.72,1788.88,No
1637-ISUI,Female,0,Yes,Yes,10,Yes,No,DSL,Yes,No,No,No,No,No,One year,Yes,Bank transfer (automatic),68.37,721.87,No
4672-JXWK,Male,0,No,Yes,28,Yes,No,DSL,Yes,Yes,Yes,Yes,No,No,Month-to-month,Yes,Electronic check,91.53,2522.63,No
8257-HTLA,Female,1,No,No,55,Yes,No,DSL,No,No,No,No,No,No,Month-to-month,No,Electronic check,60.73,3334.18,No
6938-FEER,Female,0,Yes,Yes,71,Yes,Yes,Fiber optic,Yes,No,Yes,No,No,Yes,Month-to-month,Yes,Bank transfer (automatic),118.5,8434.92,No
9411-CVBD,Female,1,No,Yes,56,Yes,Yes,No,No internet service,No internet service,No internet service,No internet service,No internet service,No internet service,Month-to-month,No,Mailed check,50.69,2785.03,No
5328-SZJV,Male,0,Yes,Yes,52,Yes,No,Fiber optic,Yes,No,No,No,Yes,Yes,One year,Yes,Bank transfer (automatic),106.26,5556.08,No
5462-AKNJ,Male,0,Yes,Yes,58,Yes,No,Fiber optic,No,Yes,No,No,Yes,No,One year,No,Electronic check,100.47,5840.95,No
1724-PHBW,Male,0,Yes,Yes,34,Yes,No,DSL,Yes,No,No,No,No,Yes,Month-to-month,No,Mailed check,75.2,2533.37,No
6080-GSGO,Female,0,No,Yes,51,Yes,No,No,No internet service,No internet service,No internet service,No internet service,No internet service,No internet service,Month-to-month,Yes,Credit card (automatic),41.49,2108.45,No
5487-NAMC,Male,0,Yes,No,35,No,No phone service,No,No internet service,No internet service,No internet service,No internet service,No internet service,No internet service,Month-to-month,Yes,Mailed check,19.57,696.76,No
9116-FSOD,Female,0,Yes,No,57,Yes,No,DSL,No,No,Yes,Yes,No,Yes,Month-to-month,No,Mailed check,86.89,4929.08,No
4572-CDER,Female,0,Yes,No,1,Yes,No,No,No internet service,No internet service,No internet service,No internet service,No internet service,No internet service,Two year,No,Credit card (automatic),29.34,29.34,No
8769-YJHL,Female,0,Yes,No,27,Yes,Yes,Fiber optic,No,Yes,Yes,Yes,No,Yes,Month-to-month,Yes,Credit card (automatic),118.75,3193.55,Yes
7773-ZCRW,Female,0,Yes,Yes,69,Yes,No,Fiber optic,No,No,Yes,Yes,Yes,Yes,Month-to-month,No,Electronic check,115.14,7973.8,No
7240-NVWM,Male,0,Yes,Yes,62,No,No phone service,No,No internet service,No internet service,No internet service,No internet service,No internet service,No internet service,Month-to-month,Yes,Electronic check,18.25,1171.39,No
6602-RUMO,Male,1,Yes,No,51,Yes,No,No,No internet service,No internet service,No internet service,No internet service,No internet service,No internet service,Month-to-month,No,Bank transfer (automatic),33.59,1717.33,No
7121-AFIJ,Female,0,Yes,No,59,Yes,No,Fiber optic,No,Yes,No,Yes,No,No,Month-to-month,No,Electronic check,94.75,5590.42,No
9174-IWNK,Male,0,No,Yes,35,Yes,No,Fiber optic,Yes,No,Yes,No,Yes,Yes,Month-to-month,No,Mailed check,112.22,3942.32,Yes
9774-XZBN,Male,0,No,No,61,Yes,No,Fiber optic,No,Yes,Yes,Yes,Yes,No,One year,Yes,Mailed check,114.66,6995.36,No
2637-EESS,Male,1,Yes,No,42,Yes,Yes,DSL,No,Yes,Yes,No,Yes,Yes,Month-to-month,No,Credit card (automatic),104.6,4374.06,No
6797-ZJWN,Male,0,No,Yes,38,Yes,Yes,DSL,Yes,Yes,Yes,No,No,No,Month-to-month,Yes,Credit card (automatic),89.62,3379.08,No
9002-AJCE,Male,0,Yes,No,4,Yes,Yes,Fiber optic,No,Yes,No,No,No,No,One year,No,Mailed check,98.67,391.29,No
9361-ZYPA,Male,0,No,No,49,Yes,No,DSL,No,Yes,Yes,Yes,No,No,Two year,Yes,Bank transfer (automatic),89.25,4351.76,No
5453-IENJ,Male,0,Yes,No,15,Yes,Yes,DSL,Yes,No,No,No,No,Yes,Two year,Yes,Mailed check,92.83,1367.12,No
4873-EAYJ,Male,1,No,Yes,51,Yes,Yes,DSL,No,No,No,No,Yes,Yes,One year,No,Mailed check,91.32,4682.92,No
3076-ZYVI,Male,0,No,Yes,68,Yes,No,DSL,No,Yes,Yes,No,No,Yes,Month-to-month,Yes,Bank transfer (automatic),83.87,5698.2,No
7030-DMFT,Male,0,No,No,70,Yes,No,DSL,Yes,No,No,Yes,Yes,No,Two year,No,Credit card (automatic),81.04,5696.11,No
5516-OHYE,Male,0,No,Yes,2,Yes,No,Fiber optic,Yes,No,Yes,Yes,No,No,Two year,Yes,Electronic check,104.83,204.42,No
6728-AGVE,Female,0,No,Yes,9,Yes,Yes,No,No internet service,No internet service,No internet service,No internet service,No internet service,No internet service,Two year,No,Bank transfer (automatic),44.34,368.47,No
4598-UYQX,Female,1,Yes,No,50,Yes,Yes,Fiber optic,No,Yes,No,No,No,No,Month-to-month,No,Mailed check,103.31,5154.82,No
7705-GVZR,Male,1,No,Yes,68,Yes,Yes,No,No internet service,No internet service,No internet service,No internet service,No internet service,No internet service,Month-to-month,No,Mailed check,44.79,3037.05,No
7203-STGH,Male,0,Yes,No,31,Yes,No,Fiber optic,No,Yes,No,No,Yes,No,Month-to-month,No,Electronic check,97.97,3035.06,Yes
7828-RXKI,Male,0,Yes,No,4,Yes,No,DSL,Yes,Yes,No,No,No,No,Two year,Yes,Mailed check,83.07,326.43,No
2846-AVHU,Male,0,Yes,No,42,Yes,Yes,No,No internet service,No internet service,No internet service,No internet service,No internet service,No internet service,Month-to-month,Yes,Bank transfer (automatic),44.71,1878.16,No
2835-BOUX,Female,0,No,No,11,Yes,Yes,DSL,No,No,No,Yes,Yes,No,Month-to-month,Yes,Bank transfer (automatic),89.78,991.58,Yes
2744-OTTI,Female,1,Yes,No,30,Yes,Yes,Fiber optic,Yes,No,No,No,No,Yes,Two year,Yes,Bank transfer (automatic),106.59,3224.46,No
8378-RTHA,Male,0,No,No,21,Yes,No,Fiber optic,No,Yes,No,Yes,Yes,Yes,One year,Yes,Bank transfer (automatic),116.99,2470.18,No
5779-FMDM,Female,0,No,No,58,Yes,No,Fiber optic,Yes,No,No,Yes,Yes,No,One year,Yes,Bank transfer (automatic),104.15,6062.96,No
7544-AEXQ,Male,0,Yes,No,51,Yes,No,No,No internet service,No internet service,No internet service,No internet service,No internet service,No internet service,Month-to-month,Yes,Credit card (automatic),41.29,2083.44,No
4563-NSKL,Female,0,Yes,Yes,46,Yes,Yes,DSL,No,No,No,No,No,No,Month-to-month,No,Electronic check,67.26,3088.59,Yes
4591-AIBN,Male,1,No,Yes,48,Yes,No,DSL,No,No,Yes,Yes,No,Yes,One year,Yes,Bank transfer (automatic),87.02,4194.23,No
4311-BDLP,Female,0,No,Yes,55,Yes,Yes,No,No internet service,No internet service,No internet service,No internet service,No internet service,No internet service,Month-to-month,No,Electronic check,45.96,2522.84,No
9009-CDFW,Female,0,Yes,No,30,Yes,Yes,Fiber optic,No,No,No,No,Yes,Yes,Two year,Yes,Mailed check,111.72,3336.66,No
7897-CJKS,Female,0,Yes,No,58,Yes,Yes,DSL,Yes,No,Yes,No,No,No,Two year,Yes,Electronic check,81.15,4728.03,No
5365-UKUD,Male,0,Yes,Yes,69,Yes,No,Fiber optic,No,No,Yes,No,Yes,Yes,One year,No,Bank transfer (automatic),110.0,7551.08,No
7423-VFQV,Female,0,Yes,Yes,42,Yes,No,Fiber optic,No,No,No,Yes,No,Yes,Month-to-month,No,Credit card (automatic),99.65,4185.21,Yes
1338-MVJK,Male,0,Yes,No,4,Yes,Yes,Fiber optic,Yes,No,No,Yes,No,No,Month-to-month,Yes,Bank transfer (automatic),101.84,405.12,Yes
1293-BAKP,Female,0,No,No,3,Yes,No,Fiber optic,Yes,No,No,Yes,Yes,No,Month-to-month,Yes,Credit card (automatic),100.36,305.58,Yes
5898-EOOD,Female,0,No,No,14,Yes,No,Fiber optic,Yes,No,No,Yes,Yes,No,Month-to-month,Yes,Credit card (automatic),102.16,1473.12,Yes
4801-YQOE,Male,1,No,No,1,Yes,Yes,DSL,No,No,Yes,Yes,No,No,One year,No,Credit card (automatic),87.55,112.09,No
1899-VQVQ,Male,1,Yes,Yes,48,Yes,No,DSL,Yes,Yes,No,Yes,No,No,Month-to-month,Yes,Bank transfer (automatic),89.67,4309.71,No
3253-NQHB,Male,0,Yes,No,55,Yes,Yes,Fiber optic,No,No,No,No,No,No,Two year,Yes,Electronic check,92.23,5073.4,No
8001-MVPP,Female,0,No,Yes,7,Yes,Yes,Fiber optic,No,Yes,Yes,No,No,Yes,Two year,Yes,Mailed check,116.43,799.2,No
2013-XDCF,Male,1,No,No,15,Yes,No,Fiber optic,Yes,No,Yes,Yes,Yes,No,One year,No,Bank transfer (automatic),112.08,1707.28,No
5803-RFZE,Male,0,Yes,No,63,No,No phone service,No,No internet service,No internet service,No internet service,No internet service,No internet service,No internet service,Month-to-month,Yes,Bank transfer (automatic),19.86,1236.83,No
5901-PSKU,Male,0,No,No,23,Yes,No,Fiber optic,Yes,No,No,No,No,No,Month-to-month,No,Mailed check,90.95,2090.79,Yes
7798-ZXIX,Female,0,No,No,54,Yes,No,Fiber optic,No,No,Yes,Yes,No,Yes,Month-to-month,No,Electronic check,109.36,5893.86,No
8966-SYSX,Male,1,No,No,53,Yes,No,DSL,Yes,No,Yes,No,No,No,Month-to-month,No,Credit card (automatic),79.22,4189.14,No
5310-DJIS,Male,0,No,No,68,Yes,Yes,Fiber optic,No,No,Yes,Yes,No,No,Month-to-month,Yes,Electronic check,105.21,7183.96,No
4570-BJSQ,Female,0,No,No,59,Yes,No,Fiber optic,No,Yes,No,No,No,No,One year,No,Credit card (automatic),92.27,5444.62,No
4646-TXUB,Male,0,Yes,Yes,30,Yes,Yes,Fiber optic,No,No,No,No,Yes,No,One year,No,Electronic check,98.48,2949.37,No
3802-QRQB,Female,0,No,No,19,Yes,No,No,No internet service,No internet service,No internet service,No internet service,No internet service,No internet service,Month-to-month,Yes,Mailed check,35.72,671.21,No
5530-AKYJ,Male,0,Yes,Yes,53,Yes,No,DSL,No,No,No,Yes,No,Yes,One year,Yes,Mailed check,81.52,4311.23,No
1687-XEXW,Male,1,Yes,No,8,Yes,No,Fiber optic,No,Yes,Yes,No,No,No,Month-to-month,No,Electronic check,95.95,752.77,Yes
1419-WFSI,Male,0,Yes,No,33,Yes,Yes,DSL,Yes,Yes,No,No,Yes,Yes,Month-to-month,Yes,Credit card (automatic),105.85,3512.2,No
7891-ZOPM,Male,0,Yes,No,64,Yes,No,DSL,Yes,No,No,No,No,No,Two year,Yes,Electronic check,71.65,4592.11,No
7104-UXGY,Female,1,No,No,15,Yes,Yes,DSL,No,No,Yes,Yes,No,No,Two year,Yes,Electronic check,88.46,1289.79,No
3563-KHFY,Female,0,Yes,No,69,Yes,No,DSL,No,No,Yes,Yes,No,No,Two year,Yes,Electronic check,78.68,5411.53,No
4209-GGDC,Female,0,No,No,5,Yes,No,Fiber optic,Yes,Yes,Yes,No,Yes,No,Month-to-month,No,Mailed check,116.83,564.19,Yes
4543-GDMT,Female,0,Yes,Yes,34,Yes,Yes,No,No internet service,No internet service,No internet service,No internet service,No internet service,No internet service,Month-to-month,No,Mailed check,45.6,1546.84,No
6680-GQZZ,Female,0,Yes,No,2,Yes,No,DSL,No,Yes,Yes,Yes,Yes,No,One year,Yes,Credit card (automatic),92.79,194.65,No
2194-CKCL,Female,0,No,No,20,Yes,No,Fiber optic,No,No,Yes,No,Yes,No,Two year,No,Mailed check,100.06,1993.69,No
1749-MMXO,Male,1,Yes,No,6,Yes,Yes,DSL,No,Yes,No,No,No,No,Two year,No,Mailed check,73.84,428.55,No
5624-LVWZ,Male,0,No,No,29,Yes,Yes,Fiber optic,Yes,No,No,Yes,No,Yes,One year,Yes,Electronic check,118.75,3413.36,No
4917-LRDN,Male,1,Yes,No,21,Yes,Yes,Fiber optic,Yes,Yes,Yes,No,No,Yes,Month-to-month,No,Electronic check,118.75,2521.0,Yes
9882-MYWR,Female,0,No,Yes,13,Yes,No,No,No internet service,No internet service,No internet service,No internet service,No internet service,No internet service,Month-to-month,Yes,Mailed check,36.58,453.46,No
4816-LSNO,Male,0,Yes,No,54,Yes,Yes,DSL,No,No,No,No,Yes,No,Month-to-month,No,Credit card (automatic),78.17,4227.44,No
6994-FNCS,Female,0,No,No,66,Yes,Yes,Fiber optic,Yes,Yes,Yes,Yes,Yes,Yes,Month-to-month,Yes,Mailed check,118.75,7820.26,No
3451-YKXQ,Female,1,Yes,No,4,Yes,No,Fiber optic,No,No,Yes,Yes,Yes,Yes,One year,Yes,Mailed check,118.75,473.25,No
1060-QWCN,Male,0,No,No,68,Yes,Yes,DSL,No,Yes,No,Yes,No,Yes,One year,Yes,Bank transfer (automatic),95.69,6538.94,No
6158-YSCB,Male,0,No,No,58,Yes,No,No,No internet service,No internet service,No internet service,No internet service,No internet service,No internet service,Month-to-month,No,Bank transfer (automatic),35.95,2116.92,No
5089-QIVF,Female,0,Yes,No,8,Yes,No,DSL,Yes,Yes,No,No,No,Yes,Two year,No,Credit card (automatic),82.74,680.3,No
8450-UIEB,Female,0,Yes,Yes,47,Yes,No,DSL,No,Yes,No,No,Yes,Yes,Month-to-month,No,Credit card (automatic),93.19,4364.86,No
7792-SJDJ,Female,0,No,Yes,36,Yes,Yes,DSL,No,No,Yes,Yes,No,No,One year,Yes,Mailed check,85.1,3072.84,No
9378-HVMG,Male,0,No,No,67,Yes,Yes,DSL,Yes,Yes,No,Yes,No,No,Month-to-month,No,Electronic check,94.44,6316.44,No
1390-DOLP,Female,0,Yes,Yes,19,Yes,Yes,Fiber optic,Yes,Yes,No,No,Yes,Yes,Two year,Yes,Credit card (automatic),118.75,2235.18,No
9955-ICHG,Female,0,No,Yes,49,Yes,Yes,Fiber optic,No,Yes,No,No,No,Yes,Two year,Yes,Bank transfer (automatic),109.89,5391.33,No
7732-SGJY,Male,1,No,No,23,Yes,Yes,Fiber optic,No,No,Yes,Yes,No,No,One year,Yes,Electronic check,107.49,2472.61,No
2963-ZCZY,Female,0,No,No,70,Yes,No,DSL,Yes,No,Yes,No,No,No,One year,Yes,Mailed check,78.07,5445.44,No
5572-XLSO,Male,0,No,No,48,Yes,Yes,Fiber optic,Yes,Yes,Yes,No,Yes,No,Month-to-month,Yes,Bank transfer (automatic),118.75,5689.33,Yes
4915-TFJB,Female,0,No,No,7,Yes,No,No,No internet service,No internet service,No internet service,No internet service,No internet service,No internet service,Month-to-month,No,Credit card (automatic),34.11,256.13,No
2432-GHWP,Male,0,No,Yes,72,Yes,No,Fiber optic,Yes,No,No,Yes,Yes,No,One year,Yes,Electronic check,101.55,7289.62,No
9330-ZDQP,Female,1,No,Yes,5,No,No phone service,Fiber optic,No,No,No,No,Yes,Yes,Two year,Yes,Electronic check,90.31,463.77,No
3162-WKGM,Male,0,Yes,No,39,Yes,Yes,No,No internet service,No internet service,No internet service,No internet service,No internet service,No internet service,Month-to-month,Yes,Bank transfer (automatic),39.94,1552.91,No
2168-ZYVM,Female,0,No,No,53,Yes,Yes,Fiber optic,No,No,No,No,No,No,Two year,Yes,Bank transfer (automatic),85.85,4526.15,No
7524-LGAA,Female,0,No,No,16,Yes,No,DSL,Yes,No,No,Yes,No,No,Two year,No,Bank transfer (automatic),72.91,1164.2,No
8466-XZIQ,Male,0,No,Yes,50,Yes,No,DSL,No,No,No,No,No,Yes,Month-to-month,Yes,Mailed check,67.98,3399.37,No
2523-SGAI,Male,0,Yes,No,1,Yes,No,No,No internet service,No internet service,No internet service,No internet service,No internet service,No internet service,Month-to-month,Yes,Credit card (automatic),35.28,35.28,No
4756-XBBX,Female,0,Yes,No,29,Yes,No,No,No internet service,No internet service,No internet service,No internet service,No internet service,No internet service,One year,Yes,Mailed check,38.99,1136.07,No
8677-OQMG,Female,0,No,Yes,31,Yes,No,No,No internet service,No internet service,No internet service,No internet service,No internet service,No internet service,Month-to-month,No,Mailed check,36.57,1154.97,No
2982-CWVO,Female,0,No,Yes,49,Yes,Yes,No,No internet service,No internet service,No internet service,No internet service,No internet service,No internet service,Month-to-month,No,Electronic check,43.94,2191.62,No
6529-ANSP,Female,0,Yes,No,70,Yes,No,Fiber optic,Yes,No,Yes,Yes,No,No,Two year,No,Electronic check,102.92,7224.3,No
7208-ECQR,Female,0,Yes,Yes,15,Yes,No,No,No internet service,No internet service,No internet service,No internet service,No internet service,No internet service,One year,Yes,Credit card (automatic),41.47,634.28,No
8476-SVYV,Female,0,No,No,54,Yes,Yes,Fiber optic,Yes,No,No,No,Yes,No,One year,Yes,Electronic check,102.73,5553.92,No
8951-BOMM,Female,0,No,Yes,56,Yes,No,Fiber optic,No,Yes,Yes,No,Yes,Yes,One year,Yes,Bank transfer (automatic),111.91,6282.87,No
4151-HKHV,Male,0,No,Yes,44,Yes,Yes,Fiber optic,Yes,No,No,No,Yes,Yes,Two year,No,Electronic check,115.63,5131.91,No
7345-WALI,Female,0,No,No,51,Yes,No,DSL,No,Yes,Yes,No,Yes,Yes,One year,Yes,Credit card (automatic),92.45,4714.59,No
2608-PRHW,Male,0,Yes,Yes,70,Yes,Yes,DSL,No,No,Yes,No,Yes,No,Month-to-month,No,Mailed check,89.03,6224.21,No
6565-TSDT,Female,0,No,Yes,46,Yes,No,DSL,Yes,No,Yes,No,No,No,Two year,No,Bank transfer (automatic),76.91,3535.98,No
2881-JXMT,Female,0,No,No,32,Yes,No,Fiber optic,No,No,No,No,No,Yes,Month-to-month,No,Electronic check,91.74,2926.32,Yes
2709-UBDG,Male,0,No,Yes,23,Yes,No,Fiber optic,No,No,No,Yes,Yes,Yes,Two year,Yes,Credit card (automatic),110.61,2558.65,No
1125-QPMX,Female,1,Yes,No,34,Yes,No,No,No internet service,No internet service,No internet service,No internet service,No internet service,No internet service,Month-to-month,Yes,Mailed check,32.26,1101.38,No
3711-VWZR,Male,0,Yes,No,63,Yes,No,DSL,No,No,Yes,Yes,Yes,No,Two year,Yes,Credit card (automatic),87.61,5545.84,No
7228-LWYA,Female,0,No,Yes,59,Yes,Yes,Fiber optic,Yes,Yes,No,No,No,No,Month-to-month,Yes,Electronic check,106.23,6263.9,Yes
6582-CFNW,Female,0,No,Yes,28,No,No phone service,Fiber optic,No,No,No,No,Yes,No,One year,No,Mailed check,76.43,2111.79,No
6024-TFHZ,Female,1,No,No,17,Yes,Yes,Fiber optic,No,Yes,Yes,No,No,No,Month-to-month,Yes,Electronic check,103.59,1762.81,Yes
2742-NPTW,Female,0,No,No,57,Yes,No,Fiber optic,No,No,Yes,No,No,Yes,One year,Yes,Electronic check,94.62,5398.48,No
5090-SXAD,Male,0,Yes,No,47,Yes,No,No,No internet service,No internet service,No internet service,No internet service,No internet service,No internet service,Two year,Yes,Electronic check,34.56,1631.82,No
6129-TRBD,Male,0,No,No,10,Yes,Yes,No,No internet service,No internet service,No internet service,No internet service,No internet service,No internet service,Two year,Yes,Electronic check,43.42,450.14,No
4310-DPOR,Male,1,No,Yes,2,Yes,No,DSL,Yes,Yes,No,No,No,Yes,Month-to-month,No,Mailed check,83.93,172.33,Yes
2877-KSHX,Female,0,No,No,41,Yes,Yes,No,No internet service,No internet service,No internet service,No internet service,No internet service,No internet service,Two year,No,Bank transfer (automatic),50.0,2037.68,No
4264-CERL,Male,0,No,No,17,Yes,Yes,No,No internet service,No internet service,No internet service,No internet service,No internet service,No internet service,Month-to-month,Yes,Electronic check,49.33,847.94,No
3251-UZSI,Female,0,Yes,Yes,15,Yes,Yes,No,No internet service,No internet service,No internet service,No internet service,No internet service,No internet service,One year,Yes,Credit card (automatic),53.15,791.98,No
8658-QPDJ,Male,0,No,Yes,40,Yes,Yes,Fiber optic,Yes,No,No,No,No,No,Month-to-month,No,Mailed check,94.84,3773.14,Yes
2070-YSCU,Female,0,Yes,No,64,Yes,Yes,No,No internet service,No internet service,No internet service,No internet service,No internet service,No internet service,One year,Yes,Credit card (automatic),45.25,2886.95,No
8670-EKXE,Male,0,No,No,42,Yes,No,DSL,Yes,No,Yes,Yes,Yes,No,Two year,Yes,Credit card (automatic),95.1,3971.59,No
7045-ZMBS,Male,1,No,Yes,42,Yes,Yes,No,No internet service,No internet service,No internet service,No internet service,No internet service,No internet service,Month-to-month,No,Mailed check,48.06,2033.95,No
5874-TEIF,Male,0,No,No,30,Yes,Yes,Fiber optic,Yes,Yes,No,No,No,No,Month-to-month,No,Electronic check,104.65,3131.3,Yes
7192-SWHG,Male,0,No,Yes,27,Yes,No,DSL,No,Yes,No,No,No,Yes,Two year,Yes,Bank transfer (automatic),72.1,1938.38,No
2156-OJXP,Female,0,Yes,No,50,Yes,No,No,No internet service,No internet service,No internet service,No internet service,No internet service,No internet service,Month-to-month,Yes,Credit card (automatic),32.16,1604.83,No
7154-IQIC,Male,1,Yes,Yes,26,Yes,No,No,No internet service,No internet service,No internet service,No internet service,No internet service,No internet service,Two year,Yes,Credit card (automatic),39.3,1037.15,No
4285-HSTP,Male,1,No,No,8,Yes,No,Fiber optic,Yes,No,Yes,Yes,Yes,Yes,Month-to-month,Yes,Bank transfer (automatic),118.75,976.08,Yes
4672-MCLX,Male,0,Yes,No,37,Yes,Yes,Fiber optic,No,No,No,No,No,No,Month-to-month,No,Electronic check,93.06,3453.32,Yes
1051-PGDL,Male,0,Yes,No,35,Yes,Yes,DSL,No,Yes,Yes,No,No,No,One year,Yes,Electronic check,84.57,2968.27,No
3112-QBFL,Female,0,No,No,59,Yes,No,Fiber optic,Yes,No,Yes,Yes,No,No,Month-to-month,Yes,Mailed check,102.12,5996.4,No
2354-UKRH,Female,0,No,No,56,Yes,No,DSL,No,No,No,Yes,No,No,Month-to-month,No,Credit card (automatic),72.67,4049.39,No
7232-GNPL,Female,0,Yes,Yes,46,Yes,No,Fiber optic,Yes,Yes,No,Yes,Yes,No,One year,No,Mailed check,113.11,5220.95,No
2576-TWUP,Male,0,Yes,Yes,67,Yes,No,Fiber optic,Yes,Yes,Yes,No,Yes,No,Two year,No,Credit card (automatic),118.02,7904.24,No
8257-EVSJ,Male,0,Yes,No,50,Yes,No,DSL,No,No,Yes,Yes,No,Yes,One year,No,Mailed check,85.42,4282.34,No
2624-NOMJ,Female,0,No,No,57,Yes,Yes,Fiber optic,No,Yes,Yes,No,No,No,One year,No,Electronic check,113.2,6479.26,No
5269-ZUWL,Female,0,Yes,No,47,Yes,Yes,Fiber optic,Yes,No,No,No,No,Yes,One year,Yes,Electronic check,109.22,5157.48,No
8899-SFLX,Female,0,No,Yes,58,Yes,Yes,Fiber optic,No,Yes,Yes,No,No,No,Month-to-month,No,Electronic check,110.58,6398.36,Yes
4815-PBVG,Female,0,No,No,46,No,No phone service,DSL,Yes,Yes,No,Yes,No,Yes,Month-to-month,No,Credit card (automatic),77.75,3582.98,No
3763-GSNI,Female,1,Yes,Yes,14,Yes,No,Fiber optic,Yes,Yes,No,No,No,Yes,Two year,Yes,Mailed check,106.85,1472.07,No
9945-KPSK,Male,0,Yes,No,71,Yes,Yes,Fiber optic,No,Yes,Yes,No,No,Yes,Month-to-month,Yes,Credit card (automatic),115.41,8200.25,No
5337-KYDR,Male,1,No,Yes,1,Yes,Yes,DSL,Yes,Yes,Yes,No,Yes,Yes,Two year,Yes,Mailed check,114.93,115.77,No
9626-MDJV,Female,0,Yes,No,60,Yes,Yes,Fiber optic,Yes,Yes,No,No,Yes,Yes,One year,No,Mailed check,118.75,7151.41,No
7466-PZHX,Male,0,No,Yes,39,Yes,No,Fiber optic,No,No,Yes,No,No,Yes,One year,No,Bank transfer (automatic),98.23,3821.03,No
4346-NOQU,Male,0,No,No,42,Yes,Yes,Fiber optic,Yes,Yes,Yes,No,No,Yes,Two year,No,Mailed check,118.75,4980.31,No
8877-WOLU,Female,0,Yes,No,47,Yes,Yes,No,No internet service,No internet service,No internet service,No internet service,No internet service,No internet service,Month-to-month,Yes,Mailed check,45.1,2123.21,No
1065-EITN,Female,0,Yes,No,71,Yes,Yes,No,No internet service,No internet service,No internet service,No internet service,No internet service,No internet service,Month-to-month,No,Mailed check,45.17,3195.97,No
7225-VHBI,Female,0,No,No,68,Yes,Yes,DSL,No,No,No,Yes,No,No,Two year,Yes,Mailed check,78.57,5322.34,No
7470-RPUE,Female,1,Yes,Yes,56,Yes,Yes,Fiber optic,Yes,No,Yes,No,Yes,No,Two year,Yes,Credit card (automatic),113.02,6355.15,No
8670-OEKV,Male,0,Yes,No,67,Yes,No,Fiber optic,No,Yes,Yes,No,No,Yes,One year,No,Electronic check,103.42,6981.0,No
1973-YSCX,Male,0,Yes,No,11,Yes,No,Fiber optic,No,No,Yes,No,Yes,No,Two year,Yes,Credit card (automatic),94.35,1055.86,No
5329-FZCB,Male,0,No,Yes,67,Yes,Yes,Fiber optic,No,No,No,Yes,Yes,Yes,Two year,No,Bank transfer (automatic),118.75,7964.45,No
7444-RBOE,Male,0,No,No,50,Yes,Yes,No,No internet service,No internet service,No internet service,No internet service,No internet service,No internet service,Two year,No,Mailed check,47.11,2356.17,No
7843-UQBR,Female,0,Yes,No,28,Yes,No,DSL,No,No,Yes,No,No,No,Month-to-month,No,Electronic check,64.43,1810.28,Yes
8702-CEKI,Male,0,No,No,28,No,No phone service,DSL,No,Yes,No,No,No,Yes,One year,Yes,Electronic check,64.67,1842.05,No
4168-YNEH,Female,0,Yes,No,12,Yes,Yes,Fiber optic,Yes,No,Yes,Yes,No,No,Month-to-month,Yes,Bank transfer (automatic),114.63,1384.1,Yes
6716-NPFH,Male,0,No,No,56,No,No phone service,DSL,No,No,No,No,No,Yes,Month-to-month,Yes,Electronic check,51.12,2878.78,No
6473-SIEE,Male,0,Yes,Yes,45,Yes,No,Fiber optic,No,No,No,No,No,Yes,Month-to-month,No,Mailed check,89.7,4021.19,Yes
4032-ZSDP,Female,0,Yes,No,19,Yes,No,Fiber optic,Yes,No,Yes,Yes,Yes,Yes,One year,Yes,Electronic check,118.75,2261.98,No
5719-PGRX,Female,0,No,Yes,58,Yes,Yes,DSL,No,Yes,Yes,No,No,No,Two year,No,Electronic check,87.13,5031.49,No
3452-ACYU,Female,0,Yes,No,35,Yes,No,No,No internet service,No internet service,No internet service,No internet service,No internet service,No internet service,One year,Yes,Credit card (automatic),36.76,1285.49,No
9896-GGHS,Male,1,Yes,No,0,Yes,Yes,Fiber optic,Yes,No,No,No,No,No,One year,Yes,Electronic check,95.94, ,No
8056-KOIQ,Female,0,No,No,2,Yes,Yes,Fiber optic,No,No,No,No,No,No,Month-to-month,Yes,Electronic check,88.9,182.28,Yes
7117-IRTB,Male,0,No,No,43,No,No phone service,No,No internet service,No internet service,No internet service,No internet service,No internet service,No internet service,Month-to-month,Yes,Electronic check,20.95,926.26,No
3243-RAKC,Male,1,No,No,54,Yes,Yes,DSL,Yes,Yes,No,Yes,No,No,One year,No,Credit card (automatic),91.67,4942.87,No
8679-TUVV,Female,0,No,No,59,No,No phone service,Fiber optic,Yes,No,No,No,No,Yes,Month-to-month,Yes,Electronic check,84.84,5024.71,Yes
4236-KLVI,Male,0,No,No,2,Yes,Yes,Fiber optic,No,Yes,Yes,No,No,No,One year,Yes,Electronic check,108.62,219.57,No
5276-MVTC,Female,0,Yes,Yes,62,Yes,No,Fiber optic,No,Yes,No,No,Yes,Yes,Month-to-month,Yes,Electronic check,108.25,6726.75,Yes
6644-VKKU,Female,1,Yes,Yes,30,Yes,No,Fiber optic,No,Yes,Yes,No,Yes,No,Month-to-month,No,Mailed check,104.61,3122.18,Yes
6363-UGQP,Male,0,Yes,No,60,Yes,Yes,DSL,No,No,Yes,Yes,No,Yes,Two year,No,Bank transfer (automatic),92.74,5563.32,No
3750-AKMA,Male,0,Yes,No,48,Yes,Yes,No,No internet service,No internet service,No internet service,No internet service,No internet service,No internet service,Two year,Yes,Mailed check,45.33,2191.84,No
6537-IMEI,Male,0,No,No,43,No,No phone service,Fiber optic,No,No,No,Yes,No,No,Two year,Yes,Electronic check,78.29,3381.58,No
3182-NPFB,Female,0,Yes,No,51,Yes,Yes,No,No internet service,No internet service,No internet service,No internet service,No internet service,No internet service,Month-to-month,No,Bank transfer (automatic),43.93,2279.82,No
1719-SEDN,Female,0,Yes,No,30,Yes,Yes,No,No internet service,No internet service,No internet service,No internet service,No internet service,No internet service,Month-to-month,No,Mailed check,43.96,1352.75,No
6562-FHXC,Female,0,Yes,No,71,Yes,No,No,No internet service,No internet service,No internet service,No internet service,No internet service,No internet service,Month-to-month,No,Bank transfer (automatic),34.67,2483.3,No
3156-ILJJ,Male,0,Yes,Yes,48,Yes,No,DSL,No,No,No,No,Yes,No,Two year,Yes,Credit card (automatic),67.3,3214.44,No
5139-VPWF,Female,0,No,No,45,Yes,Yes,Fiber optic,Yes,No,Yes,Yes,No,Yes,Month-to-month,No,Credit card (automatic),118.75,5325.53,Yes
7871-YXUX,Male,0,Yes,Yes,53,Yes,No,No,No internet service,No internet service,No internet service,No internet service,No internet service,No internet service,One year,No,Credit card (automatic),36.34,1905.15,No
6353-OZIX,Female,0,Yes,No,10,Yes,Yes,Fiber optic,No,No,Yes,Yes,Yes,Yes,Month-to-month,Yes,Bank transfer (automatic),118.75,1176.64,Yes
9401-LCGI,Female,0,No,Yes,64,Yes,No,DSL,No,Yes,No,No,No,Yes,One year,Yes,Electronic check,72.84,4652.97,No
4943-YFAN,Male,0,No,No,16,Yes,Yes,DSL,No,No,Yes,Yes,No,No,Two year,No,Electronic check,83.24,1348.12,No
5795-PDFO,Male,0,No,Yes,27,Yes,No,Fiber optic,Yes,Yes,No,Yes,Yes,No,One year,Yes,Electronic check,111.68,2994.7,No
3523-VHAM,Male,0,No,Yes,8,Yes,No,Fiber optic,No,Yes,Yes,Yes,Yes,No,Month-to-month,Yes,Bank transfer (automatic),118.75,954.21,Yes
8066-RRMV,Female,0,No,No,33,Yes,Yes,DSL,Yes,No,Yes,No,No,No,Month-to-month,Yes,Electronic check,79.16,2642.63,Yes
9125-NKGR,Male,0,Yes,Yes,19,Yes,Yes,No,No internet service,No internet service,No internet service,No internet service,No internet service,No internet service,One year,No,Electronic check,45.98,925.38,No
6333-DQSN,Male,0,Yes,No,2,Yes,No,Fiber optic,No,No,No,Yes,No,No,One year,No,Mailed check,85.94,225.03,No
2848-FRYD,Male,1,No,No,0,Yes,No,Fiber optic,Yes,No,No,Yes,Yes,No,Month-to-month,No,Mailed check,104.12, ,Yes
6351-JWKC,Male,0,Yes,No,59,Yes,No,Fiber optic,No,Yes,Yes,No,No,No,One year,Yes,Electronic check,91.35,5388.81,No
5302-HTRU,Female,0,Yes,No,49,Yes,Yes,DSL,Yes,No,Yes,No,Yes,Yes,Month-to-month,No,Bank transfer (automatic),105.95,5218.22,No
7236-XHCA,Female,0,Yes,No,7,Yes,Yes,Fiber optic,Yes,No,Yes,Yes,No,No,Month-to-month,No,Mailed check,108.63,782.7,Yes
5536-PIQP,Male,0,Yes,Yes,17,Yes,Yes,Fiber optic,No,Yes,No,Yes,No,No,Month-to-month,No,Mailed check,108.72,1869.11,Yes
8446-FWGX,Male,0,No,No,29,Yes,Yes,No,No internet service,No internet service,No internet service,No internet service,No internet service,No internet service,Two year,Yes,Electronic check,48.84,1416.73,No
3415-HJNK,Female,0,Yes,No,21,Yes,No,Fiber optic,Yes,No,No,Yes,No,No,Month-to-month,Yes,Electronic check,98.32,2058.33,Yes
6217-LTTM,Male,1,Yes,Yes,8,Yes,Yes,Fiber optic,Yes,Yes,No,No,No,No,Two year,No,Bank transfer (automatic),99.74,812.1,No
3458-ZLMH,Male,1,No,Yes,21,Yes,No,Fiber optic,Yes,No,No,Yes,Yes,No,Month-to-month,Yes,Bank transfer (automatic),107.21,2243.41,Yes
5559-CMLS,Male,0,No,No,9,Yes,No,DSL,No,No,No,No,No,No,Month-to-month,Yes,Bank transfer (automatic),61.94,537.22,Yes
1189-IYHU,Female,0,No,No,66,Yes,No,DSL,No,No,Yes,No,No,Yes,One year,No,Electronic check,76.3,5030.47,No
9368-IFOW,Female,0,Yes,No,8,Yes,Yes,Fiber optic,Yes,No,No,No,Yes,No,Two year,Yes,Electronic check,109.86,889.8,No
3700-UVLM,Female,0,Yes,No,46,Yes,No,No,No internet service,No internet service,No internet service,No internet service,No internet service,No internet service,Two year,Yes,Credit card (automatic),40.57,1837.0,No
6873-NKNQ,Male,0,No,No,39,Yes,No,No,No internet service,No internet service,No internet service,No internet service,No internet service,No internet service,One year,Yes,Bank transfer (automatic),35.77,1382.41,No
3839-UZBS,Male,0,Yes,No,35,Yes,Yes,Fiber optic,Yes,Yes,Yes,No,No,No,One year,Yes,Credit card (automatic),109.34,3814.79,No
2135-VJVH,Male,0,Yes,No,18,Yes,No,Fiber optic,No,Yes,No,No,Yes,No,Month-to-month,No,Electronic check,96.13,1701.41,Yes
7548-EGZM,Female,0,No,Yes,1,Yes,No,Fiber optic,Yes,No,No,No,Yes,No,Two year,Yes,Mailed check,95.33,105.14,No
7532-POIV,Female,1,Yes,Yes,44,No,No phone service,Fiber optic,No,Yes,No,Yes,No,Yes,One year,Yes,Credit card (automatic),95.01,4155.68,No
4062-LHME,Male,0,Yes,No,32,Yes,Yes,DSL,Yes,Yes,No,No,No,Yes,Month-to-month,Yes,Electronic check,98.83,3181.12,Yes
8210-TLOX,Male,0,Yes,No,63,Yes,Yes,Fiber optic,No,Yes,No,Yes,No,No,One year,No,Credit card (automatic),100.53,6302.98,No
2753-IACL,Male,0,Yes,No,25,Yes,Yes,DSL,No,No,No,No,Yes,Yes,Two year,No,Electronic check,92.65,2332.83,No
2654-FJJP,Male,1,Yes,No,33,Yes,No,DSL,No,Yes,No,Yes,No,No,Month-to-month,Yes,Electronic check,73.84,2441.81,No
6024-PDFS,Male,1,Yes,Yes,62,Yes,Yes,DSL,Yes,No,No,No,No,No,Month-to-month,Yes,Electronic check,82.85,5160.33,No
9734-BRJD,Female,0,Yes,Yes,27,Yes,No,Fiber optic,Yes,Yes,Yes,Yes,No,Yes,Two year,No,Electronic check,118.75,3210.94,No
6884-AOJR,Female,1,Yes,No,5,Yes,Yes,No,No internet service,No internet service,No internet service,No internet service,No internet service,No internet service,Two year,Yes,Bank transfer (automatic),41.36,190.97,No
9108-ZOBT,Female,0,Yes,Yes,10,Yes,No,Fiber optic,Yes,No,Yes,Yes,Yes,Yes,Two year,Yes,Credit card (automatic),118.75,1197.7,No
7051-AGWZ,Female,0,No,Yes,45,Yes,No,Fiber optic,No,Yes,Yes,Yes,No,No,Month-to-month,Yes,Electronic check,104.12,4707.98,Yes
9041-AKXJ,Male,0,No,No,19,Yes,No,Fiber optic,No,No,No,Yes,Yes,Yes,One year,No,Bank transfer (automatic),106.02,2043.15,No
3189-NGWK,Female,0,Yes,No,35,No,No phone service,DSL,Yes,Yes,No,Yes,Yes,Yes,Month-to-month,No,Electronic check,94.17,3290.37,No
7549-DXBG,Female,0,No,No,15,Yes,Yes,Fiber optic,Yes,Yes,No,No,No,Yes,One year,Yes,Electronic check,114.79,1731.1,No
5786-NSGL,Male,0,No,No,69,Yes,No,DSL,No,No,Yes,No,Yes,No,Two year,Yes,Mailed check,79.9,5497.28,No
2986-OEHN,Female,0,No,No,71,Yes,Yes,DSL,Yes,Yes,No,No,Yes,Yes,Month-to-month,Yes,Electronic check,102.61,7258.66,No
3403-GGRN,Male,0,Yes,Yes,44,Yes,No,DSL,No,Yes,No,Yes,No,Yes,Month-to-month,No,Credit card (automatic),88.36,3872.23,No
4295-HZLJ,Female,0,No,No,47,Yes,No,Fiber optic,No,Yes,Yes,No,Yes,Yes,Month-to-month,No,Electronic check,114.08,5355.78,Yes
4582-NIFE,Male,0,No,No,3,Yes,No,DSL,Yes,No,Yes,No,No,No,One year,Yes,Electronic check,77.06,216.96,No
8232-AYTQ,Male,0,Yes,Yes,47,Yes,No,Fiber optic,No,No,Yes,Yes,No,Yes,Month-to-month,Yes,Credit card (automatic),108.87,5132.96,Yes
9645-KMKH,Male,0,No,No,66,Yes,No,Fiber optic,No,No,No,No,Yes,Yes,Month-to-month,No,Credit card (automatic),98.55,6504.07,No
4036-JBXN,Female,0,No,No,27,Yes,Yes,No,No internet service,No internet service,No internet service,No internet service,No internet service,No internet service,Month-to-month,Yes,Bank transfer (automatic),50.59,1352.84,No
6743-QKBX,Female,1,Yes,No,29,No,No phone service,DSL,No,Yes,Yes,No,No,No,Month-to-month,Yes,Electronic check,61.25,1797.2,Yes
8358-PPZB,Male,0,Yes,No,28,Yes,No,DSL,No,No,Yes,No,No,No,Month-to-month,No,Bank transfer (automatic),65.65,1846.92,No
7808-EHTN,Female,0,Yes,No,20,Yes,No,No,No internet service,No internet service,No internet service,No internet service,No internet service,No internet service,Two year,No,Electronic check,33.1,669.95,No
4094-BCRU,Male,0,Yes,No,41,Yes,No,DSL,No,Yes,No,No,No,Yes,One year,No,Electronic check,79.36,3243.1,No
6279-UIBY,Male,1,Yes,No,49,Yes,No,No,No internet service,No internet service,No internet service,No internet service,No internet service,No internet service,One year,No,Electronic check,34.39,1675.63,No
7279-WVRF,Male,0,No,No,2,Yes,No,DSL,Yes,No,No,No,No,No,Month-to-month,Yes,Bank transfer (automatic),70.83,125.15,Yes
8021-RQIM,Male,1,No,No,64,Yes,No,Fiber optic,No,Yes,No,Yes,Yes,Yes,Month-to-month,Yes,Electronic check,118.75,7597.08,No
6396-JJDL,Male,0,No,No,22,Yes,Yes,DSL,No,Yes,No,Yes,No,Yes,Month-to-month,Yes,Bank transfer (automatic),93.13,2038.45,No
8290-HOUW,Male,1,No,No,4,Yes,No,Fiber optic,No,No,No,No,No,No,Two year,Yes,Electronic check,82.1,318.05,No
6906-OHHS,Male,0,Yes,No,24,Yes,Yes,No,No internet service,No internet service,No internet service,No internet service,No internet service,No internet service,Month-to-month,Yes,Mailed check,45.64,1088.32,No
6277-XQHL,Female,1,Yes,Yes,34,Yes,No,Fiber optic,No,Yes,No,No,No,Yes,Month-to-month,Yes,Electronic check,95.06,3229.24,Yes
7030-DFPZ,Female,0,No,No,64,Yes,No,DSL,Yes,Yes,No,Yes,Yes,Yes,Month-to-month,No,Electronic check,105.84,6794.31,No
3966-MOQY,Female,1,Yes,No,38,Yes,Yes,No,No internet service,No internet service,No internet service,No internet service,No internet service,No internet service,Month-to-month,No,Bank transfer (automatic),45.57,1771.07,No
1125-VTVE,Female,0,No,No,17,Yes,No,Fiber optic,Yes,No,No,No,No,No,Month-to-month,Yes,Credit card (automatic),83.7,1409.02,Yes
1594-GCMN,Female,0,Yes,Yes,24,Yes,No,No,No internet service,No internet service,No internet service,No internet service,No internet service,No internet service,One year,Yes,Credit card (automatic),35.26,851.15,No
4055-MBNT,Female,0,No,No,0,Yes,No,DSL,No,No,Yes,Yes,No,No,Two year,Yes,Mailed check,73.92, ,No
8782-ENIJ,Male,0,Yes,No,61,Yes,Yes,DSL,No,No,No,No,No,No,Two year,Yes,Mailed check,63.54,3871.32,No
6318-NYNY,Female,0,Yes,No,8,Yes,Yes,Fiber optic,No,No,Yes,No,No,Yes,Month-to-month,Yes,Bank transfer (automatic),104.95,835.94,Yes
4611-BQTD,Male,0,No,No,40,Yes,No,No,No internet service,No internet service,No internet service,No internet service,No internet service,No internet service,Two year,Yes,Credit card (automatic),29.55,1165.06,No
5172-RCSE,Female,0,No,No,21,Yes,Yes,Fiber optic,Yes,Yes,No,No,No,No,Month-to-month,No,Credit card (automatic),98.06,2049.06,Yes
4680-IXHC,Male,1,Yes,No,65,Yes,Yes,Fiber optic,No,No,No,No,No,No,Two year,No,Mailed check,95.13,6214.21,No
2537-ALVM,Female,0,No,Yes,44,Yes,No,Fiber optic,No,No,No,No,No,No,One year,No,Mailed check,80.56,3569.5,No
2161-QKEY,Female,0,Yes,No,51,No,No phone service,DSL,No,No,No,No,No,Yes,Two year,Yes,Electronic check,51.16,2577.87,No
8738-IMTW,Female,1,Yes,No,19,Yes,No,No,No internet service,No internet service,No internet service,No internet service,No internet service,No internet service,One year,Yes,Electronic check,37.19,715.61,No
2526-DUKI,Female,0,No,No,11,Yes,No,No,No internet service,No internet service,No internet service,No internet service,No internet service,No internet service,Month-to-month,Yes,Electronic check,32.54,375.07,Yes
2158-PWZW,Female,0,Yes,No,63,Yes,No,DSL,No,Yes,No,No,No,Yes,Month-to-month,No,Electronic check,77.94,4917.96,No
2144-EFSA,Male,1,No,No,31,Yes,No,DSL,No,No,No,No,No,Yes,Month-to-month,Yes,Mailed check,69.47,2131.99,No
5723-VNKS,Male,0,No,No,61,Yes,Yes,Fiber optic,Yes,No,Yes,Yes,No,Yes,One year,No,Mailed check,118.75,7244.19,No
7998-BHMG,Female,0,Yes,No,4,Yes,Yes,Fiber optic,No,No,No,No,Yes,Yes,Month-to-month,No,Mailed check,109.69,449.0,Yes
7171-HPRS,Male,1,Yes,Yes,43,Yes,Yes,Fiber optic,No,No,Yes,No,No,Yes,Month-to-month,No,Electronic check,110.68,4782.18,Yes
3203-DYLP,Male,1,Yes,No,28,Yes,No,DSL,No,Yes,No,No,No,No,Two year,No,Mailed check,68.64,1891.22,No
1560-DTZX,Male,0,Yes,No,32,No,No phone service,No,No internet service,No internet service,No internet service,No internet service,No internet service,No internet service,Month-to-month,Yes,Mailed check,18.25,575.82,No
3423-ZVXI,Male,0,No,No,12,Yes,Yes,Fiber optic,Yes,Yes,No,No,Yes,No,Month-to-month,No,Mailed check,118.75,1421.55,Yes
9772-QQBB,Female,0,Yes,Yes,49,Yes,No,No,No internet service,No internet service,No internet service,No internet service,No internet service,No internet service,One year,Yes,Electronic check,38.67,1878.25,No
1118-GDMT,Female,0,Yes,No,1,Yes,No,Fiber optic,No,No,Yes,Yes,No,Yes,Month-to-month,No,Mailed check,107.05,116.46,Yes
7621-KZCB,Male,0,No,No,27,No,No phone service,Fiber optic,Yes,No,No,No,No,No,Two year,No,Credit card (automatic),76.6,2059.77,No
5591-CXOQ,Female,0,No,No,17,Yes,Yes,Fiber optic,No,Yes,Yes,Yes,No,No,Two year,Yes,Electronic check,113.15,1910.32,No
3927-TGPE,Female,0,No,Yes,72,Yes,Yes,DSL,No,Yes,No,No,No,No,Two year,No,Electronic check,73.8,5304.92,No
5290-OPKY,Female,0,No,No,65,Yes,No,Fiber optic,No,No,No,No,No,No,Two year,No,Electronic check,79.09,5103.22,No
2522-RUIH,Female,0,No,No,45,Yes,Yes,Fiber optic,Yes,Yes,Yes,No,No,Yes,Two year,Yes,Electronic check,118.75,5303.43,No
7677-SVEQ,Male,1,No,No,16,Yes,No,Fiber optic,Yes,Yes,No,No,No,No,Month-to-month,No,Mailed check,89.95,1464.75,Yes
1589-GIQC,Male,1,Yes,No,32,Yes,No,DSL,Yes,Yes,Yes,No,No,Yes,Month-to-month,Yes,Electronic check,92.23,2960.75,Yes
7421-MPUJ,Male,0,No,No,32,Yes,Yes,Fiber optic,Yes,No,Yes,No,No,No,Two year,Yes,Electronic check,107.26,3460.44,No
9939-PRQG,Female,0,Yes,No,29,No,No phone service,Fiber optic,No,No,Yes,Yes,Yes,No,One year,No,Bank transfer (automatic),88.02,2595.2,No
3205-SWWH,Male,0,No,No,21,Yes,Yes,DSL,No,No,Yes,No,No,Yes,Month-to-month,Yes,Mailed check,90.32,1874.71,No
5816-UZYG,Male,0,Yes,No,52,Yes,Yes,No,No internet service,No internet service,No internet service,No internet service,No internet service,No internet service,Month-to-month,Yes,Credit card (automatic),44.07,2307.37,No
4603-TJLX,Male,0,No,No,45,Yes,No,Fiber optic,No,No,No,Yes,Yes,Yes,Two year,Yes,Electronic check,102.63,4583.68,No
3144-XYYU,Male,0,No,Yes,43,Yes,Yes,Fiber optic,Yes,Yes,Yes,No,No,No,Two year,Yes,Credit card (automatic),112.76,4834.25,No
6891-DIOX,Female,0,No,Yes,33,Yes,Yes,No,No internet service,No internet service,No internet service,No internet service,No internet service,No internet service,One year,No,Mailed check,45.54,1508.0,No
3841-OZGL,Male,0,No,No,27,Yes,Yes,Fiber optic,Yes,Yes,Yes,No,No,No,Month-to-month,Yes,Bank transfer (automatic),111.31,3024.53,Yes
4763-INMX,Female,0,Yes,Yes,34,Yes,Yes,No,No internet service,No internet service,No internet service,No internet service,No internet service,No internet service,Month-to-month,No,Mailed check,40.04,1364.85,No
2362-PLJB,Female,0,No,Yes,67,Yes,No,DSL,No,Yes,Yes,Yes,Yes,Yes,Month-to-month,Yes,Electronic check,104.07,6969.41,No
4980-XFLV,Male,0,Yes,No,8,Yes,Yes,Fiber optic,Yes,No,No,No,Yes,Yes,Two year,No,Electronic check,117.88,952.93,No
2578-WHBB,Female,0,No,Yes,21,Yes,No,No,No internet service,No internet service,No internet service,No internet service,No internet service,No internet service,Month-to-month,Yes,Electronic check,36.59,765.94,No
1707-FUTN,Female,0,No,No,60,Yes,No,No,No internet service,No internet service,No internet service,No internet service,No internet service,No internet service,Two year,Yes,Mailed check,39.83,2389.37,No
8750-GRWB,Male,0,No,No,24,Yes,Yes,DSL,Yes,Yes,No,No,No,No,Month-to-month,Yes,Bank transfer (automatic),82.4,1976.59,No
9800-UQTY,Male,0,Yes,No,40,Yes,No,DSL,No,No,No,No,Yes,No,Month-to-month,Yes,Bank transfer (automatic),64.17,2590.86,No
6324-LXVO,Male,1,Yes,Yes,6,Yes,Yes,DSL,Yes,No,Yes,Yes,No,No,One year,No,Credit card (automatic),94.46,594.15,No
9183-EGHW,Male,0,No,No,58,Yes,Yes,Fiber optic,No,Yes,Yes,No,Yes,Yes,Month-to-month,No,Electronic check,118.75,6887.33,Yes
4907-UNJV,Male,0,Yes,Yes,71,Yes,No,DSL,Yes,Yes,Yes,Yes,No,No,Two year,Yes,Bank transfer (automatic),99.67,7068.13,No
9797-PKVY,Female,1,No,No,66,Yes,Yes,Fiber optic,Yes,Yes,No,No,Yes,No,Two year,No,Electronic check,110.06,7235.87,No
7073-NNBV,Male,0,No,No,32,Yes,No,No,No internet service,No internet service,No internet service,No internet service,No internet service,No internet service,Two year,Yes,Credit card (automatic),33.13,1068.22,No
8313-VDUU,Female,0,Yes,No,64,Yes,No,DSL,No,No,No,Yes,No,No,One year,Yes,Mailed check,65.75,4223.94,No
6714-PDSW,Female,0,No,Yes,59,No,No phone service,DSL,Yes,No,No,No,Yes,No,One year,No,Electronic check,61.33,3636.98,No
7255-OPVT,Male,0,No,Yes,57,Yes,No,No,No internet service,No internet service,No internet service,No internet service,No internet service,No internet service,Two year,Yes,Mailed check,34.91,2027.48,No
4647-AQEE,Female,0,No,No,43,Yes,Yes,Fiber optic,No,No,No,No,No,No,Month-to-month,No,Bank transfer (automatic),89.09,3786.85,Yes
7307-YDWU,Female,0,No,No,47,Yes,No,DSL,No,No,No,Yes,Yes,No,Month-to-month,Yes,Credit card (automatic),73.95,3523.55,No
3878-UFXO,Male,1,Yes,No,36,Yes,No,Fiber optic,Yes,No,Yes,Yes,No,No,Month-to-month,No,Bank transfer (automatic),106.19,3817.28,Yes
1948-SFLN,Male,0,Yes,No,24,Yes,Yes,Fiber optic,No,Yes,Yes,Yes,Yes,No,Month-to-month,Yes,Bank transfer (automatic),118.75,2833.58,Yes
9625-LXXO,Female,1,No,No,24,Yes,No,Fiber optic,No,Yes,Yes,No,Yes,No,One year,Yes,Bank transfer (automatic),102.26,2464.47,No
8506-HIEE,Female,1,Yes,Yes,56,No,No phone service,DSL,No,Yes,Yes,No,Yes,Yes,Month-to-month,Yes,Electronic check,75.33,4218.37,No
4333-WCEA,Female,1,No,No,12,Yes,No,No,No internet service,No internet service,No internet service,No internet service,No internet service,No internet service,Month-to-month,Yes,Electronic check,34.85,396.1,No
3196-TAGO,Female,0,No,No,11,Yes,No,Fiber optic,No,No,No,No,Yes,No,Two year,Yes,Bank transfer (automatic),89.35,969.87,No
7023-ZBZM,Female,0,No,No,62,Yes,No,DSL,Yes,No,No,Yes,No,No,Month-to-month,Yes,Mailed check,72.29,4481.37,No
9204-FYOW,Male,0,No,No,61,Yes,Yes,DSL,Yes,Yes,No,No,No,No,Month-to-month,No,Electronic check,82.55,5026.71,No
9885-KDAO,Male,0,No,Yes,27,Yes,Yes,DSL,Yes,No,Yes,Yes,Yes,No,Month-to-month,No,Credit card (automatic),103.61,2809.26,No
5171-IKEX,Male,1,Yes,No,54,Yes,No,No,No internet service,No internet service,No internet service,No internet service,No internet service,No internet service,One year,No,Mailed check,31.16,1658.06,No
4846-HAYA,Male,0,Yes,No,41,Yes,No,Fiber optic,Yes,No,No,No,Yes,Yes,One year,No,Electronic check,107.84,4459.74,No
4714-HKAN,Female,0,Yes,Yes,60,Yes,Yes,DSL,Yes,No,No,No,Yes,No,Month-to-month,Yes,Electronic check,85.17,5146.8,No
5773-UFCJ,Male,1,Yes,Yes,37,Yes,Yes,DSL,Yes,No,Yes,Yes,No,Yes,Month-to-month,Yes,Bank transfer (automatic),103.05,3849.74,No
3251-JVBX,Male,0,No,No,4,Yes,No,No,No internet service,No internet service,No internet service,No internet service,No internet service,No internet service,One year,No,Electronic check,33.61,125.81,No
5606-VMPM,Female,0,No,No,47,Yes,No,Fiber optic,No,No,Yes,No,Yes,No,Month-to-month,Yes,Mailed check,101.37,4790.79,Yes
5451-KWNC,Female,0,Yes,Yes,34,No,No phone service,DSL,Yes,No,No,No,No,No,Two year,No,Bank transfer (automatic),49.42,1691.49,No
3906-SVYA,Female,0,Yes,Yes,47,Yes,Yes,No,No internet service,No internet service,No internet service,No internet service,No internet service,No internet service,Month-to-month,No,Electronic check,40.08,1872.39,No
4012-QASS,Male,0,No,No,13,Yes,Yes,DSL,Yes,Yes,No,Yes,No,Yes,Two year,No,Mailed check,100.36,1311.46,No
4491-SFOD,Male,0,No,Yes,53,Yes,Yes,DSL,Yes,Yes,Yes,No,No,No,Two year,No,Electronic check,89.76,4773.18,No
6984-XQKQ,Female,1,Yes,Yes,25,Yes,No,DSL,No,No,Yes,Yes,No,Yes,Two year,Yes,Mailed check,89.22,2244.67,No
5768-INOX,Female,0,Yes,No,42,No,No phone service,DSL,Yes,Yes,No,No,No,No,One year,No,Electronic check,58.88,2453.69,No
2436-ABRR,Male,0,No,Yes,41,Yes,No,Fiber optic,Yes,No,Yes,Yes,Yes,No,Two year,Yes,Electronic check,110.08,4516.08,No
3483-HAOJ,Female,0,Yes,No,17,Yes,No,DSL,No,No,No,No,No,Yes,Month-to-month,Yes,Electronic check,71.48,1170.92,Yes
5829-DJKE,Female,0,No,No,54,Yes,No,Fiber optic,No,No,No,Yes,Yes,Yes,Month-to-month,No,Bank transfer (automatic),105.4,5681.86,No
8612-KCDJ,Female,0,No,No,49,Yes,Yes,DSL,Yes,Yes,No,Yes,Yes,No,One year,Yes,Credit card (automatic),106.83,5222.86,No
2638-AFHQ,Male,0,Yes,No,20,Yes,No,No,No internet service,No internet service,No internet service,No internet service,No internet service,No internet service,Month-to-month,No,Bank transfer (automatic),34.33,699.35,No
1160-IKSB,Male,0,Yes,No,33,Yes,No,DSL,No,Yes,No,No,No,Yes,One year,Yes,Electronic check,73.84,2468.71,No
9502-KCQJ,Male,0,No,Yes,39,Yes,No,Fiber optic,Yes,Yes,Yes,No,No,Yes,Month-to-month,Yes,Electronic check,114.35,4512.58,Yes
5412-CVCU,Female,0,Yes,No,29,No,No phone service,Fiber optic,No,Yes,No,Yes,No,No,Two year,No,Credit card (automatic),86.03,2495.73,No
2601-AGTK,Female,0,Yes,No,69,Yes,Yes,No,No internet service,No internet service,No internet service,No internet service,No internet service,No internet service,Two year,No,Credit card (automatic),49.32,3392.97,No
2925-WDSU,Male,0,No,No,24,Yes,No,No,No internet service,No internet service,No internet service,No internet service,No internet service,No internet service,Month-to-month,Yes,Credit card (automatic),28.41,721.5,No
4501-CDHR,Female,0,Yes,No,68,Yes,Yes,No,No internet service,No internet service,No internet service,No internet service,No internet service,No internet service,Two year,Yes,Mailed check,45.59,3098.09,No
8274-PCGB,Female,0,No,No,28,Yes,Yes,Fiber optic,No,No,No,Yes,No,Yes,Month-to-month,Yes,Mailed check,108.98,3056.45,Yes
9633-AFSG,Male,1,No,No,66,Yes,Yes,Fiber optic,Yes,No,Yes,Yes,No,No,Two year,Yes,Credit card (automatic),118.56,7828.97,No
6719-EURX,Female,0,No,Yes,56,Yes,Yes,DSL,Yes,Yes,Yes,Yes,Yes,Yes,Month-to-month,No,Bank transfer (automatic),118.75,6643.98,No
2017-MAJI,Female,0,Yes,Yes,46,No,No phone service,No,No internet service,No internet service,No internet service,No internet service,No internet service,No internet service,Month-to-month,No,Mailed check,21.14,966.24,No
8072-AGDW,Female,1,Yes,No,16,Yes,No,Fiber optic,Yes,No,No,No,No,Yes,Month-to-month,No,Mailed check,98.25,1589.22,Yes
5651-PNWJ,Female,0,Yes,Yes,48,Yes,Yes,DSL,Yes,No,No,Yes,Yes,No,Month-to-month,No,Mailed check,99.51,4809.42,No
2057-XRPI,Male,1,No,No,49,Yes,Yes,DSL,Yes,No,No,No,No,Yes,Month-to-month,No,Electronic check,89.08,4389.02,No
1420-IYHX,Female,0,Yes,No,4,Yes,No,Fiber optic,No,No,Yes,No,No,Yes,Month-to-month,Yes,Bank transfer (automatic),100.29,379.57,Yes
2491-PTRD,Male,1,Yes,No,12,No,No phone service,No,No internet service,No internet service,No internet service,No internet service,No internet service,No internet service,Two year,Yes,Electronic check,19.85,265.77,No
6061-CROH,Male,0,No,No,62,Yes,No,DSL,No,No,No,Yes,Yes,Yes,Month-to-month,Yes,Credit card (automatic),85.37,5299.04,No
3065-XWCF,Male,0,No,No,38,Yes,Yes,Fiber optic,Yes,No,No,No,No,No,Month-to-month,Yes,Mailed check,104.31,3935.33,Yes
7773-ZUXO,Male,1,Yes,No,67,No,No phone service,No,No internet service,No internet service,No internet service,No internet service,No internet service,No internet service,Month-to-month,Yes,Electronic check,19.85,1327.94,No
5442-LEGV,Female,1,Yes,No,44,Yes,Yes,No,No internet service,No internet service,No internet service,No internet service,No internet service,No internet service,Month-to-month,Yes,Bank transfer (automatic),42.68,1869.23,No
8834-OGMY,Female,0,No,No,16,Yes,Yes,Fiber optic,Yes,No,Yes,Yes,No,No,Month-to-month,Yes,Bank transfer (automatic),113.21,1795.95,Yes
4618-ZWMZ,Male,1,No,Yes,58,No,No phone service,Fiber optic,Yes,Yes,Yes,No,Yes,Yes,Month-to-month,No,Bank transfer (automatic),107.53,6234.43,No
4458-BWDQ,Male,0,No,No,58,Yes,No,Fiber optic,Yes,No,No,No,No,Yes,Month-to-month,No,Mailed check,104.06,6031.01,No
9069-KFVB,Male,0,Yes,No,7,Yes,No,Fiber optic,No,No,No,No,Yes,No,Two year,No,Electronic check,87.01,623.94,No
7978-LNBV,Male,0,Yes,No,29,Yes,Yes,Fiber optic,No,No,Yes,No,No,Yes,One year,No,Electronic check,105.88,3039.02,No
6404-VEJJ,Female,0,No,No,2,No,No phone service,Fiber optic,No,No,No,Yes,No,Yes,Month-to-month,Yes,Bank transfer (automatic),83.74,174.79,Yes
5980-IUMJ,Male,0,No,No,16,Yes,Yes,Fiber optic,No,No,Yes,No,Yes,No,Month-to-month,No,Electronic check,106.58,1726.28,Yes
2517-QTBJ,Male,0,Yes,No,50,Yes,Yes,DSL,Yes,No,Yes,No,Yes,No,Two year,No,Mailed check,98.74,4930.52,No
5642-GGAH,Female,0,Yes,No,23,Yes,No,Fiber optic,Yes,Yes,Yes,Yes,No,No,One year,No,Mailed check,117.5,2721.47,No
4766-AHNN,Male,0,No,No,63,Yes,No,Fiber optic,No,No,No,No,Yes,No,Month-to-month,No,Bank transfer (automatic),91.73,5771.24,No
6857-HSJG,Female,0,No,Yes,70,Yes,Yes,Fiber optic,Yes,Yes,No,No,No,Yes,Two year,No,Credit card (automatic),115.53,8083.23,No
2077-UOKZ,Female,0,Yes,Yes,48,Yes,Yes,Fiber optic,Yes,No,Yes,Yes,Yes,Yes,Two year,Yes,Electronic check,118.75,5645.24,No
8181-KBBL,Female,0,No,No,19,Yes,Yes,Fiber optic,No,Yes,No,Yes,No,No,One year,Yes,Mailed check,99.98,1911.21,No
1845-YPHX,Male,1,No,No,28,Yes,No,No,No internet service,No internet service,No internet service,No internet service,No internet service,No internet service,Month-to-month,Yes,Credit card (automatic),34.93,983.11,No
6136-ELFR,Female,0,No,No,9,Yes,No,Fiber optic,Yes,No,No,Yes,No,Yes,Month-to-month,Yes,Electronic check,102.2,914.38,Yes
6668-FIOJ,Female,0,Yes,No,8,No,No phone service,Fiber optic,Yes,Yes,No,No,No,No,One year,Yes,Mailed check,80.74,664.65,No
9956-ZSLI,Male,0,No,No,70,Yes,Yes,Fiber optic,No,Yes,No,No,No,Yes,Month-to-month,No,Bank transfer (automatic),101.1,7075.46,No
7062-NAQA,Male,0,Yes,No,62,Yes,No,Fiber optic,No,Yes,Yes,No,Yes,No,Month-to-month,Yes,Bank transfer (automatic),100.96,6248.65,No
8838-HMPB,Male,0,Yes,Yes,32,Yes,Yes,DSL,Yes,No,No,No,Yes,No,Month-to-month,No,Bank transfer (automatic),86.25,2760.13,No
7700-RCMS,Male,0,No,No,23,Yes,No,No,No internet service,No internet service,No internet service,No internet service,No internet service,No internet service,Month-to-month,Yes,Mailed check,34.76,820.01,No
9396-SDSR,Female,0,No,No,31,Yes,No,DSL,No,No,No,Yes,Yes,No,Month-to-month,No,Electronic check,75.47,2343.61,No
6400-FSYD,Male,1,No,No,3,Yes,No,DSL,Yes,No,No,No,No,Yes,One year,Yes,Credit card (automatic),80.69,200.56,No
3371-XGGZ,Female,0,Yes,Yes,61,Yes,No,Fiber optic,No,Yes,Yes,Yes,No,No,Month-to-month,No,Credit card (automatic),100.14,6106.56,No
3806-ZPPE,Female,0,Yes,No,21,Yes,Yes,No,No internet service,No internet service,No internet service,No internet service,No internet service,No internet service,Month-to-month,Yes,Bank transfer (automatic),49.08,971.67,No
7382-WDXY,Male,0,No,Yes,22,Yes,No,DSL,No,Yes,No,Yes,Yes,No,Month-to-month,Yes,Electronic check,87.75,1952.46,No
2452-SGLZ,Male,0,Yes,No,25,Yes,No,Fiber optic,No,Yes,No,No,No,Yes,One year,No,Credit card (automatic),99.15,2453.45,No
2768-QBPG,Male,0,Yes,No,48,Yes,Yes,Fiber optic,No,No,Yes,Yes,No,No,Month-to-month,Yes,Electronic check,104.08,5012.71,Yes
2169-GACU,Male,0,No,No,43,Yes,No,DSL,No,Yes,No,Yes,Yes,No,Month-to-month,No,Credit card (automatic),85.89,3697.71,No
2405-KVOY,Female,0,No,Yes,21,Yes,Yes,DSL,Yes,No,Yes,No,Yes,Yes,Month-to-month,No,Mailed check,103.93,2188.79,No
9066-XMDW,Male,1,No,No,66,Yes,No,No,No internet service,No internet service,No internet service,No internet service,No internet service,No internet service,One year,Yes,Mailed check,40.16,2668.63,No
2141-HVDR,Female,0,Yes,No,41,Yes,Yes,No,No internet service,No internet service,No internet service,No internet service,No internet service,No internet service,One year,Yes,Bank transfer (automatic),45.79,1864.5,No
9550-KDMI,Female,0,No,No,51,Yes,Yes,DSL,No,No,Yes,No,Yes,Yes,Two year,No,Electronic check,96.85,4945.2,No
3632-WUSC,Male,0,No,No,16,Yes,Yes,No,No internet service,No internet service,No internet service,No internet service,No internet service,No internet service,Two year,Yes,Bank transfer (automatic),41.29,661.23,No
2624-YLKT,Male,0,No,No,13,Yes,No,Fiber optic,No,No,No,Yes,Yes,No,Two year,Yes,Mailed check,100.86,1293.34,No
7026-QZUN,Male,0,Yes,No,63,Yes,Yes,Fiber optic,No,No,No,No,Yes,No,Two year,No,Electronic check,100.58,6344.85,No
7975-PXJD,Female,1,No,No,44,Yes,No,Fiber optic,No,No,No,Yes,No,Yes,Two year,Yes,Bank transfer (automatic),97.61,4301.18,No
3313-ZTLI,Female,0,No,No,63,No,No phone service,DSL,Yes,No,Yes,Yes,No,Yes,Month-to-month,No,Bank transfer (automatic),79.55,5025.5,No
7664-GZXL,Female,0,No,No,29,Yes,No,Fiber optic,No,No,Yes,No,No,No,Two year,No,Electronic check,84.61,2459.11,No
8483-TXNV,Male,0,No,No,12,Yes,Yes,Fiber optic,No,No,No,Yes,No,No,Month-to-month,Yes,Electronic check,95.23,1151.97,Yes
7671-SWCK,Male,0,Yes,Yes,25,No,No phone service,No,No internet service,No internet service,No internet service,No internet service,No internet service,No internet service,Month-to-month,No,Electronic check,18.25,453.8,No
4935-WUTS,Male,0,No,Yes,31,Yes,Yes,DSL,Yes,No,No,Yes,No,No,Month-to-month,Yes,Mailed check,85.47,2636.17,No
6331-HZCJ,Male,0,No,No,45,Yes,No,No,No internet service,No internet service,No internet service,No internet service,No internet service,No internet service,Month-to-month,Yes,Mailed check,34.4,1533.39,No
5428-IFOP,Male,0,Yes,No,50,Yes,Yes,DSL,No,Yes,No,Yes,Yes,Yes,Month-to-month,Yes,Credit card (automatic),103.14,5131.86,No
3116-UMSB,Male,0,Yes,No,33,No,No phone service,No,No internet service,No internet service,No internet service,No internet service,No internet service,No internet service,Month-to-month,Yes,Bank transfer (automatic),19.57,652.63,No
8546-AOON,Male,0,Yes,No,27,Yes,Yes,Fiber optic,Yes,No,No,No,No,No,One year,Yes,Credit card (automatic),99.43,2681.87,No
9254-ETYZ,Female,0,No,Yes,18,Yes,No,Fiber optic,No,No,No,No,No,Yes,Two year,Yes,Bank transfer (automatic),88.98,1594.28,No
5275-PCFU,Female,0,No,No,47,Yes,Yes,No,No internet service,No internet service,No internet service,No internet service,No internet service,No internet service,Month-to-month,No,Electronic check,44.96,2092.43,No
3774-MAUN,Female,0,Yes,No,71,Yes,No,DSL,Yes,No,Yes,No,Yes,No,One year,No,Mailed check,85.4,6075.23,No
1353-ORIZ,Female,0,No,No,33,Yes,No,Fiber optic,Yes,Yes,Yes,Yes,Yes,Yes,Month-to-month,Yes,Bank transfer (automatic),118.75,3905.02,Yes
9450-DOET,Male,1,No,Yes,15,No,No phone service,No,No internet service,No internet service,No internet service,No internet service,No internet service,No internet service,One year,Yes,Mailed check,23.77,350.66,No
9787-EJPY,Male,0,No,No,70,Yes,No,Fiber optic,Yes,Yes,Yes,Yes,No,Yes,One year,Yes,Electronic check,118.75,8312.05,No
4754-SFJT,Male,0,Yes,No,26,Yes,No,Fiber optic,No,Yes,Yes,Yes,Yes,No,Month-to-month,No,Electronic check,115.38,2944.58,Yes
5578-VOKV,Female,1,No,No,50,Yes,No,DSL,No,No,Yes,No,No,Yes,Month-to-month,No,Mailed check,81.1,4047.47,No
5193-YXFQ,Male,0,No,No,53,Yes,No,Fiber optic,Yes,Yes,No,Yes,No,Yes,Two year,No,Credit card (automatic),115.82,6120.99,No
5574-DWIJ,Female,0,Yes,No,16,No,No phone service,Fiber optic,Yes,No,Yes,No,Yes,No,Month-to-month,Yes,Bank transfer (automatic),94.32,1529.41,Yes
7292-ZBKK,Female,0,Yes,No,71,Yes,No,DSL,No,No,Yes,No,No,No,Month-to-month,No,Credit card (automatic),68.4,4835.03,No
5490-AZNA,Female,0,Yes,No,67,Yes,Yes,DSL,No,No,No,Yes,No,No,Month-to-month,No,Mailed check,70.57,4745.6,No
1829-WYIX,Male,1,No,No,0,Yes,Yes,Fiber optic,Yes,No,No,No,Yes,Yes,Month-to-month,Yes,Mailed check,118.31, ,Yes
6909-VDAS,Male,1,No,No,13,Yes,Yes,No,No internet service,No internet service,No internet service,No internet service,No internet service,No internet service,Two year,No,Credit card (automatic),46.45,612.95,No
2225-OTDT,Female,0,No,No,6,Yes,No,Fiber optic,No,No,Yes,No,Yes,Yes,Month-to-month,Yes,Mailed check,108.08,634.88,Yes
3733-EOOY,Female,1,Yes,Yes,63,Yes,No,Fiber optic,No,No,No,No,Yes,Yes,Two year,Yes,Electronic check,97.1,6106.83,No
3447-DYIA,Male,0,Yes,Yes,71,No,No phone service,DSL,Yes,Yes,Yes,Yes,No,No,One year,Yes,Credit card (automatic),78.53,5533.1,No
7084-DPBZ,Female,0,No,No,7,Yes,No,DSL,No,Yes,No,No,No,No,Month-to-month,Yes,Electronic check,73.1,535.89,Yes
9239-RBPA,Male,0,Yes,No,53,Yes,Yes,Fiber optic,No,No,No,Yes,No,Yes,Month-to-month,Yes,Credit card (automatic),106.47,5651.68,No
2167-COKJ,Female,0,No,No,23,Yes,No,No,No internet service,No internet service,No internet service,No internet service,No internet service,No internet service,Month-to-month,Yes,Electronic check,40.34,922.78,No
3179-QDSY,Male,0,Yes,No,54,Yes,No,DSL,Yes,No,No,No,Yes,No,Month-to-month,No,Credit card (automatic),75.5,4065.97,No
3720-NXKY,Female,0,Yes,Yes,0,No,No phone service,DSL,No,No,No,No,No,Yes,Two year,Yes,Credit card (automatic),54.69, ,No
8686-QDJQ,Male,1,No,Yes,71,No,No phone service,Fiber optic,No,No,Yes,No,Yes,Yes,Two year,Yes,Bank transfer (automatic),91.58,6460.83,No
9414-SRQF,Female,0,No,No,68,Yes,No,No,No internet service,No internet service,No internet service,No internet service,No internet service,No internet service,Month-to-month,Yes,Credit card (automatic),37.61,2569.89,No
5486-FYLI,Male,1,Yes,Yes,31,No,No phone service,Fiber optic,No,Yes,No,Yes,No,No,Month-to-month,Yes,Bank transfer (automatic),76.25,2365.12,No
3545-BYQU,Female,0,Yes,No,0,Yes,No,DSL,Yes,Yes,No,Yes,Yes,No,One year,No,Mailed check,93.65, ,No
5936-FBFI,Male,0,Yes,No,65,Yes,No,No,No internet service,No internet service,No internet service,No internet service,No internet service,No internet service,Month-to-month,Yes,Credit card (automatic),32.11,2105.02,No
3959-YXOL,Female,1,Yes,No,41,Yes,Yes,Fiber optic,No,No,No,No,No,No,Month-to-month,No,Electronic check,87.59,3599.74,Yes
4239-ZFCW,Female,1,No,No,8,No,No phone service,Fiber optic,Yes,Yes,Yes,Yes,No,No,Month-to-month,Yes,Electronic check,97.59,762.12,Yes
7595-JNUX,Female,0,No,Yes,23,No,No phone service,DSL,Yes,No,No,Yes,No,No,Month-to-month,Yes,Credit card (automatic),66.03,1542.63,No
9294-GHJS,Female,0,No,No,18,Yes,Yes,No,No internet service,No internet service,No internet service,No internet service,No internet service,No internet service,Month-to-month,Yes,Bank transfer (automatic),45.46,811.53,No
7209-OAJF,Female,0,No,No,50,Yes,Yes,DSL,No,Yes,No,Yes,No,Yes,One year,No,Credit card (automatic),94.35,4724.73,No
4689-LXFF,Female,0,Yes,No,1,Yes,Yes,No,No internet service,No internet service,No internet service,No internet service,No internet service,No internet service,Two year,Yes,Mailed check,45.26,54.05,No
2120-LWWJ,Male,0,No,Yes,9,Yes,Yes,No,No internet service,No internet service,No internet service,No internet service,No internet service,No internet service,Month-to-month,Yes,Credit card (automatic),39.94,357.5,No
8224-NOWX,Male,0,No,No,68,Yes,Yes,DSL,No,Yes,No,Yes,Yes,No,Month-to-month,No,Mailed check,96.41,6588.76,No
1803-YAHC,Female,0,No,No,5,Yes,No,DSL,No,No,Yes,Yes,No,No,Month-to-month,No,Electronic check,76.78,376.13,Yes
2488-BOFE,Male,0,No,Yes,61,Yes,Yes,No,No internet service,No internet service,No internet service,No internet service,No internet service,No internet service,One year,No,Bank transfer (automatic),47.98,2957.29,No
4309-SIHC,Female,0,No,Yes,65,Yes,Yes,DSL,Yes,No,No,Yes,Yes,No,Month-to-month,Yes,Electronic check,97.13,6298.45,No
7990-UOPY,Female,1,No,No,7,Yes,No,No,No internet service,No internet service,No internet service,No internet service,No internet service,No internet service,One year,Yes,Electronic check,32.01,214.57,No
2504-JSER,Male,1,No,Yes,67,Yes,No,DSL,No,Yes,Yes,No,No,Yes,Month-to-month,Yes,Electronic check,84.32,5669.79,No
9002-DDKI,Female,1,No,No,58,Yes,No,Fiber optic,No,No,No,No,No,Yes,One year,Yes,Bank transfer (automatic),90.33,5282.47,No
2307-YPIK,Female,0,No,No,49,Yes,No,DSL,No,Yes,Yes,No,No,Yes,Two year,Yes,Mailed check,91.13,4447.59,No
5939-VHPE,Male,1,Yes,No,35,Yes,No,No,No internet service,No internet service,No internet service,No internet service,No internet service,No internet service,Two year,No,Credit card (automatic),33.78,1164.54,No
2428-AQXU,Female,0,No,No,7,Yes,No,Fiber optic,Yes,No,No,No,Yes,No,Month-to-month,Yes,Electronic check,94.08,643.42,Yes
1201-ROTM,Female,0,Yes,No,16,Yes,No,Fiber optic,Yes,No,No,Yes,Yes,No,Month-to-month,No,Electronic check,100.38,1611.44,Yes
9265-IMCV,Male,0,Yes,No,58,Yes,Yes,DSL,Yes,No,No,No,No,Yes,Month-to-month,No,Bank transfer (automatic),87.75,5092.28,No
3202-WCAB,Male,0,No,No,7,Yes,Yes,Fiber optic,No,Yes,No,No,Yes,Yes,Month-to-month,No,Electronic check,117.46,833.83,Yes
7317-JGWA,Female,0,No,No,42,Yes,No,Fiber optic,Yes,No,Yes,Yes,No,Yes,Month-to-month,No,Mailed check,113.33,4740.77,Yes
1185-GOZK,Female,0,No,No,62,Yes,Yes,DSL,No,No,No,No,Yes,Yes,Month-to-month,No,Mailed check,88.57,5494.0,No
9831-FVGG,Female,0,No,Yes,11,Yes,Yes,Fiber optic,No,No,Yes,No,Yes,No,Month-to-month,No,Electronic check,105.58,1157.11,Yes
1201-UOHX,Female,0,Yes,No,55,Yes,No,DSL,Yes,Yes,No,No,No,Yes,Two year,No,Credit card (automatic),86.39,4742.83,No
3102-ODFY,Female,0,No,No,48,Yes,Yes,Fiber optic,No,No,Yes,No,Yes,No,Two year,Yes,Bank transfer (automatic),111.27,5348.16,No
7697-RPRF,Female,0,No,No,51,Yes,Yes,Fiber optic,No,No,No,No,No,No,Two year,Yes,Electronic check,93.14,4758.87,No
2329-MGTL,Female,1,No,No,10,Yes,No,DSL,No,Yes,No,Yes,Yes,Yes,Month-to-month,Yes,Electronic check,101.28,1045.91,Yes
3273-LLXD,Male,0,Yes,No,26,Yes,Yes,DSL,Yes,Yes,No,Yes,Yes,No,Two year,Yes,Electronic check,105.71,2757.94,No
8075-RPNQ,Female,0,No,No,61,Yes,Yes,DSL,No,Yes,Yes,No,No,No,Two year,Yes,Bank transfer (automatic),87.87,5374.69,No
7210-FWMI,Female,0,No,No,8,Yes,No,Fiber optic,No,No,Yes,No,Yes,Yes,Two year,Yes,Credit card (automatic),107.29,885.15,No
7420-IHQP,Male,0,Yes,Yes,35,Yes,Yes,No,No internet service,No internet service,No internet service,No internet service,No internet service,No internet service,Month-to-month,Yes,Bank transfer (automatic),44.9,1582.25,No
2274-SXPY,Female,0,No,No,45,Yes,No,Fiber optic,No,No,Yes,No,No,Yes,Month-to-month,Yes,Mailed check,95.14,4264.89,Yes
4437-TNNN,Female,0,Yes,Yes,28,Yes,Yes,No,No internet service,No internet service,No internet service,No internet service,No internet service,No internet service,Month-to-month,Yes,Credit card (automatic),49.32,1390.6,No
4051-FTMP,Male,0,No,Yes,67,Yes,No,DSL,Yes,No,No,Yes,Yes,No,Two year,No,Electronic check,82.99,5537.33,No
6758-IBVC,Female,0,No,Yes,40,Yes,No,DSL,No,No,Yes,Yes,No,Yes,One year,No,Electronic check,90.5,3567.4,No
3377-TBXJ,Male,0,No,Yes,27,Yes,No,DSL,No,No,Yes,No,No,Yes,Month-to-month,No,Credit card (automatic),79.81,2172.89,No
3215-QZVA,Male,0,No,No,63,Yes,No,No,No internet service,No internet service,No internet service,No internet service,No internet service,No internet service,Two year,Yes,Electronic check,35.91,2218.47,No
7917-GORI,Male,1,Yes,No,23,Yes,No,No,No internet service,No internet service,No internet service,No internet service,No internet service,No internet service,One year,Yes,Electronic check,36.88,821.23,No
9536-JDTH,Male,0,No,No,15,Yes,Yes,Fiber optic,No,No,No,Yes,No,Yes,Month-to-month,No,Mailed check,106.68,1578.91,Yes
9896-HWLW,Male,0,Yes,Yes,21,Yes,Yes,Fiber optic,No,No,No,No,Yes,No,Month-to-month,No,Credit card (automatic),100.65,2099.49,Yes
1814-MPZW,Male,1,Yes,Yes,46,Yes,No,Fiber optic,Yes,No,No,No,No,No,Two year,No,Mailed check,87.14,4009.49,No
5958-RAQP,Male,0,Yes,No,16,Yes,No,No,No internet service,No internet service,No internet service,No internet service,No internet service,No internet service,Month-to-month,Yes,Mailed check,32.43,490.51,No
5470-ETUJ,Female,0,Yes,No,0,Yes,No,DSL,Yes,Yes,No,No,Yes,Yes,One year,No,Credit card (automatic),92.52, ,No
8717-LJVQ,Male,0,No,No,30,Yes,No,Fiber optic,No,No,No,No,Yes,Yes,One year,Yes,Electronic check,99.21,2975.82,No
6938-TFMI,Male,0,No,Yes,11,Yes,No,DSL,No,Yes,No,No,No,No,Two year,Yes,Electronic check,67.29,768.72,No
1561-HYRY,Female,0,No,Yes,19,Yes,Yes,DSL,No,No,Yes,Yes,Yes,Yes,One year,No,Electronic check,102.84,1965.52,No
5664-VBHJ,Female,0,Yes,Yes,18,Yes,Yes,Fiber optic,Yes,No,No,No,Yes,Yes,Month-to-month,Yes,Mailed check,118.75,2147.26,Yes
3238-IXRH,Male,1,No,Yes,4,Yes,No,Fiber optic,No,No,Yes,No,Yes,Yes,Two year,Yes,Electronic check,107.11,439.13,No
1754-CIMI,Male,1,No,No,14,Yes,No,Fiber optic,No,No,Yes,No,No,No,Month-to-month,Yes,Electronic check,91.13,1284.61,Yes
9152-TLWM,Male,0,Yes,No,24,Yes,Yes,DSL,No,No,No,No,No,No,Month-to-month,Yes,Credit card (automatic),67.07,1603.88,No
2287-OMUM,Male,0,Yes,Yes,34,Yes,Yes,Fiber optic,No,No,Yes,No,Yes,Yes,Month-to-month,Yes,Electronic check,116.47,3927.27,Yes
4902-QOYV,Female,1,No,No,54,Yes,Yes,Fiber optic,No,Yes,No,No,Yes,No,Month-to-month,No,Credit card (automatic),112.25,6069.27,No
4138-NJQH,Female,0,Yes,No,62,Yes,Yes,Fiber optic,Yes,Yes,No,No,Yes,No,Month-to-month,No,Mailed check,114.35,7063.34,No
8051-QWKI,Male,0,Yes,No,46,No,No phone service,DSL,No,No,Yes,No,No,No,One year,Yes,Electronic check,59.09,2740.94,No
3165-XXYW,Female,0,Yes,Yes,66,No,No phone service,DSL,No,Yes,No,No,No,No,Month-to-month,Yes,Electronic check,48.13,3158.78,No
2176-OILK,Female,0,Yes,No,63,No,No phone service,No,No internet service,No internet service,No internet service,No internet service,No internet service,No internet service,Month-to-month,Yes,Electronic check,18.25,1154.2,No
4288-ODRK,Female,0,Yes,No,21,Yes,No,Fiber optic,No,No,No,Yes,Yes,No,One year,Yes,Mailed check,96.05,2019.51,No
4080-IHCU,Female,0,No,No,68,Yes,Yes,Fiber optic,No,Yes,Yes,No,No,Yes,Month-to-month,No,Electronic check,118.75,8087.17,Yes
9813-CQDU,Male,0,Yes,No,1,Yes,No,No,No internet service,No internet service,No internet service,No internet service,No internet service,No internet service,One year,No,Mailed check,42.3,42.3,No
1411-ROSV,Female,1,Yes,Yes,24,Yes,No,DSL,No,No,Yes,No,Yes,No,Two year,Yes,Mailed check,78.18,1884.55,No
8749-OGLP,Female,0,Yes,No,60,Yes,No,No,No internet service,No internet service,No internet service,No internet service,No internet service,No internet service,Two year,Yes,Electronic check,33.24,1994.23,No
8368-TEKB,Male,0,No,No,4,Yes,No,Fiber optic,No,No,No,No,Yes,No,One year,Yes,Credit card (automatic),90.98,345.19,No
1803-EGFX,Female,0,No,Yes,27,Yes,No,Fiber optic,Yes,Yes,No,No,Yes,No,Month-to-month,No,Bank transfer (automatic),107.13,2892.07,Yes
5182-CAII,Male,0,No,No,65,Yes,No,Fiber optic,No,Yes,No,No,Yes,Yes,Two year,Yes,Electronic check,115.7,7533.58,No
4093-BPHZ,Male,0,No,No,14,Yes,Yes,No,No internet service,No internet service,No internet service,No internet service,No internet service,No internet service,Month-to-month,No,Mailed check,43.08,616.77,No
1325-WMAS,Female,0,No,No,54,Yes,No,DSL,No,Yes,Yes,No,No,No,Two year,Yes,Credit card (automatic),78.83,4275.64,No
2440-JALK,Female,0,Yes,No,37,No,No phone service,DSL,No,No,No,No,Yes,Yes,Month-to-month,Yes,Bank transfer (automatic),66.9,2462.43,No
6136-DWGL,Male,0,Yes,No,22,Yes,No,DSL,No,No,No,Yes,Yes,Yes,Two year,No,Electronic check,90.27,1954.51,No
9140-EFBU,Female,0,Yes,Yes,13,Yes,No,DSL,Yes,Yes,No,No,No,No,Month-to-month,Yes,Electronic check,74.9,965.66,Yes
6560-VNJD,Male,1,Yes,No,31,Yes,No,Fiber optic,No,No,Yes,No,Yes,No,One year,Yes,Credit card (automatic),99.16,3068.64,No
6314-YWNF,Male,0,Yes,No,43,Yes,No,DSL,No,Yes,Yes,Yes,Yes,Yes,Month-to-month,Yes,Bank transfer (automatic),103.54,4437.35,No
9863-WOHE,Female,0,No,No,69,Yes,No,DSL,No,No,No,No,No,No,Two year,No,Credit card (automatic),63.07,4369.39,No
4233-XALH,Male,0,Yes,No,57,Yes,No,Fiber optic,Yes,No,Yes,Yes,No,Yes,Month-to-month,Yes,Mailed check,109.46,6257.6,No
5872-NRJI,Male,0,No,No,3,Yes,Yes,Fiber optic,Yes,No,No,No,No,No,Month-to-month,Yes,Mailed check,97.93,351.5,Yes
9645-AEJY,Female,0,No,No,61,Yes,No,Fiber optic,Yes,No,Yes,Yes,No,No,Month-to-month,No,Electronic check,102.83,6250.11,No
3380-VWDA,Female,0,No,No,59,Yes,No,DSL,No,No,Yes,No,No,Yes,Month-to-month,No,Credit card (automatic),79.45,4707.09,No
3401-XDQJ,Male,0,Yes,No,58,Yes,Yes,DSL,Yes,No,No,No,No,No,Month-to-month,No,Bank transfer (automatic),73.69,4315.38,No
3006-LBCN,Female,0,No,Yes,28,Yes,No,No,No internet service,No internet service,No internet service,No internet service,No internet service,No internet service,Month-to-month,No,Electronic check,35.72,996.24,No
1760-OMIB,Male,0,No,No,18,Yes,No,Fiber optic,No,Yes,Yes,No,Yes,No,Month-to-month,Yes,Mailed check,109.06,1965.9,Yes
1530-PKLY,Female,0,No,Yes,16,No,No phone service,No,No internet service,No internet service,No internet service,No internet service,No internet service,No internet service,One year,Yes,Electronic check,19.16,285.2,No
3560-BPBZ,Male,0,No,Yes,3,Yes,Yes,DSL,Yes,No,No,Yes,Yes,Yes,Month-to-month,Yes,Electronic check,106.2,300.79,Yes
3781-SJSJ,Female,0,No,No,43,Yes,Yes,Fiber optic,No,Yes,Yes,Yes,Yes,Yes,Month-to-month,No,Bank transfer (automatic),118.75,5088.96,Yes
3511-MPRX,Female,0,Yes,No,3,Yes,No,Fiber optic,No,No,No,Yes,Yes,No,Month-to-month,No,Mailed check,96.21,285.19,Yes
7599-XRMY,Female,0,Yes,No,58,Yes,No,DSL,No,No,No,No,Yes,No,One year,Yes,Mailed check,73.22,4239.8,No
8163-UWXY,Female,0,Yes,No,11,Yes,Yes,Fiber optic,Yes,No,Yes,Yes,No,No,Two year,Yes,Credit card (automatic),110.15,1228.74,No
9689-FIFR,Female,0,No,Yes,46,Yes,Yes,Fiber optic,No,Yes,No,No,No,No,Month-to-month,No,Credit card (automatic),100.53,4640.55,Yes
3608-LCEG,Male,0,Yes,No,6,Yes,No,Fiber optic,Yes,Yes,No,No,Yes,Yes,Month-to-month,No,Bank transfer (automatic),115.11,706.05,Yes
5809-JSYZ,Male,0,Yes,No,11,Yes,No,DSL,No,No,No,No,No,No,Two year,Yes,Electronic check,61.49,675.59,No
8771-DJRC,Female,0,No,No,70,Yes,Yes,DSL,No,No,No,No,Yes,No,One year,No,Electronic check,76.77,5389.38,No
3548-CEPT,Male,1,Yes,No,53,Yes,Yes,Fiber optic,Yes,No,No,No,Yes,Yes,One year,No,Credit card (automatic),118.75,6281.03,No
8948-KZMS,Female,0,No,Yes,57,Yes,Yes,No,No internet service,No internet service,No internet service,No internet service,No internet service,No internet service,Two year,Yes,Electronic check,43.37,2464.39,No
2381-XMDY,Male,0,No,No,62,No,No phone service,Fiber optic,No,Yes,No,No,No,Yes,Month-to-month,No,Electronic check,85.92,5363.59,Yes
1036-SEUN,Male,0,Yes,Yes,14,Yes,Yes,Fiber optic,No,No,No,No,No,Yes,Month-to-month,No,Bank transfer (automatic),98.04,1411.0,Yes
8006-DLFS,Male,0,Yes,Yes,36,Yes,No,DSL,Yes,Yes,Yes,No,Yes,Yes,Month-to-month,Yes,Electronic check,109.32,3958.25,Yes
1809-AWWP,Female,1,No,No,55,Yes,Yes,No,No internet service,No internet service,No internet service,No internet service,No internet service,No internet service,Month-to-month,No,Credit card (automatic),39.82,2197.62,No
1424-RQOS,Female,0,No,No,72,Yes,No,Fiber optic,No,No,Yes,No,No,Yes,Two year,No,Credit card (automatic),95.89,6909.72,No
2233-FSUL,Male,0,No,No,30,Yes,No,No,No internet service,No internet service,No internet service,No internet service,No internet service,No internet service,Month-to-month,Yes,Bank transfer (automatic),32.51,971.91,No
2304-CAEA,Male,0,Yes,No,14,Yes,No,DSL,No,No,No,Yes,Yes,No,Month-to-month,No,Bank transfer (automatic),79.31,1094.92,No
7407-GOKR,Male,0,Yes,No,1,Yes,No,Fiber optic,No,Yes,No,No,No,Yes,Month-to-month,No,Electronic check,103.4,103.4,Yes
6357-IEWD,Male,0,Yes,Yes,12,Yes,No,DSL,No,No,No,Yes,No,No,Month-to-month,No,Bank transfer (automatic),65.21,820.49,No
2899-AXMA,Female,0,No,Yes,4,Yes,Yes,DSL,Yes,Yes,Yes,No,No,No,One year,No,Mailed check,95.07,394.75,No
9706-VHXR,Female,0,Yes,Yes,47,Yes,Yes,DSL,Yes,Yes,Yes,No,No,No,Two year,No,Electronic check,92.2,4341.55,No
8855-TTPB,Male,1,Yes,No,32,Yes,Yes,Fiber optic,Yes,No,Yes,No,No,Yes,Month-to-month,Yes,Credit card (automatic),117.14,3711.57,Yes
2222-JSTI,Female,1,No,No,31,Yes,No,Fiber optic,Yes,No,No,Yes,Yes,Yes,Month-to-month,No,Credit card (automatic),113.69,3521.16,Yes
6565-QIIE,Male,0,Yes,No,52,Yes,Yes,DSL,Yes,No,No,Yes,No,Yes,Month-to-month,No,Credit card (automatic),95.54,5019.27,No
7950-KHYN,Female,0,Yes,Yes,20,Yes,No,No,No internet service,No internet service,No internet service,No internet service,No internet service,No internet service,One year,Yes,Credit card (automatic),34.03,682.22,No
5929-JUXP,Male,1,No,Yes,65,Yes,No,DSL,No,No,Yes,No,No,No,Two year,Yes,Credit card (automatic),72.5,4694.08,No
6071-SKFF,Female,0,No,No,60,Yes,Yes,DSL,No,Yes,Yes,No,No,No,Month-to-month,Yes,Mailed check,88.96,5339.75,No
2574-PMCX,Male,0,No,No,53,Yes,No,DSL,No,No,Yes,No,No,No,Month-to-month,No,Mailed check,69.0,3664.63,No
8720-XCFY,Female,1,No,Yes,40,Yes,No,Fiber optic,Yes,No,No,No,Yes,No,Two year,No,Credit card (automatic),98.93,3944.86,No
5944-CBLX,Male,0,No,No,37,Yes,No,DSL,No,Yes,No,No,No,No,Month-to-month,Yes,Credit card (automatic),68.97,2576.44,No
8913-KPPX,Female,1,No,No,32,Yes,Yes,No,No internet service,No internet service,No internet service,No internet service,No internet service,No internet service,Month-to-month,Yes,Bank transfer (automatic),43.47,1375.99,No
7417-VWXI,Male,0,No,Yes,7,Yes,Yes,Fiber optic,Yes,Yes,No,Yes,No,No,Month-to-month,Yes,Electronic check,116.26,833.22,Yes
7420-SBXA,Male,0,No,Yes,35,Yes,Yes,Fiber optic,No,Yes,Yes,No,Yes,Yes,One year,No,Bank transfer (automatic),118.75,4135.79,No
7713-PVRC,Female,0,No,No,32,Yes,Yes,Fiber optic,Yes,Yes,Yes,Yes,Yes,No,Month-to-month,Yes,Electronic check,118.75,3812.08,Yes
5357-SVSK,Female,0,No,No,28,No,No phone service,Fiber optic,Yes,Yes,Yes,No,No,Yes,Month-to-month,Yes,Credit card (automatic),96.85,2710.91,Yes
8034-HETI,Female,0,No,No,56,Yes,No,Fiber optic,No,No,No,Yes,Yes,No,One year,No,Bank transfer (automatic),90.41,5098.97,No
4355-NDXX,Male,0,Yes,Yes,71,Yes,Yes,No,No internet service,No internet service,No internet service,No internet service,No internet service,No internet service,One year,No,Mailed check,45.91,3267.49,No
7716-QBTP,Male,0,Yes,No,60,Yes,Yes,Fiber optic,No,No,Yes,No,No,No,Two year,Yes,Credit card (automatic),100.26,6013.74,No
2697-KJSY,Male,0,No,Yes,54,Yes,Yes,Fiber optic,Yes,No,No,No,No,No,Month-to-month,No,Bank transfer (automatic),98.6,5305.69,No
6502-YNKI,Female,0,Yes,Yes,51,Yes,No,Fiber optic,No,No,No,No,No,Yes,Two year,Yes,Electronic check,85.89,4375.82,No
5166-OTQC,Male,0,Yes,Yes,42,Yes,Yes,No,No internet service,No internet service,No internet service,No internet service,No internet service,No internet service,Month-to-month,Yes,Electronic check,41.9,1757.74,No
4310-NHDZ,Female,0,No,No,25,Yes,Yes,Fiber optic,No,No,No,No,No,No,One year,No,Electronic check,87.47,2175.23,No
1393-BNHW,Male,0,Yes,No,1,Yes,Yes,No,No internet service,No internet service,No internet service,No internet service,No internet service,No internet service,Month-to-month,Yes,Credit card (automatic),39.67,48.64,No
8002-JYRO,Male,0,No,Yes,54,Yes,Yes,Fiber optic,No,Yes,No,No,No,Yes,Two year,No,Electronic check,103.32,5564.15,No
6988-VMRB,Male,0,No,No,17,Yes,No,Fiber optic,No,No,Yes,No,No,No,One year,Yes,Credit card (automatic),84.61,1443.86,No
3781-DOHO,Female,0,Yes,No,49,Yes,Yes,Fiber optic,No,Yes,No,Yes,No,Yes,Month-to-month,Yes,Mailed check,116.33,5680.82,No
9973-UITC,Male,1,Yes,Yes,44,No,No phone service,Fiber optic,Yes,Yes,Yes,No,Yes,No,Month-to-month,Yes,Credit card (automatic),96.9,4233.3,Yes
3480-YPDK,Male,0,Yes,No,14,Yes,No,DSL,Yes,No,Yes,Yes,No,No,Month-to-month,Yes,Mailed check,89.55,1257.4,No
5674-SNIC,Female,0,Yes,No,6,Yes,No,Fiber optic,No,Yes,No,No,No,No,Month-to-month,Yes,Credit card (automatic),84.12,452.2,Yes
7104-DKSP,Male,0,Yes,No,26,Yes,No,No,No internet service,No internet service,No internet service,No internet service,No internet service,No internet service,Month-to-month,Yes,Credit card (automatic),41.39,1078.26,No
4381-QJXQ,Female,0,Yes,No,39,Yes,Yes,Fiber optic,No,No,No,Yes,Yes,No,Month-to-month,Yes,Credit card (automatic),101.87,3960.02,Yes
4887-TVFG,Male,0,No,No,16,Yes,Yes,No,No internet service,No internet service,No internet service,No internet service,No internet service,No internet service,Two year,Yes,Credit card (automatic),41.58,651.14,No
6130-LNEE,Male,0,Yes,Yes,31,Yes,No,DSL,No,Yes,Yes,No,No,Yes,Two year,Yes,Bank transfer (automatic),82.83,2571.47,No
8315-VWZO,Female,0,No,No,15,Yes,Yes,Fiber optic,No,No,Yes,Yes,No,No,Month-to-month,Yes,Credit card (automatic),103.53,1535.02,Yes
5704-YXWI,Male,1,No,Yes,62,Yes,No,Fiber optic,Yes,No,Yes,Yes,No,Yes,Two year,Yes,Electronic check,113.75,7075.25,No
5245-NPRP,Female,1,Yes,No,59,Yes,Yes,DSL,No,Yes,No,No,Yes,No,Month-to-month,Yes,Mailed check,87.96,5204.16,No
8407-BJGY,Female,0,Yes,No,51,Yes,Yes,DSL,No,Yes,No,No,No,Yes,One year,Yes,Mailed check,89.19,4553.73,No
9859-IGXP,Male,0,Yes,Yes,48,No,No phone service,Fiber optic,No,Yes,No,No,No,No,Two year,No,Credit card (automatic),74.56,3576.11,No
1080-WHBY,Male,0,No,No,48,Yes,No,Fiber optic,No,Yes,No,No,No,Yes,Month-to-month,No,Mailed check,97.8,4693.11,Yes
7841-YCHB,Male,0,No,No,25,Yes,Yes,Fiber optic,No,No,No,No,Yes,No,One year,Yes,Mailed check,103.75,2612.09,No
7077-SQET,Male,0,Yes,No,50,Yes,Yes,DSL,No,No,No,No,Yes,No,One year,No,Electronic check,79.41,3936.35,No
6961-IVFK,Male,0,No,No,42,Yes,No,Fiber optic,No,No,No,Yes,Yes,Yes,One year,Yes,Mailed check,109.66,4589.04,No
2054-WLLP,Female,0,No,No,69,No,No phone service,Fiber optic,No,No,No,No,Yes,No,Month-to-month,Yes,Credit card (automatic),75.05,5202.58,No
7037-XLUR,Female,0,No,Yes,70,Yes,No,DSL,Yes,No,No,Yes,No,No,Two year,No,Credit card (automatic),73.55,5110.87,No
9271-DLQA,Female,1,No,No,8,Yes,No,DSL,No,No,No,No,Yes,No,Two year,Yes,Bank transfer (automatic),71.63,572.7,No
6566-RVPA,Female,1,Yes,Yes,43,Yes,Yes,Fiber optic,No,Yes,No,No,Yes,Yes,Two year,Yes,Bank transfer (automatic),117.94,5088.61,No
4866-JSPN,Female,0,Yes,Yes,63,Yes,Yes,Fiber optic,Yes,No,Yes,No,Yes,No,Month-to-month,Yes,Mailed check,117.93,7420.03,No
2944-BXFV,Male,0,No,No,1,Yes,Yes,DSL,No,No,Yes,No,Yes,No,Two year,Yes,Credit card (automatic),88.42,88.42,No
6867-DVXD,Female,0,No,No,35,Yes,Yes,Fiber optic,Yes,Yes,No,Yes,Yes,No,One year,No,Electronic check,118.75,4174.12,No
5804-GFMD,Female,0,No,No,2,Yes,No,Fiber optic,No,No,Yes,No,Yes,Yes,Two year,Yes,Credit card (automatic),112.69,213.95,No
2353-TAUH,Male,1,Yes,No,53,Yes,No,No,No internet service,No internet service,No internet service,No internet service,No internet service,No internet service,Month-to-month,Yes,Credit card (automatic),33.83,1780.54,No
9678-ECOQ,Male,0,No,No,20,Yes,Yes,Fiber optic,No,No,Yes,Yes,No,No,Month-to-month,Yes,Electronic check,112.24,2234.35,Yes
2484-OSTN,Male,0,No,No,66,Yes,Yes,No,No internet service,No internet service,No internet service,No internet service,No internet service,No internet service,Month-to-month,No,Bank transfer (automatic),47.9,3177.44,No
7668-LXWI,Male,0,Yes,No,8,Yes,No,DSL,No,No,Yes,No,No,No,Month-to-month,No,Credit card (automatic),70.37,570.85,Yes
8930-CKJA,Female,1,Yes,No,11,Yes,Yes,Fiber optic,No,Yes,No,No,No,No,Month-to-month,No,Mailed check,97.08,1081.41,Yes
8216-ZMNA,Male,0,No,No,71,Yes,No,DSL,Yes,No,No,Yes,Yes,No,Month-to-month,Yes,Credit card (automatic),88.09,6264.71,No
2399-DBSZ,Female,0,Yes,No,36,Yes,No,DSL,No,No,No,No,Yes,No,Month-to-month,Yes,Bank transfer (automatic),70.59,2549.74,No
6320-XMLS,Male,1,Yes,No,36,Yes,Yes,Fiber optic,No,Yes,No,No,No,No,One year,No,Credit card (automatic),97.73,3547.48,No
7952-JSJL,Male,0,Yes,No,66,Yes,Yes,DSL,No,No,No,Yes,No,No,Month-to-month,Yes,Credit card (automatic),72.85,4788.75,No
5135-PQTD,Female,0,No,Yes,55,Yes,No,DSL,Yes,No,Yes,No,No,Yes,Month-to-month,No,Bank transfer (automatic),88.65,4846.64,No
5069-LRGE,Female,0,No,No,62,Yes,No,Fiber optic,No,No,Yes,No,No,Yes,Month-to-month,Yes,Electronic check,97.92,6073.9,Yes
6737-FNFN,Male,1,Yes,Yes,25,Yes,No,DSL,Yes,No,Yes,No,Yes,No,Two year,No,Bank transfer (automatic),83.5,2074.57,No
2306-VZLH,Female,1,No,Yes,45,Yes,No,Fiber optic,No,Yes,No,Yes,Yes,No,One year,Yes,Electronic check,101.99,4594.25,No
8311-TZHI,Male,0,No,No,52,Yes,No,No,No internet service,No internet service,No internet service,No internet service,No internet service,No internet service,Month-to-month,Yes,Electronic check,35.72,1842.22,No
1812-TQSQ,Male,0,Yes,No,59,Yes,No,Fiber optic,No,Yes,Yes,No,No,No,Month-to-month,No,Credit card (automatic),98.28,5769.59,No
1870-ATNQ,Female,0,No,No,31,Yes,Yes,DSL,Yes,No,Yes,No,Yes,No,Month-to-month,No,Mailed check,91.93,2857.14,No
9460-BNAE,Female,0,No,No,61,Yes,No,Fiber optic,No,Yes,No,No,Yes,Yes,Two year,No,Mailed check,110.45,6740.75,No
9294-SNXN,Female,0,No,Yes,46,Yes,Yes,Fiber optic,Yes,No,No,No,Yes,Yes,Month-to-month,No,Mailed check,118.56,5456.72,Yes
5334-EEUX,Male,0,Yes,Yes,60,Yes,Yes,Fiber optic,Yes,Yes,No,Yes,Yes,Yes,Month-to-month,No,Bank transfer (automatic),118.75,7123.04,No
7750-XIJZ,Female,0,No,No,3,No,No phone service,Fiber optic,Yes,No,No,Yes,No,No,One year,No,Bank transfer (automatic),80.07,233.55,No
3577-DHRT,Female,1,Yes,Yes,1,Yes,Yes,DSL,No,No,Yes,Yes,Yes,No,Two year,No,Mailed check,94.59,105.97,No
6945-QPRG,Male,0,Yes,No,22,Yes,No,DSL,No,Yes,No,Yes,No,No,Month-to-month,No,Credit card (automatic),80.04,1805.19,No
4648-ARDW,Female,0,No,No,54,Yes,Yes,Fiber optic,No,No,No,Yes,No,No,Month-to-month,No,Electronic check,97.18,5253.29,No
7018-FMWG,Female,0,No,Yes,40,Yes,No,Fiber optic,Yes,Yes,Yes,No,No,Yes,Month-to-month,Yes,Credit card (automatic),110.5,4420.15,Yes
6180-DAFX,Female,0,No,Yes,67,Yes,No,DSL,Yes,No,No,No,Yes,No,Month-to-month,No,Electronic check,76.26,5133.67,No
6412-MSDX,Female,0,Yes,No,36,Yes,Yes,Fiber optic,Yes,No,Yes,Yes,Yes,Yes,Month-to-month,Yes,Bank transfer (automatic),118.75,4266.96,Yes
8084-EMYJ,Male,0,Yes,No,10,Yes,Yes,No,No internet service,No internet service,No internet service,No internet service,No internet service,No internet service,Month-to-month,Yes,Electronic check,41.21,443.41,Yes
2314-WYML,Female,0,No,Yes,35,Yes,Yes,Fiber optic,Yes,No,Yes,Yes,Yes,Yes,Two year,Yes,Credit card (automatic),118.75,4163.12,No
2539-JZCQ,Male,1,Yes,Yes,14,Yes,Yes,Fiber optic,No,No,No,Yes,Yes,No,One year,No,Bank transfer (automatic),107.25,1478.33,No
6064-ARIU,Male,0,Yes,No,66,Yes,No,DSL,No,Yes,No,No,No,Yes,Month-to-month,Yes,Credit card (automatic),77.34,5082.06,No
3488-IBSP,Female,0,No,No,29,Yes,Yes,Fiber optic,No,Yes,Yes,No,No,Yes,Month-to-month,Yes,Mailed check,118.75,3436.02,Yes
9207-UMCJ,Male,0,No,No,56,Yes,Yes,Fiber optic,No,No,No,No,No,No,Two year,No,Credit card (automatic),89.04,5004.91,No
5661-RFFR,Female,0,No,No,61,Yes,Yes,DSL,No,No,No,No,Yes,Yes,Month-to-month,No,Mailed check,91.03,5549.78,No
5261-VMNU,Male,0,Yes,No,32,Yes,Yes,Fiber optic,Yes,No,Yes,No,No,No,Month-to-month,Yes,Mailed check,109.09,3456.08,Yes
2356-OLUA,Female,0,Yes,No,64,No,No phone service,Fiber optic,No,No,Yes,No,No,No,Month-to-month,Yes,Bank transfer (automatic),71.3,4573.14,No
8067-YCRZ,Male,1,No,Yes,0,Yes,Yes,Fiber optic,No,No,No,No,Yes,Yes,Month-to-month,No,Electronic check,109.64, ,Yes
4879-BDRY,Male,0,No,No,2,Yes,Yes,Fiber optic,Yes,No,No,No,No,No,Two year,No,Electronic check,94.64,172.16,No
8086-BJBU,Male,1,No,No,8,Yes,Yes,Fiber optic,Yes,Yes,Yes,No,No,Yes,Two year,Yes,Mailed check,118.75,933.71,No
5587-ELWA,Male,1,No,Yes,31,Yes,Yes,Fiber optic,Yes,Yes,No,No,Yes,No,Month-to-month,Yes,Mailed check,114.41,3559.28,Yes
6499-BPVB,Male,0,No,Yes,44,Yes,Yes,DSL,No,Yes,No,Yes,No,No,Month-to-month,Yes,Mailed check,90.34,3947.98,No
7671-TZPF,Male,0,Yes,Yes,56,Yes,No,DSL,Yes,Yes,Yes,No,No,No,One year,Yes,Credit card (automatic),86.62,4871.83,No
1553-EHFE,Female,0,Yes,No,20,Yes,Yes,DSL,No,No,No,No,Yes,No,Month-to-month,Yes,Electronic check,82.55,1672.24,Yes
8283-VFVQ,Male,1,Yes,No,22,Yes,No,No,No internet service,No internet service,No internet service,No internet service,No internet service,No internet service,Month-to-month,No,Electronic check,31.81,684.01,No
3853-QEWQ,Female,0,No,Yes,25,No,No phone service,Fiber optic,No,No,No,Yes,Yes,No,Two year,Yes,Mailed check,82.68,2040.42,No
1956-QMVG,Male,0,Yes,No,71,Yes,Yes,Fiber optic,No,No,No,Yes,No,No,One year,No,Electronic check,96.58,6833.52,No
6013-UFNP,Female,0,Yes,No,29,Yes,No,Fiber optic,No,Yes,No,No,No,No,Month-to-month,No,Electronic check,83.21,2397.18,Yes
7749-JJWC,Male,0,No,No,68,Yes,Yes,DSL,Yes,Yes,Yes,Yes,No,No,Two year,Yes,Bank transfer (automatic),102.78,7001.13,No
4906-YEGC,Male,0,Yes,No,23,Yes,No,DSL,No,No,No,No,Yes,No,Month-to-month,Yes,Mailed check,75.32,1754.53,No
1542-BNEU,Male,0,Yes,No,63,Yes,No,DSL,Yes,No,No,No,No,No,One year,Yes,Bank transfer (automatic),66.53,4194.21,No
4649-OKVJ,Male,0,No,No,34,Yes,No,No,No internet service,No internet service,No internet service,No internet service,No internet service,No internet service,Month-to-month,Yes,Electronic check,35.59,1190.64,No
4571-ASNY,Male,0,No,No,21,Yes,No,No,No internet service,No internet service,No internet service,No internet service,No internet service,No internet service,One year,No,Electronic check,37.04,763.25,No
9566-VNAY,Male,0,Yes,No,38,Yes,No,DSL,Yes,No,No,No,No,No,Month-to-month,No,Bank transfer (automatic),70.64,2681.67,No
2128-QNMM,Male,0,No,Yes,54,Yes,No,Fiber optic,No,No,Yes,No,Yes,Yes,Month-to-month,Yes,Bank transfer (automatic),109.14,5927.41,No
6349-GBZH,Male,0,Yes,No,6,No,No phone service,DSL,No,No,Yes,Yes,Yes,No,Month-to-month,Yes,Bank transfer (automatic),70.65,456.96,No
9503-FYCR,Female,0,No,Yes,61,Yes,No,No,No internet service,No internet service,No internet service,No internet service,No internet service,No internet service,One year,Yes,Electronic check,35.95,2168.48,No
3737-VWFK,Female,0,No,No,38,Yes,No,DSL,No,Yes,Yes,No,No,Yes,Month-to-month,Yes,Credit card (automatic),84.91,3210.15,No
7786-PEXV,Male,0,Yes,Yes,19,Yes,Yes,Fiber optic,Yes,Yes,No,No,No,No,Month-to-month,Yes,Bank transfer (automatic),112.09,2154.1,Yes
2775-GPXD,Female,0,No,Yes,55,Yes,Yes,Fiber optic,No,Yes,No,Yes,Yes,Yes,Month-to-month,No,Electronic check,118.75,6505.78,No
5385-PDGR,Male,1,Yes,Yes,65,Yes,No,Fiber optic,Yes,Yes,No,Yes,Yes,Yes,Two year,Yes,Mailed check,118.75,7691.82,No
5677-RGBS,Female,0,Yes,No,14,Yes,Yes,DSL,No,Yes,Yes,No,No,No,Two year,Yes,Mailed check,90.36,1266.73,No
3302-DNEY,Male,0,No,Yes,20,Yes,Yes,Fiber optic,No,Yes,No,No,Yes,Yes,Month-to-month,No,Electronic check,118.75,2378.47,Yes
5966-HOSK,Female,1,Yes,No,33,Yes,No,No,No internet service,No internet service,No internet service,No internet service,No internet service,No internet service,Two year,No,Credit card (automatic),35.23,1184.91,No
3998-DRNZ,Female,0,Yes,Yes,34,Yes,No,DSL,No,No,No,Yes,Yes,No,One year,Yes,Mailed check,78.38,2664.47,No
5133-YPRA,Male,0,Yes,No,4,No,No phone service,Fiber optic,No,No,Yes,No,No,Yes,Month-to-month,Yes,Mailed check,83.28,359.45,Yes
8527-AASU,Female,0,Yes,No,55,Yes,Yes,No,No internet service,No internet service,No internet service,No internet service,No internet service,No internet service,Month-to-month,No,Electronic check,43.1,2369.49,No
5476-YJRL,Male,0,No,No,6,Yes,No,DSL,No,Yes,No,No,No,No,Two year,No,Bank transfer (automatic),64.6,396.11,No
9736-HJZJ,Male,0,No,No,52,Yes,Yes,No,No internet service,No internet service,No internet service,No internet service,No internet service,No internet service,Month-to-month,Yes,Electronic check,42.48,2190.57,No
4505-IYBC,Female,0,No,Yes,43,Yes,Yes,DSL,No,No,No,Yes,Yes,No,Month-to-month,Yes,Mailed check,89.86,3871.73,No
6473-FWLV,Male,1,Yes,Yes,57,Yes,No,DSL,Yes,No,No,Yes,No,Yes,One year,Yes,Electronic check,88.23,5001.07,No
8538-OSLR,Female,1,No,No,41,Yes,Yes,Fiber optic,Yes,No,No,No,No,No,Month-to-month,No,Bank transfer (automatic),96.59,3953.52,Yes
7794-LEXF,Female,0,Yes,No,17,Yes,No,No,No internet service,No internet service,No internet service,No internet service,No internet service,No internet service,One year,Yes,Bank transfer (automatic),31.46,554.24,No
1920-KUJD,Female,1,Yes,No,5,Yes,No,Fiber optic,Yes,No,Yes,No,Yes,Yes,One year,No,Credit card (automatic),118.29,566.42,No
8048-LJNE,Female,0,Yes,No,3,Yes,No,Fiber optic,No,Yes,Yes,Yes,No,No,One year,No,Bank transfer (automatic),104.74,298.38,No
7212-PEER,Female,0,Yes,No,68,Yes,Yes,Fiber optic,No,No,Yes,Yes,No,No,One year,No,Electronic check,108.39,7391.37,No
3780-FURJ,Female,0,No,No,13,Yes,No,No,No internet service,No internet service,No internet service,No internet service,No internet service,No internet service,Month-to-month,Yes,Credit card (automatic),32.38,398.09,No
8326-XVKZ,Male,0,No,No,40,No,No phone service,Fiber optic,Yes,No,Yes,No,Yes,No,Month-to-month,Yes,Bank transfer (automatic),91.54,3649.28,Yes
3779-SYMT,Female,0,No,No,46,Yes,No,DSL,Yes,No,No,Yes,No,Yes,Month-to-month,Yes,Mailed check,82.87,3799.31,No
1898-PGLO,Female,0,No,Yes,52,Yes,Yes,Fiber optic,No,No,No,Yes,No,No,One year,Yes,Electronic check,96.86,5039.14,No
8453-HWQA,Female,0,Yes,No,20,Yes,Yes,DSL,No,Yes,No,No,No,No,Two year,No,Credit card (automatic),76.64,1532.34,No
7172-UHNJ,Male,0,No,Yes,12,Yes,Yes,Fiber optic,No,No,No,No,Yes,Yes,Month-to-month,No,Bank transfer (automatic),111.93,1338.43,Yes
5570-SHSD,Male,1,No,No,65,Yes,Yes,No,No internet service,No internet service,No internet service,No internet service,No internet service,No internet service,One year,Yes,Mailed check,52.4,3393.03,No
9246-CDPX,Male,0,No,Yes,14,Yes,Yes,DSL,No,Yes,Yes,No,No,Yes,Month-to-month,Yes,Mailed check,97.88,1364.11,No
8256-TTMU,Female,0,Yes,No,44,Yes,Yes,Fiber optic,No,No,Yes,No,No,Yes,Two year,No,Bank transfer (automatic),111.07,4881.29,No
3512-WYPY,Female,1,No,No,64,Yes,No,Fiber optic,Yes,Yes,Yes,Yes,Yes,Yes,Month-to-month,No,Mailed check,118.75,7567.15,No
8280-FCTX,Female,0,No,Yes,45,Yes,Yes,No,No internet service,No internet service,No internet service,No internet service,No internet service,No internet service,Month-to-month,No,Bank transfer (automatic),40.54,1819.07,No
1232-VAMZ,Male,0,Yes,Yes,2,No,No phone service,Fiber optic,No,No,Yes,Yes,No,Yes,Two year,No,Mailed check,94.09,181.98,No
8926-JWSQ,Male,0,No,Yes,16,Yes,Yes,Fiber optic,Yes,No,Yes,No,Yes,No,Month-to-month,Yes,Bank transfer (automatic),117.97,1838.0,Yes
9599-MZNK,Male,1,Yes,Yes,16,Yes,No,Fiber optic,No,No,No,No,No,Yes,Two year,No,Mailed check,89.47,1425.97,No
7025-GJXA,Female,0,Yes,Yes,19,Yes,No,No,No internet service,No internet service,No internet service,No internet service,No internet service,No internet service,Two year,Yes,Electronic check,38.18,747.44,No
4597-CMBQ,Female,0,No,No,3,Yes,Yes,No,No internet service,No internet service,No internet service,No internet service,No internet service,No internet service,One year,No,Bank transfer (automatic),38.86,109.52,No
8572-CZOH,Male,0,Yes,No,14,Yes,No,Fiber optic,No,Yes,Yes,No,Yes,No,Month-to-month,No,Mailed check,101.42,1390.82,Yes
2689-IYKV,Female,0,No,No,56,Yes,Yes,DSL,Yes,Yes,No,Yes,No,Yes,Two year,Yes,Electronic check,105.27,5910.48,No
9353-IRSV,Male,0,Yes,No,44,Yes,No,Fiber optic,No,No,No,Yes,No,No,Month-to-month,No,Credit card (automatic),87.57,3816.5,Yes
3897-ERLD,Male,0,Yes,No,26,Yes,Yes,No,No internet service,No internet service,No internet service,No internet service,No internet service,No internet service,Two year,Yes,Mailed check,43.7,1135.05,No
3542-KSEF,Male,0,No,Yes,19,Yes,Yes,Fiber optic,No,No,Yes,No,No,Yes,One year,Yes,Electronic check,109.69,2075.47,No
5044-WJXY,Female,0,Yes,No,5,Yes,No,Fiber optic,No,No,Yes,No,No,No,Month-to-month,Yes,Electronic check,88.31,450.24,Yes
1877-DTWL,Male,0,No,No,17,Yes,No,DSL,No,Yes,Yes,No,Yes,Yes,Month-to-month,Yes,Electronic check,91.8,1562.28,Yes
6262-ZJKI,Male,0,No,Yes,48,Yes,No,Fiber optic,No,No,Yes,No,No,No,Month-to-month,No,Mailed check,84.36,4038.89,Yes
3826-BMVZ,Female,0,Yes,No,23,Yes,No,Fiber optic,No,No,No,No,No,Yes,Month-to-month,Yes,Mailed check,87.58,2014.71,Yes
9921-HUUH,Female,0,No,Yes,10,Yes,No,Fiber optic,No,Yes,No,No,Yes,No,Month-to-month,No,Electronic check,104.49,1087.1,Yes
6248-FZMI,Male,0,No,Yes,17,No,No phone service,Fiber optic,No,No,Yes,No,No,No,Month-to-month,No,Bank transfer (automatic),76.97,1307.16,Yes
4291-FOWP,Female,0,No,Yes,34,Yes,No,No,No internet service,No internet service,No internet service,No internet service,No internet service,No internet service,Month-to-month,No,Bank transfer (automatic),37.97,1288.83,No
1227-ZQIL,Female,0,No,No,54,Yes,Yes,No,No internet service,No internet service,No internet service,No internet service,No internet service,No internet service,Month-to-month,No,Electronic check,46.61,2533.25,No
8765-STZL,Female,0,No,No,27,Yes,Yes,DSL,Yes,Yes,No,No,No,No,Month-to-month,No,Bank transfer (automatic),83.93,2307.54,No
2525-FLIT,Female,0,Yes,No,35,Yes,No,Fiber optic,No,No,No,Yes,No,No,One year,Yes,Credit card (automatic),87.7,3041.87,No
5724-CBHJ,Male,1,Yes,No,23,Yes,No,DSL,Yes,No,No,No,No,Yes,Month-to-month,Yes,Bank transfer (automatic),83.14,1921.66,No
9767-JKIN,Female,0,No,No,32,Yes,No,Fiber optic,No,No,No,Yes,No,No,One year,Yes,Electronic check,88.05,2785.72,No
5954-IDBS,Male,0,No,No,36,Yes,No,Fiber optic,No,No,No,Yes,No,No,One year,No,Electronic check,88.57,3191.58,No
5576-UALK,Female,0,Yes,No,12,Yes,No,No,No internet service,No internet service,No internet service,No internet service,No internet service,No internet service,Month-to-month,Yes,Bank transfer (automatic),34.16,415.61,No
1941-KGBO,Female,1,Yes,No,15,Yes,Yes,No,No internet service,No internet service,No internet service,No internet service,No internet service,No internet service,One year,Yes,Bank transfer (automatic),45.53,680.56,No
9819-YOZH,Male,1,No,No,42,Yes,No,Fiber optic,No,Yes,No,No,No,Yes,Month-to-month,Yes,Credit card (automatic),97.48,4073.03,Yes
7066-CTNI,Female,0,No,No,72,Yes,No,No,No internet service,No internet service,No internet service,No internet service,No internet service,No internet service,Two year,Yes,Electronic check,34.8,2523.64,No
6575-KHLJ,Female,0,Yes,No,49,Yes,Yes,Fiber optic,No,Yes,No,No,No,Yes,Month-to-month,No,Electronic check,106.64,5210.48,Yes
8811-PTFI,Male,0,No,No,12,Yes,No,No,No internet service,No internet service,No internet service,No internet service,No internet service,No internet service,Month-to-month,Yes,Electronic check,35.04,428.36,No
4926-EUXF,Male,0,No,Yes,70,Yes,No,DSL,Yes,Yes,No,Yes,Yes,Yes,One year,No,Mailed check,99.72,6968.6,No
2232-YXVM,Male,0,No,No,34,Yes,No,DSL,No,No,No,No,Yes,No,Month-to-month,Yes,Electronic check,73.64,2465.5,Yes
7881-ZSZC,Female,0,Yes,Yes,72,Yes,Yes,DSL,No,No,Yes,Yes,No,No,Two year,No,Electronic check,90.88,6548.12,No
4073-BVGD,Female,1,No,No,34,Yes,Yes,No,No internet service,No internet service,No internet service,No internet service,No internet service,No internet service,One year,Yes,Bank transfer (automatic),45.51,1542.43,No
4621-GTFI,Female,0,Yes,No,23,No,No phone service,DSL,Yes,Yes,Yes,No,No,No,Month-to-month,No,Bank transfer (automatic),69.15,1592.34,No
5403-ZDZE,Male,1,No,Yes,52,Yes,No,Fiber optic,Yes,No,Yes,No,No,Yes,One year,Yes,Mailed check,104.45,5449.94,No
9777-ROYA,Female,0,Yes,No,38,Yes,No,Fiber optic,Yes,Yes,Yes,No,Yes,No,Month-to-month,No,Electronic check,113.1,4298.65,Yes
5100-EHVV,Male,0,No,No,18,Yes,No,No,No internet service,No internet service,No internet service,No internet service,No internet service,No internet service,Month-to-month,Yes,Mailed check,36.99,696.84,No
4477-TOQS,Male,0,Yes,No,43,Yes,No,DSL,Yes,Yes,No,No,Yes,No,Month-to-month,No,Electronic check,86.32,3709.92,Yes
3812-MZVU,Male,0,No,Yes,45,Yes,Yes,Fiber optic,No,No,No,Yes,No,No,Two year,No,Electronic check,98.27,4435.23,No
3768-ERQD,Male,0,No,Yes,44,Yes,Yes,Fiber optic,No,Yes,Yes,No,No,Yes,Month-to-month,Yes,Mailed check,116.27,5126.51,Yes
2926-YEHH,Male,0,No,Yes,31,Yes,Yes,DSL,No,No,No,No,No,No,One year,No,Electronic check,70.67,2174.93,No
5138-ISSI,Female,0,Yes,Yes,4,Yes,No,DSL,No,Yes,No,Yes,Yes,No,Two year,Yes,Mailed check,88.66,349.31,No
1606-TQPG,Male,0,Yes,No,5,Yes,No,DSL,Yes,No,No,Yes,Yes,No,Month-to-month,Yes,Electronic check,87.44,426.86,Yes
3873-VCUS,Male,0,Yes,No,6,Yes,No,DSL,No,Yes,Yes,Yes,No,No,Month-to-month,No,Electronic check,84.23,522.03,Yes
9807-EZZF,Male,1,Yes,Yes,14,Yes,No,Fiber optic,Yes,Yes,Yes,Yes,No,No,One year,No,Bank transfer (automatic),115.09,1596.67,No
5407-YSMF,Male,1,Yes,Yes,72,Yes,Yes,Fiber optic,No,No,No,No,No,No,Month-to-month,Yes,Electronic check,85.99,6169.22,Yes
4173-BZXE,Female,0,No,No,19,Yes,No,Fiber optic,No,No,No,No,Yes,No,Two year,No,Bank transfer (automatic),92.37,1780.72,No
4338-XNMH,Female,1,No,No,58,Yes,No,Fiber optic,Yes,No,No,Yes,No,No,Two year,No,Electronic check,94.01,5451.6,No
4182-LCUW,Female,0,Yes,No,3,No,No phone service,Fiber optic,Yes,Yes,Yes,Yes,No,No,Month-to-month,Yes,Bank transfer (automatic),93.65,256.81,Yes
2604-FBHE,Male,0,Yes,Yes,39,Yes,Yes,Fiber optic,No,Yes,No,Yes,Yes,Yes,Two year,Yes,Bank transfer (automatic),118.75,4635.73,No
3608-ZBKD,Female,0,No,No,64,Yes,Yes,DSL,No,Yes,Yes,No,No,Yes,Two year,Yes,Electronic check,95.74,6123.53,No
9778-IFXB,Female,0,Yes,Yes,34,Yes,Yes,No,No internet service,No internet service,No internet service,No internet service,No internet service,No internet service,Month-to-month,Yes,Bank transfer (automatic),49.18,1652.38,No
9302-ELMQ,Male,0,No,No,43,Yes,No,Fiber optic,No,Yes,No,No,No,Yes,Two year,Yes,Electronic check,99.91,4289.45,No
1554-PKIB,Male,0,Yes,No,6,Yes,No,No,No internet service,No internet service,No internet service,No internet service,No internet service,No internet service,One year,No,Mailed check,37.48,210.83,No
3534-SRTG,Male,0,Yes,No,21,Yes,Yes,DSL,No,No,No,Yes,Yes,No,Month-to-month,Yes,Credit card (automatic),83.11,1733.8,No
4624-LCWV,Male,0,Yes,Yes,22,Yes,Yes,No,No internet service,No internet service,No internet service,No internet service,No internet service,No internet service,One year,Yes,Bank transfer (automatic),43.02,963.4,No
3774-ZEYW,Male,0,Yes,Yes,64,No,No phone service,DSL,Yes,Yes,No,No,No,Yes,Month-to-month,No,Credit card (automatic),73.87,4735.53,No
4739-SQPU,Female,0,No,No,19,Yes,Yes,Fiber optic,Yes,Yes,No,No,Yes,No,Month-to-month,Yes,Mailed check,118.75,2230.74,Yes
9020-ZSYR,Female,0,Yes,No,31,Yes,No,DSL,No,Yes,Yes,Yes,Yes,No,Month-to-month,Yes,Credit card (automatic),96.0,2972.48,No
5094-SDZA,Female,0,No,No,35,Yes,No,DSL,Yes,Yes,No,No,No,No,One year,No,Bank transfer (automatic),76.54,2687.2,No
4450-DDIH,Female,1,Yes,Yes,17,Yes,No,DSL,No,No,No,No,Yes,Yes,Month-to-month,Yes,Electronic check,80.65,1391.6,Yes
5801-WFWK,Female,0,No,No,32,Yes,No,Fiber optic,Yes,Yes,No,No,No,No,Two year,Yes,Electronic check,97.23,3098.95,No
1109-UVIB,Male,0,No,No,68,Yes,No,DSL,Yes,No,Yes,No,No,No,One year,Yes,Bank transfer (automatic),74.26,5033.88,No
9890-YZAD,Female,1,No,No,8,Yes,Yes,DSL,No,No,No,No,No,No,Month-to-month,Yes,Credit card (automatic),69.36,559.72,Yes
9299-EIVD,Female,1,Yes,Yes,41,Yes,Yes,No,No internet service,No internet service,No internet service,No internet service,No internet service,No internet service,Two year,No,Bank transfer (automatic),44.48,1819.69,No
8732-XXVK,Female,0,No,No,70,No,No phone service,DSL,No,Yes,Yes,No,No,No,Two year,Yes,Mailed check,65.25,4574.45,No
2855-XDRQ,Female,0,Yes,Yes,3,No,No phone service,DSL,No,No,No,Yes,No,Yes,Month-to-month,Yes,Electronic check,60.15,215.6,Yes
6958-RMTT,Female,0,Yes,No,45,Yes,Yes,DSL,Yes,No,Yes,No,No,No,Month-to-month,No,Credit card (automatic),89.59,4041.23,No
4529-ABQV,Male,0,No,No,71,Yes,Yes,DSL,Yes,No,No,No,Yes,Yes,Month-to-month,Yes,Bank transfer (automatic),97.54,6947.09,No
7306-QLXL,Male,0,No,No,23,Yes,No,DSL,No,Yes,Yes,No,Yes,No,Month-to-month,No,Electronic check,84.83,1937.69,Yes
5350-VFGQ,Female,0,Yes,Yes,71,Yes,No,No,No internet service,No internet service,No internet service,No internet service,No internet service,No internet service,One year,Yes,Electronic check,35.63,2582.69,No
7667-QRNK,Male,0,No,Yes,68,Yes,Yes,No,No internet service,No internet service,No internet service,No internet service,No internet service,No internet service,Month-to-month,Yes,Mailed check,42.96,2940.95,No
2376-KBPV,Female,0,Yes,No,22,Yes,No,Fiber optic,No,No,No,Yes,No,Yes,Month-to-month,No,Mailed check,102.71,2277.89,Yes
8202-TAUT,Female,0,Yes,No,54,Yes,No,Fiber optic,No,Yes,No,No,No,No,One year,No,Mailed check,87.13,4677.93,No
3887-SZAZ,Male,1,No,Yes,14,Yes,Yes,No,No internet service,No internet service,No internet service,No internet service,No internet service,No internet service,Month-to-month,Yes,Mailed check,49.11,663.58,No
8972-AKUI,Male,0,No,No,50,Yes,No,No,No internet service,No internet service,No internet service,No internet service,No internet service,No internet service,Two year,Yes,Credit card (automatic),32.59,1653.7,No
3692-BMRZ,Male,0,Yes,No,49,Yes,Yes,Fiber optic,No,Yes,No,No,No,No,Month-to-month,Yes,Electronic check,95.41,4664.67,Yes
8053-EXJT,Female,0,No,No,46,Yes,Yes,Fiber optic,Yes,No,No,No,No,Yes,Month-to-month,Yes,Electronic check,103.14,4732.02,Yes
9003-LKDK,Female,0,No,No,24,Yes,Yes,DSL,Yes,Yes,No,No,No,No,Month-to-month,No,Electronic check,82.93,2032.2,Yes
1201-FOJV,Female,0,No,Yes,38,Yes,No,DSL,No,No,No,Yes,No,Yes,Month-to-month,Yes,Bank transfer (automatic),76.64,2892.3,No
8860-FAUV,Male,0,Yes,No,67,Yes,No,DSL,No,No,No,No,No,Yes,Month-to-month,No,Mailed check,72.63,4862.86,No
6363-UDWZ,Male,0,Yes,No,45,Yes,No,Fiber optic,No,No,No,Yes,Yes,No,Two year,No,Electronic check,91.94,4129.91,No
6717-NTVT,Female,0,No,No,71,No,No phone service,Fiber optic,No,No,No,Yes,No,No,Month-to-month,Yes,Mailed check,74.88,5335.99,No
3698-OSHM,Male,0,No,No,12,No,No phone service,DSL,Yes,Yes,Yes,Yes,Yes,Yes,Month-to-month,Yes,Bank transfer (automatic),93.63,1141.38,No
2041-VXQF,Male,0,No,No,37,Yes,No,No,No internet service,No internet service,No internet service,No internet service,No internet service,No internet service,One year,Yes,Mailed check,34.53,1279.56,No
4352-OMZZ,Female,0,No,Yes,35,Yes,No,Fiber optic,Yes,No,No,Yes,No,Yes,One year,Yes,Bank transfer (automatic),102.9,3612.34,No
9972-AREF,Male,0,Yes,No,36,Yes,No,Fiber optic,No,No,No,Yes,Yes,No,Month-to-month,Yes,Electronic check,98.83,3578.76,Yes
8168-GDIO,Male,0,No,No,41,Yes,No,Fiber optic,Yes,No,No,Yes,No,No,Month-to-month,Yes,Credit card (automatic),93.23,3844.15,Yes
3590-FYQT,Female,0,Yes,Yes,18,Yes,Yes,DSL,No,No,No,No,Yes,No,Month-to-month,No,Credit card (automatic),84.04,1512.8,No
3257-VDIN,Female,1,Yes,No,36,Yes,No,No,No internet service,No internet service,No internet service,No internet service,No internet service,No internet service,Two year,No,Electronic check,34.69,1284.75,No
3912-KALY,Female,0,Yes,No,64,Yes,No,DSL,No,No,Yes,Yes,No,No,Two year,Yes,Electronic check,79.23,5076.64,No
7152-EORI,Male,0,No,No,38,Yes,No,DSL,No,No,No,No,Yes,No,Month-to-month,Yes,Mailed check,62.84,2379.34,No
3732-MXMJ,Female,0,Yes,Yes,25,Yes,No,Fiber optic,No,No,Yes,No,Yes,Yes,Month-to-month,No,Credit card (automatic),108.23,2686.12,Yes
8849-VGVE,Male,1,Yes,Yes,41,Yes,No,DSL,No,No,Yes,Yes,Yes,No,Two year,No,Electronic check,88.35,3647.34,No
9563-GTJJ,Female,0,Yes,No,61,Yes,Yes,DSL,No,No,No,No,No,No,Two year,Yes,Mailed check,67.58,4121.39,No
1088-UXMO,Female,0,Yes,No,52,Yes,Yes,No,No internet service,No internet service,No internet service,No internet service,No internet service,No internet service,One year,No,Electronic check,44.11,2314.9,No
9379-FTLS,Female,1,Yes,Yes,66,Yes,No,Fiber optic,Yes,No,No,No,No,No,Month-to-month,Yes,Electronic check,85.7,5667.39,Yes
6599-KFAB,Male,1,No,No,49,Yes,Yes,No,No internet service,No internet service,No internet service,No internet service,No internet service,No internet service,Month-to-month,Yes,Mailed check,44.36,2176.59,No
1054-ODEO,Female,0,Yes,Yes,68,Yes,Yes,No,No internet service,No internet service,No internet service,No internet service,No internet service,No internet service,Month-to-month,Yes,Credit card (automatic),50.34,3449.66,No
2552-BTXJ,Female,0,Yes,No,28,Yes,Yes,No,No internet service,No internet service,No internet service,No internet service,No internet service,No internet service,Two year,No,Electronic check,49.7,1401.37,No
1115-CSEC,Male,0,No,Yes,1,Yes,Yes,DSL,Yes,No,No,No,No,No,One year,No,Mailed check,80.92,80.92,No
9551-ELNG,Male,0,No,No,17,Yes,Yes,No,No internet service,No internet service,No internet service,No internet service,No internet service,No internet service,Two year,Yes,Bank transfer (automatic),48.15,852.73,No
6831-LOSP,Female,0,No,No,59,Yes,No,DSL,Yes,No,Yes,No,No,No,Two year,No,Electronic check,77.1,4516.61,No
8550-NGHG,Female,0,Yes,No,13,Yes,No,Fiber optic,No,No,No,No,No,Yes,Month-to-month,Yes,Mailed check,90.63,1172.57,Yes
6207-FZSD,Female,0,No,No,39,Yes,Yes,No,No internet service,No internet service,No internet service,No internet service,No internet service,No internet service,Month-to-month,No,Credit card (automatic),45.87,1771.91,No
1373-SOZF,Male,0,Yes,No,63,No,No phone service,DSL,No,No,Yes,No,No,No,Two year,Yes,Credit card (automatic),52.18,3284.18,No
2573-KTTJ,Male,0,No,No,29,Yes,No,DSL,Yes,No,No,No,No,No,Two year,No,Bank transfer (automatic),67.59,1935.16,No
9561-NDLT,Female,1,Yes,No,28,Yes,No,Fiber optic,Yes,No,Yes,No,No,No,Month-to-month,No,Electronic check,99.28,2793.04,Yes
5374-UHGZ,Female,1,Yes,No,28,Yes,No,Fiber optic,No,Yes,Yes,No,No,No,Two year,Yes,Electronic check,96.1,2676.94,No
5055-YQJC,Female,0,No,No,18,Yes,No,Fiber optic,Yes,Yes,No,Yes,Yes,No,Month-to-month,Yes,Electronic check,118.75,2127.82,Yes
1583-NZGP,Female,0,Yes,No,57,No,No phone service,DSL,Yes,Yes,No,Yes,Yes,Yes,One year,Yes,Credit card (automatic),90.84,5176.71,No
5881-KFTU,Male,0,Yes,No,39,Yes,Yes,No,No internet service,No internet service,No internet service,No internet service,No internet service,No internet service,Month-to-month,Yes,Bank transfer (automatic),46.53,1791.59,No
3220-DTTK,Male,0,No,No,8,Yes,Yes,Fiber optic,Yes,No,No,No,Yes,Yes,Two year,Yes,Electronic check,117.26,933.43,No
5928-LRGL,Male,0,No,Yes,30,Yes,No,No,No internet service,No internet service,No internet service,No internet service,No internet service,No internet service,Month-to-month,Yes,Bank transfer (automatic),33.28,989.13,No
9309-DROC,Female,0,No,No,14,Yes,No,Fiber optic,No,No,Yes,No,Yes,No,One year,No,Electronic check,94.15,1274.59,No
5006-FOOF,Female,0,No,No,33,Yes,Yes,No,No internet service,No internet service,No internet service,No internet service,No internet service,No internet service,Month-to-month,Yes,Credit card (automatic),38.02,1247.98,No
3151-VAZM,Male,0,No,No,61,Yes,No,Fiber optic,Yes,Yes,No,No,No,Yes,Month-to-month,Yes,Credit card (automatic),105.79,6423.11,No
3614-XUMK,Female,0,No,No,56,Yes,No,DSL,No,No,Yes,Yes,No,Yes,One year,No,Bank transfer (automatic),84.96,4783.9,No
6507-GLMV,Male,0,No,No,20,Yes,Yes,Fiber optic,No,Yes,No,No,No,No,One year,No,Electronic check,96.63,1949.62,No
2925-NSPZ,Female,0,No,No,53,Yes,Yes,No,No internet service,No internet service,No internet service,No internet service,No internet service,No internet service,Two year,No,Mailed check,44.57,2361.91,No
9676-IXCV,Female,0,No,No,36,Yes,Yes,No,No internet service,No internet service,No internet service,No internet service,No internet service,No internet service,Month-to-month,Yes,Bank transfer (automatic),47.03,1647.52,No
7121-LWGR,Female,0,Yes,No,39,Yes,Yes,Fiber optic,Yes,No,Yes,No,No,No,Month-to-month,No,Mailed check,102.74,4011.69,Yes
6714-OGLV,Male,0,No,No,19,Yes,Yes,No,No internet service,No internet service,No internet service,No internet service,No internet service,No internet service,Two year,No,Bank transfer (automatic),48.22,893.65,No
4625-YXVT,Female,1,Yes,Yes,70,Yes,No,Fiber optic,No,Yes,No,No,Yes,No,Month-to-month,Yes,Electronic check,96.24,6733.74,Yes
5137-YWER,Female,0,No,Yes,17,Yes,Yes,No,No internet service,No internet service,No internet service,No internet service,No internet service,No internet service,One year,Yes,Mailed check,45.12,783.0,No
5904-PGYY,Male,0,Yes,No,43,Yes,Yes,Fiber optic,No,No,No,No,Yes,Yes,One year,Yes,Electronic check,105.38,4521.64,No
3025-EGEO,Female,0,No,No,55,Yes,Yes,DSL,Yes,Yes,Yes,No,No,No,Two year,No,Bank transfer (automatic),93.8,5150.12,No
3098-JHXI,Female,0,Yes,No,16,Yes,No,DSL,No,Yes,Yes,Yes,Yes,No,Month-to-month,No,Electronic check,98.03,1536.71,No
7666-VBCM,Male,0,No,No,41,Yes,Yes,Fiber optic,No,No,No,No,Yes,Yes,Month-to-month,Yes,Mailed check,111.93,4592.29,Yes
4726-FANR,Female,0,Yes,No,70,No,No phone service,Fiber optic,No,Yes,No,No,Yes,Yes,Month-to-month,Yes,Bank transfer (automatic),90.57,6310.92,No
5951-KHVC,Male,1,Yes,No,27,Yes,Yes,Fiber optic,Yes,Yes,Yes,No,No,No,Month-to-month,Yes,Bank transfer (automatic),118.75,3210.74,Yes
8821-BPFA,Female,0,No,Yes,20,Yes,Yes,Fiber optic,Yes,Yes,No,No,Yes,No,One year,Yes,Mailed check,118.75,2357.21,No
3349-JFIG,Female,0,Yes,No,36,Yes,No,Fiber optic,No,Yes,No,Yes,No,No,Month-to-month,No,Electronic check,92.1,3289.72,Yes
7881-KNEI,Male,0,Yes,No,22,Yes,Yes,DSL,No,No,Yes,Yes,No,No,Two year,No,Mailed check,83.57,1852.71,No
8224-NPVP,Female,0,No,No,47,Yes,Yes,No,No internet service,No internet service,No internet service,No internet service,No internet service,No internet service,Month-to-month,Yes,Electronic check,43.23,2046.43,No
4134-GJUF,Male,0,No,Yes,58,Yes,No,DSL,No,No,Yes,No,Yes,No,Month-to-month,No,Mailed check,77.32,4476.74,No
4824-ABND,Female,0,Yes,No,51,Yes,No,No,No internet service,No internet service,No internet service,No internet service,No internet service,No internet service,Two year,Yes,Electronic check,30.84,1522.94,No
3074-IWFQ,Male,0,Yes,No,16,Yes,No,DSL,No,Yes,No,Yes,No,No,Month-to-month,No,Credit card (automatic),75.07,1185.11,No
1948-KDUI,Female,0,No,Yes,37,Yes,Yes,DSL,No,Yes,No,Yes,No,No,Two year,Yes,Mailed check,83.9,3143.09,No
9987-PCDX,Female,0,Yes,Yes,0,Yes,No,Fiber optic,Yes,Yes,No,No,No,No,Two year,Yes,Bank transfer (automatic),99.94, ,No
2634-MSYU,Female,0,Yes,No,32,Yes,No,DSL,No,No,No,No,No,No,Month-to-month,Yes,Mailed check,64.43,2071.72,No
2440-WWFV,Female,1,No,Yes,43,Yes,Yes,No,No internet service,No internet service,No internet service,No internet service,No internet service,No internet service,Month-to-month,No,Electronic check,45.99,1997.72,No
2615-JYQG,Female,0,Yes,Yes,19,Yes,No,Fiber optic,No,Yes,No,No,Yes,Yes,Month-to-month,No,Mailed check,104.38,2000.64,Yes
4530-JGXF,Male,0,No,No,46,No,No phone service,DSL,No,No,Yes,No,Yes,Yes,Month-to-month,Yes,Credit card (automatic),70.03,3209.36,No
8767-AQYL,Female,0,No,Yes,68,Yes,Yes,No,No internet service,No internet service,No internet service,No internet service,No internet service,No internet service,Two year,Yes,Electronic check,51.59,3480.4,No
5899-CFZP,Male,0,No,Yes,41,Yes,No,No,No internet service,No internet service,No internet service,No internet service,No internet service,No internet service,Month-to-month,No,Mailed check,39.73,1628.35,No
9345-KTYU,Male,0,No,No,25,Yes,Yes,No,No internet service,No internet service,No internet service,No internet service,No internet service,No internet service,Two year,No,Electronic check,40.38,1026.1,No
5418-LSHN,Female,0,No,Yes,48,Yes,Yes,DSL,No,No,Yes,Yes,No,No,One year,Yes,Mailed check,82.98,3978.26,No
6301-IYXQ,Female,0,No,No,70,Yes,No,DSL,No,Yes,No,No,No,No,Two year,No,Bank transfer (automatic),69.83,4877.4,No
2573-DDSL,Female,0,No,No,17,Yes,No,Fiber optic,Yes,No,Yes,Yes,No,No,Month-to-month,Yes,Bank transfer (automatic),101.8,1731.43,Yes
6176-BQOJ,Male,0,Yes,Yes,8,Yes,No,DSL,No,Yes,No,Yes,Yes,No,Month-to-month,Yes,Electronic check,88.05,687.94,Yes
8394-TDVA,Female,0,Yes,No,65,Yes,Yes,DSL,Yes,No,No,No,No,No,Two year,Yes,Bank transfer (automatic),75.2,4893.37,No
2984-RDWV,Female,0,No,Yes,59,Yes,Yes,No,No internet service,No internet service,No internet service,No internet service,No internet service,No internet service,Two year,No,Bank transfer (automatic),45.35,2679.98,No
6998-YWUV,Female,0,Yes,Yes,36,Yes,Yes,No,No internet service,No internet service,No internet service,No internet service,No internet service,No internet service,One year,Yes,Bank transfer (automatic),45.69,1639.36,No
7714-YVLT,Female,1,Yes,No,46,Yes,No,No,No internet service,No internet service,No internet service,No internet service,No internet service,No internet service,Month-to-month,No,Mailed check,36.74,1695.05,No
4147-PEPQ,Female,0,No,Yes,28,Yes,No,Fiber optic,No,No,Yes,Yes,Yes,No,Month-to-month,No,Bank transfer (automatic),107.84,3032.36,Yes
1054-OMHU,Female,0,No,No,62,Yes,No,DSL,No,Yes,No,No,Yes,Yes,Month-to-month,Yes,Credit card (automatic),84.62,5253.42,No
2601-HJGJ,Male,0,Yes,No,14,Yes,Yes,DSL,No,Yes,Yes,Yes,Yes,No,Two year,No,Mailed check,103.05,1417.42,No
9120-DKID,Female,0,Yes,No,8,Yes,Yes,Fiber optic,No,No,Yes,No,Yes,No,One year,Yes,Credit card (automatic),107.38,875.38,No
7370-KCZR,Male,0,Yes,No,65,Yes,No,Fiber optic,No,Yes,No,No,Yes,No,Month-to-month,No,Credit card (automatic),95.91,6221.63,No
8929-SNXK,Male,0,No,No,0,Yes,Yes,Fiber optic,Yes,No,No,No,No,Yes,Month-to-month,Yes,Electronic check,104.65, ,Yes
4991-BBBJ,Female,0,No,No,8,Yes,No,Fiber optic,No,No,Yes,No,No,No,Two year,Yes,Credit card (automatic),89.29,699.88,No
7798-VLKQ,Female,1,Yes,No,56,Yes,No,No,No internet service,No internet service,No internet service,No internet service,No internet service,No internet service,One year,No,Electronic check,35.98,2020.87,No
9785-NQOL,Male,0,No,No,55,Yes,No,No,No internet service,No internet service,No internet service,No internet service,No internet service,No internet service,One year,Yes,Electronic check,32.03,1756.49,No
8546-PWFB,Female,0,Yes,No,19,Yes,Yes,No,No internet service,No internet service,No internet service,No internet service,No internet service,No internet service,Month-to-month,No,Mailed check,48.43,934.44,No
7287-BHGA,Female,0,No,No,1,Yes,No,Fiber optic,No,Yes,Yes,No,No,Yes,Month-to-month,No,Mailed check,108.94,108.94,Yes
7467-KTGR,Female,0,Yes,No,0,Yes,No,No,No internet service,No internet service,No internet service,No internet service,No internet service,No internet service,Month-to-month,Yes,Electronic check,34.53, ,Yes
9643-QKKT,Female,0,No,No,53,Yes,No,No,No internet service,No internet service,No internet service,No internet service,No internet service,No internet service,Two year,Yes,Credit card (automatic),36.84,1971.65,No
9621-QBRP,Male,1,Yes,Yes,18,Yes,No,Fiber optic,No,No,No,No,No,No,Month-to-month,No,Electronic check,83.87,1540.12,Yes
9553-PCHV,Male,1,Yes,No,17,Yes,No,Fiber optic,No,No,No,Yes,Yes,Yes,Month-to-month,Yes,Bank transfer (automatic),105.97,1816.13,Yes
4223-BVAN,Male,0,Yes,Yes,23,Yes,No,DSL,No,No,No,No,Yes,No,One year,Yes,Mailed check,67.43,1563.72,No
8704-DDIC,Female,1,Yes,Yes,51,Yes,No,No,No internet service,No internet service,No internet service,No internet service,No internet service,No internet service,Two year,No,Electronic check,39.27,2019.68,No
5533-SAJV,Male,0,No,Yes,19,Yes,No,DSL,Yes,Yes,No,Yes,Yes,No,Two year,No,Credit card (automatic),94.41,1795.97,No
7603-JBPH,Male,0,No,No,10,Yes,No,Fiber optic,No,No,No,Yes,No,No,Two year,Yes,Credit card (automatic),86.61,855.17,No
4996-OPKL,Male,0,No,No,72,No,No phone service,Fiber optic,Yes,No,No,Yes,No,Yes,Month-to-month,Yes,Credit card (automatic),93.78,6757.8,No
4617-DCIR,Female,0,Yes,No,59,Yes,No,No,No internet service,No internet service,No internet service,No internet service,No internet service,No internet service,Two year,No,Credit card (automatic),35.75,2128.25,No
8698-GDFS,Female,0,Yes,No,15,Yes,No,Fiber optic,Yes,No,No,Yes,No,No,Month-to-month,Yes,Mailed check,97.59,1434.32,Yes
6471-PKVD,Female,0,Yes,No,12,Yes,Yes,Fiber optic,Yes,No,No,No,No,Yes,Month-to-month,No,Electronic check,107.22,1273.94,Yes
2686-ZEVF,Female,0,Yes,No,52,Yes,No,Fiber optic,Yes,Yes,Yes,No,No,Yes,Two year,No,Credit card (automatic),109.75,5718.03,No
3072-BLVI,Female,0,Yes,No,5,Yes,Yes,DSL,No,Yes,Yes,No,Yes,No,One year,Yes,Electronic check,97.09,477.89,No
2787-TLMV,Male,1,No,Yes,24,Yes,Yes,No,No internet service,No internet service,No internet service,No internet service,No internet service,No internet service,Two year,No,Bank transfer (automatic),41.19,1004.53,No
7198-QETM,Male,0,Yes,No,62,Yes,No,Fiber optic,No,Yes,No,No,No,Yes,Month-to-month,No,Electronic check,96.63,5983.81,Yes
4836-MJOO,Female,0,No,No,46,Yes,Yes,DSL,Yes,No,No,Yes,No,No,Month-to-month,Yes,Electronic check,80.71,3758.84,No
2041-RBWK,Female,0,No,No,14,No,No phone service,Fiber optic,No,Yes,No,Yes,Yes,No,Month-to-month,Yes,Mailed check,83.47,1153.94,Yes
3026-DOVW,Male,0,Yes,Yes,53,Yes,Yes,Fiber optic,No,No,No,Yes,No,Yes,Month-to-month,No,Bank transfer (automatic),110.0,5860.49,No
8089-PJLM,Male,0,No,No,42,Yes,No,No,No internet service,No internet service,No internet service,No internet service,No internet service,No internet service,One year,No,Credit card (automatic),37.41,1526.95,No
7132-MFFK,Female,0,Yes,Yes,13,Yes,No,Fiber optic,No,No,No,No,No,Yes,Month-to-month,Yes,Credit card (automatic),93.85,1211.62,Yes
6710-MWHE,Female,0,Yes,Yes,33,Yes,No,Fiber optic,No,No,No,No,No,No,Month-to-month,No,Bank transfer (automatic),86.72,2871.38,Yes
9353-PMSI,Female,0,Yes,No,1,Yes,No,Fiber optic,Yes,Yes,Yes,Yes,No,No,Month-to-month,No,Credit card (automatic),109.5,133.5,Yes
8077-HXNE,Male,0,No,No,19,Yes,Yes,Fiber optic,No,No,No,Yes,Yes,No,Two year,Yes,Electronic check,109.35,2078.11,No
7416-VGIP,Male,0,Yes,No,15,Yes,Yes,No,No internet service,No internet service,No internet service,No internet service,No internet service,No internet service,One year,No,Mailed check,47.46,693.66,No
9657-MRJA,Female,0,No,No,66,Yes,Yes,No,No internet service,No internet service,No internet service,No internet service,No internet service,No internet service,One year,Yes,Credit card (automatic),45.52,3012.21,No
9308-RSBD,Female,1,Yes,No,29,No,No phone service,DSL,No,No,No,Yes,No,No,Month-to-month,Yes,Electronic check,54.77,1614.33,No
5714-CIJB,Male,0,Yes,Yes,50,Yes,No,Fiber optic,Yes,No,No,No,Yes,Yes,One year,Yes,Mailed check,109.19,5434.09,No
2274-SJXT,Male,0,Yes,No,2,Yes,Yes,Fiber optic,No,No,Yes,No,Yes,Yes,One year,No,Credit card (automatic),115.42,211.19,No
2656-KCWQ,Male,0,No,No,50,Yes,Yes,Fiber optic,Yes,No,No,No,Yes,No,Month-to-month,Yes,Bank transfer (automatic),103.33,5158.64,No
6273-KRNN,Female,0,No,No,45,Yes,Yes,Fiber optic,No,Yes,No,No,Yes,No,Month-to-month,No,Bank transfer (automatic),108.68,4882.62,Yes
2566-IVCQ,Female,0,No,No,39,No,No phone service,Fiber optic,No,No,No,No,No,No,Two year,Yes,Credit card (automatic),66.54,2573.3,No
8230-DTPX,Female,0,Yes,Yes,28,Yes,Yes,Fiber optic,Yes,No,No,Yes,No,No,Month-to-month,Yes,Credit card (automatic),102.63,2887.2,Yes
9265-ZGJG,Female,0,Yes,No,22,Yes,No,Fiber optic,No,No,Yes,No,No,Yes,Month-to-month,Yes,Mailed check,107.05,2352.02,Yes
6032-VRQK,Male,0,No,No,16,Yes,No,DSL,Yes,No,No,No,No,No,Two year,Yes,Electronic check,63.46,1002.43,No
2891-DNIM,Male,0,Yes,No,68,Yes,Yes,Fiber optic,No,No,Yes,No,No,No,Month-to-month,Yes,Mailed check,99.04,6731.39,No
8426-SHRF,Female,0,Yes,No,65,Yes,No,Fiber optic,No,Yes,Yes,No,No,No,Month-to-month,Yes,Electronic check,93.79,6081.7,Yes
6818-TZFE,Female,1,Yes,No,22,Yes,Yes,No,No internet service,No internet service,No internet service,No internet service,No internet service,No internet service,One year,No,Mailed check,46.07,1010.86,No
6003-IIQS,Female,0,No,Yes,22,Yes,Yes,Fiber optic,Yes,No,No,Yes,Yes,No,Two year,Yes,Mailed check,114.05,2528.32,No
9720-VPLC,Female,0,No,No,6,Yes,No,DSL,Yes,No,Yes,Yes,No,No,Two year,Yes,Electronic check,86.28,473.3,No
3352-VPUL,Female,0,Yes,No,42,Yes,Yes,Fiber optic,No,No,Yes,Yes,No,No,Two year,No,Credit card (automatic),107.55,4541.94,No
2751-BHLU,Female,0,No,No,61,Yes,Yes,Fiber optic,Yes,No,No,No,No,Yes,Two year,Yes,Electronic check,110.0,6695.79,No
3351-HPJT,Female,0,No,No,33,Yes,No,Fiber optic,No,Yes,No,Yes,No,No,Month-to-month,No,Credit card (automatic),93.57,3069.46,Yes
3702-DZOD,Female,0,Yes,No,50,Yes,Yes,DSL,No,Yes,Yes,No,No,No,Month-to-month,Yes,Electronic check,84.49,4220.19,No
5669-KFDI,Female,0,Yes,No,43,Yes,No,Fiber optic,Yes,Yes,Yes,No,No,Yes,Two year,Yes,Bank transfer (automatic),109.54,4713.17,No
7344-CWEO,Female,0,No,Yes,69,Yes,No,Fiber optic,No,Yes,No,Yes,No,No,Month-to-month,Yes,Electronic check,93.59,6448.32,No
1136-BCZU,Male,0,No,No,54,Yes,No,No,No internet service,No internet service,No internet service,No internet service,No internet service,No internet service,Two year,No,Mailed check,36.76,1995.9,No
4140-JONN,Male,0,Yes,No,65,Yes,No,DSL,No,Yes,No,No,No,No,Month-to-month,Yes,Credit card (automatic),68.08,4405.64,No
6004-PHHQ,Male,0,No,No,57,Yes,Yes,Fiber optic,No,No,No,No,No,No,Two year,No,Bank transfer (automatic),92.7,5259.93,No
8504-CAQZ,Male,0,No,Yes,42,Yes,No,Fiber optic,Yes,Yes,No,No,No,No,One year,No,Electronic check,95.56,4019.73,No
4376-YBYN,Female,1,No,No,60,Yes,No,DSL,No,No,No,No,No,Yes,Month-to-month,Yes,Bank transfer (automatic),68.0,4081.91,No
1992-QJFG,Male,0,Yes,Yes,37,Yes,No,Fiber optic,No,Yes,Yes,Yes,No,Yes,Two year,No,Electronic check,117.44,4353.65,No
1357-EBRX,Male,1,Yes,No,27,Yes,No,Fiber optic,No,No,No,No,No,No,One year,Yes,Electronic check,76.43,2088.39,No
4129-WGUS,Male,0,No,Yes,56,Yes,Yes,DSL,No,No,No,Yes,No,No,Two year,Yes,Mailed check,81.05,4566.17,No
9678-WGPL,Male,0,No,Yes,40,Yes,No,Fiber optic,Yes,No,Yes,No,No,No,Month-to-month,Yes,Credit card (automatic),99.32,3965.67,Yes
2070-OKBC,Male,1,Yes,Yes,72,Yes,No,Fiber optic,Yes,Yes,Yes,Yes,Yes,Yes,One year,Yes,Credit card (automatic),118.75,8542.47,No
8807-YZOP,Female,1,No,No,49,Yes,No,No,No internet service,No internet service,No internet service,No internet service,No internet service,No internet service,Month-to-month,No,Bank transfer (automatic),34.38,1672.59,No
8264-OLGG,Male,0,No,No,60,Yes,No,Fiber optic,No,Yes,Yes,No,No,No,Two year,No,Electronic check,96.05,5769.64,No
3972-KQCP,Male,0,No,No,68,Yes,No,Fiber optic,No,No,Yes,No,No,No,One year,No,Credit card (automatic),92.11,6270.88,No
2345-WZZG,Female,0,Yes,No,62,Yes,Yes,No,No internet service,No internet service,No internet service,No internet service,No internet service,No internet service,One year,No,Credit card (automatic),49.17,3091.05,No
9644-OLJV,Male,0,No,No,25,Yes,No,Fiber optic,Yes,Yes,No,No,No,No,Month-to-month,No,Credit card (automatic),98.82,2458.97,Yes
3064-TTKH,Female,0,Yes,No,25,Yes,Yes,No,No internet service,No internet service,No internet service,No internet service,No internet service,No internet service,Two year,Yes,Mailed check,45.38,1108.7,No
8150-BQWF,Male,0,Yes,No,72,Yes,No,No,No internet service,No internet service,No internet service,No internet service,No internet service,No internet service,Month-to-month,Yes,Credit card (automatic),34.37,2419.27,No
4636-MHKO,Female,0,Yes,Yes,22,Yes,Yes,No,No internet service,No internet service,No internet service,No internet service,No internet service,No internet service,Two year,Yes,Bank transfer (automatic),49.4,1079.72,No
5272-VMCU,Female,0,Yes,Yes,51,Yes,No,DSL,Yes,Yes,Yes,Yes,No,No,Month-to-month,Yes,Credit card (automatic),97.81,4996.52,No
8159-GLDX,Female,1,Yes,No,72,Yes,No,DSL,No,Yes,No,No,Yes,No,Month-to-month,No,Electronic check,79.39,5718.19,No
4231-ZKNR,Male,0,Yes,Yes,69,Yes,Yes,Fiber optic,No,Yes,No,Yes,No,No,Two year,Yes,Electronic check,103.87,7142.18,No
5735-GEPK,Male,0,No,No,3,Yes,No,DSL,No,No,No,Yes,Yes,Yes,One year,No,Mailed check,89.87,257.78,No
7389-CPKJ,Female,1,No,Yes,0,Yes,Yes,Fiber optic,No,No,No,No,No,No,Two year,Yes,Electronic check,94.24, ,No
8798-BPQJ,Female,0,No,No,5,Yes,No,Fiber optic,No,Yes,Yes,No,Yes,No,One year,Yes,Mailed check,102.9,518.47,No
2259-HZCT,Female,0,No,Yes,55,Yes,Yes,Fiber optic,No,No,No,No,Yes,Yes,Month-to-month,Yes,Electronic check,114.49,6277.38,Yes
3981-BCQI,Female,0,No,No,28,No,No phone service,No,No internet service,No internet service,No internet service,No internet service,No internet service,No internet service,One year,Yes,Electronic check,18.25,509.12,No
3389-WBXI,Female,0,Yes,Yes,2,Yes,Yes,Fiber optic,Yes,No,No,Yes,Yes,No,One year,No,Mailed check,115.04,253.61,No
4713-UBEG,Female,0,No,No,41,Yes,Yes,No,No internet service,No internet service,No internet service,No internet service,No internet service,No internet service,One year,No,Mailed check,45.51,1834.59,No
1917-DNBW,Female,0,Yes,No,8,Yes,Yes,Fiber optic,Yes,No,No,No,No,No,Month-to-month,Yes,Electronic check,99.39,794.74,Yes
7059-JYAS,Female,0,Yes,No,58,Yes,No,Fiber optic,Yes,No,No,No,No,No,Month-to-month,No,Mailed check,87.42,5083.78,No
2782-PONI,Female,0,Yes,Yes,37,Yes,No,Fiber optic,Yes,No,No,Yes,Yes,No,Two year,Yes,Mailed check,98.12,3646.03,No
3644-WOZG,Female,0,No,No,41,Yes,Yes,DSL,No,No,No,No,No,No,Month-to-month,No,Bank transfer (automatic),65.47,2670.65,No
9075-OOQB,Male,0,Yes,No,49,Yes,Yes,Fiber optic,No,No,No,No,No,No,Two year,Yes,Credit card (automatic),92.08,4518.41,No
4110-FNWE,Female,0,No,Yes,13,Yes,Yes,No,No internet service,No internet service,No internet service,No internet service,No internet service,No internet service,Month-to-month,Yes,Mailed check,45.36,585.76,No
1029-DOGC,Male,0,No,No,44,Yes,Yes,Fiber optic,Yes,Yes,No,No,No,Yes,Month-to-month,No,Credit card (automatic),114.48,5041.52,Yes
3121-WBLX,Female,0,Yes,Yes,32,Yes,No,DSL,Yes,Yes,Yes,No,No,No,Month-to-month,No,Electronic check,79.8,2521.68,Yes
5059-VLSS,Male,0,Yes,Yes,19,Yes,Yes,Fiber optic,No,Yes,No,No,No,No,One year,Yes,Bank transfer (automatic),99.31,1861.12,No
7655-FBXM,Female,0,No,No,33,Yes,No,No,No internet service,No internet service,No internet service,No internet service,No internet service,No internet service,Two year,No,Electronic check,38.28,1250.46,No
9762-IMWN,Male,0,Yes,Yes,66,Yes,No,Fiber optic,Yes,No,No,No,No,Yes,One year,Yes,Electronic check,98.22,6485.08,No
3866-KNPJ,Female,0,No,No,66,Yes,Yes,Fiber optic,Yes,No,Yes,No,Yes,Yes,Month-to-month,Yes,Electronic check,118.75,7844.9,Yes
6587-PZBY,Female,0,No,Yes,69,Yes,Yes,Fiber optic,No,No,No,No,No,Yes,One year,No,Electronic check,97.03,6717.78,No
7861-URZF,Female,0,Yes,No,38,Yes,No,DSL,Yes,No,Yes,No,Yes,No,Month-to-month,Yes,Bank transfer (automatic),85.47,3217.64,No
6102-QMGA,Male,0,Yes,No,42,Yes,No,DSL,No,Yes,No,No,No,No,One year,Yes,Mailed check,66.39,2786.15,No
2826-TRGU,Female,0,No,No,38,Yes,No,Fiber optic,Yes,Yes,Yes,Yes,No,Yes,Two year,Yes,Credit card (automatic),118.75,4507.64,No
5447-LPXJ,Female,0,No,Yes,43,Yes,Yes,Fiber optic,No,No,No,Yes,No,No,Month-to-month,No,Credit card (automatic),100.07,4290.35,Yes
4734-PTRO,Female,0,Yes,Yes,0,No,No phone service,Fiber optic,No,Yes,No,No,Yes,Yes,One year,No,Electronic check,93.14, ,No
8167-WKRF,Male,0,Yes,No,49,Yes,No,No,No internet service,No internet service,No internet service,No internet service,No internet service,No internet service,One year,No,Bank transfer (automatic),31.07,1498.85,No
6515-TDJU,Male,1,No,Yes,61,No,No phone service,No,No internet service,No internet service,No internet service,No internet service,No internet service,No internet service,Month-to-month,Yes,Bank transfer (automatic),18.25,1082.24,No
3849-IJTK,Female,0,Yes,No,2,Yes,No,DSL,Yes,No,No,No,No,Yes,Month-to-month,Yes,Credit card (automatic),76.48,150.01,Yes
1333-CYAG,Female,0,No,No,7,Yes,Yes,Fiber optic,No,Yes,No,Yes,No,Yes,One year,No,Electronic check,117.64,850.0,No
2795-GPJO,Male,1,No,Yes,47,Yes,No,No,No internet service,No internet service,No internet service,No internet service,No internet service,No internet service,Month-to-month,Yes,Electronic check,36.24,1706.89,No
4237-DDXW,Male,0,No,No,40,No,No phone service,DSL,No,No,No,No,No,Yes,Month-to-month,No,Mailed check,54.66,2199.78,No
1469-VQMB,Female,0,Yes,No,35,Yes,No,DSL,No,No,No,Yes,No,No,Month-to-month,No,Electronic check,71.91,2512.84,No
6983-TFVA,Female,0,No,No,56,Yes,Yes,DSL,No,No,No,No,No,No,Two year,No,Credit card (automatic),73.4,4096.81,No
6489-UDEE,Female,0,Yes,No,42,Yes,No,Fiber optic,Yes,No,No,Yes,Yes,No,Two year,No,Bank transfer (automatic),103.68,4356.17,No
5142-JHZG,Male,0,Yes,No,27,Yes,Yes,DSL,No,No,Yes,No,No,No,Month-to-month,Yes,Bank transfer (automatic),78.37,2114.29,No
6259-YKMO,Male,0,No,Yes,58,Yes,No,Fiber optic,No,No,No,No,No,No,Month-to-month,Yes,Electronic check,82.97,4774.18,Yes
4632-VVRH,Female,0,No,Yes,28,Yes,No,Fiber optic,Yes,Yes,No,Yes,No,Yes,Month-to-month,No,Bank transfer (automatic),115.79,3225.4,Yes
2413-KZIZ,Male,0,No,No,37,No,No phone service,Fiber optic,No,No,No,No,Yes,Yes,One year,No,Mailed check,83.29,3051.23,No
4654-VOUV,Male,0,No,No,33,Yes,Yes,DSL,No,Yes,No,No,Yes,No,Month-to-month,Yes,Credit card (automatic),89.01,2956.06,No
7098-MAAV,Female,0,Yes,No,64,Yes,No,No,No internet service,No internet service,No internet service,No internet service,No internet service,No internet service,Month-to-month,No,Mailed check,31.57,2033.33,No
7829-IXLR,Female,0,Yes,No,19,Yes,Yes,DSL,No,Yes,Yes,No,No,Yes,Month-to-month,Yes,Electronic check,96.3,1846.1,Yes
7173-NITY,Female,0,Yes,No,25,Yes,Yes,No,No internet service,No internet service,No internet service,No internet service,No internet service,No internet service,One year,No,Electronic check,41.31,1009.26,No
3364-AMYJ,Male,0,Yes,No,26,No,No phone service,DSL,No,Yes,Yes,No,No,No,One year,Yes,Electronic check,61.02,1578.52,No
3215-GXLQ,Male,0,No,Yes,22,Yes,Yes,Fiber optic,No,No,Yes,No,No,No,Month-to-month,No,Bank transfer (automatic),96.9,2120.37,Yes
6547-PJYL,Female,0,No,No,70,Yes,No,Fiber optic,No,Yes,No,No,Yes,Yes,Two year,No,Electronic check,100.96,7074.31,No
9501-TMBT,Male,0,No,No,21,Yes,No,Fiber optic,No,Yes,No,No,No,No,One year,Yes,Electronic check,82.16,1714.76,No
4718-AYCT,Male,0,No,No,46,Yes,No,DSL,No,No,No,Yes,No,Yes,Month-to-month,Yes,Mailed check,84.33,3887.31,No
2156-LCTE,Male,0,Yes,Yes,67,Yes,Yes,Fiber optic,Yes,No,No,No,No,Yes,One year,Yes,Electronic check,107.96,7212.49,No
8872-PIJJ,Male,0,Yes,Yes,66,Yes,Yes,DSL,No,Yes,Yes,No,Yes,No,Month-to-month,Yes,Credit card (automatic),91.6,6058.41,No
4005-TYDN,Female,0,Yes,No,65,Yes,Yes,DSL,No,No,Yes,Yes,Yes,Yes,One year,Yes,Mailed check,107.77,7026.31,No
7628-MYCE,Male,0,Yes,No,68,Yes,Yes,DSL,Yes,No,Yes,No,No,Yes,Month-to-month,Yes,Electronic check,97.34,6678.03,No
8087-SSQR,Female,0,Yes,No,14,Yes,No,Fiber optic,No,No,No,No,No,Yes,Month-to-month,Yes,Mailed check,86.05,1211.65,Yes
7609-YWHR,Male,0,Yes,No,43,Yes,Yes,Fiber optic,Yes,No,No,No,No,No,Month-to-month,No,Bank transfer (automatic),96.09,4119.31,Yes
6404-SJBQ,Female,0,No,Yes,50,Yes,Yes,Fiber optic,No,No,No,Yes,No,Yes,Two year,Yes,Bank transfer (automatic),106.54,5374.38,No
7136-XMKP,Male,0,Yes,No,64,Yes,Yes,DSL,Yes,No,No,Yes,No,Yes,Two year,Yes,Electronic check,94.76,6099.77,No
9614-CPST,Female,1,No,No,24,No,No phone service,No,No internet service,No internet service,No internet service,No internet service,No internet service,No internet service,Month-to-month,Yes,Mailed check,23.58,565.12,No
2633-NZTJ,Female,0,Yes,No,60,Yes,No,DSL,Yes,Yes,Yes,Yes,Yes,No,Month-to-month,Yes,Electronic check,100.9,6108.3,No
7353-KIST,Male,0,Yes,No,16,Yes,No,No,No internet service,No internet service,No internet service,No internet service,No internet service,No internet service,Month-to-month,No,Mailed check,36.53,614.84,No
1316-JZCC,Male,0,Yes,No,51,Yes,No,DSL,Yes,Yes,No,Yes,No,Yes,Month-to-month,Yes,Electronic check,94.81,4862.19,No
9503-HFTA,Female,0,Yes,No,57,Yes,No,No,No internet service,No internet service,No internet service,No internet service,No internet service,No internet service,Two year,Yes,Electronic check,36.8,2120.24,No
1435-XFBS,Male,0,No,No,56,Yes,Yes,DSL,Yes,No,Yes,No,Yes,No,Month-to-month,No,Bank transfer (automatic),94.8,5278.56,No
1134-KKDT,Female,0,No,No,37,Yes,No,Fiber optic,No,Yes,Yes,No,No,No,Two year,Yes,Mailed check,96.05,3552.25,No
3366-PEXG,Female,0,No,Yes,68,Yes,Yes,DSL,No,No,Yes,Yes,Yes,No,Two year,Yes,Credit card (automatic),102.79,6997.69,No
2006-EATV,Female,0,No,No,36,Yes,No,Fiber optic,Yes,No,No,No,Yes,Yes,Month-to-month,No,Bank transfer (automatic),109.83,3968.74,Yes
8829-IZUE,Female,0,No,No,33,Yes,No,Fiber optic,No,No,No,Yes,No,No,Two year,No,Bank transfer (automatic),93.09,3059.2,No
3661-CFHF,Male,1,No,No,34,Yes,Yes,Fiber optic,Yes,Yes,No,No,Yes,No,One year,Yes,Credit card (automatic),114.63,3887.4,No
7107-PUCQ,Male,0,No,No,59,No,No phone service,Fiber optic,No,No,No,No,Yes,No,Month-to-month,No,Electronic check,76.42,4514.96,No
7501-FVST,Male,0,Yes,No,38,Yes,No,DSL,Yes,No,Yes,No,Yes,No,Month-to-month,Yes,Electronic check,90.86,3409.19,Yes
5078-SBHG,Male,0,No,No,45,Yes,No,DSL,No,No,Yes,No,No,Yes,Month-to-month,Yes,Mailed check,76.3,3402.81,No
5698-HMVO,Male,0,No,Yes,15,Yes,No,No,No internet service,No internet service,No internet service,No internet service,No internet service,No internet service,Month-to-month,Yes,Electronic check,32.28,474.86,No
7795-ONGQ,Female,0,No,No,30,Yes,Yes,No,No internet service,No internet service,No internet service,No internet service,No internet service,No internet service,Two year,No,Electronic check,47.81,1420.56,No
5313-ETJS,Male,0,No,No,13,Yes,Yes,No,No internet service,No internet service,No internet service,No internet service,No internet service,No internet service,Month-to-month,Yes,Electronic check,40.23,559.16,No
8377-YXJB,Male,1,Yes,No,46,Yes,No,DSL,No,Yes,No,No,No,Yes,Month-to-month,Yes,Electronic check,76.87,3568.33,Yes
2893-CSEG,Male,0,No,No,31,Yes,No,DSL,No,Yes,No,Yes,Yes,Yes,Month-to-month,Yes,Bank transfer (automatic),96.41,2965.75,No
3400-KWGF,Female,0,No,No,16,Yes,No,DSL,Yes,Yes,Yes,Yes,No,No,One year,No,Mailed check,92.12,1446.68,No
8500-PMBS,Male,0,No,No,55,Yes,No,Fiber optic,No,No,No,No,No,No,Month-to-month,Yes,Electronic check,89.39,4929.54,Yes
9242-SRYF,Male,0,No,No,35,Yes,No,DSL,No,Yes,Yes,No,No,No,Month-to-month,No,Credit card (automatic),74.01,2618.54,No
1153-FTWV,Male,0,Yes,No,41,Yes,Yes,Fiber optic,Yes,No,No,No,Yes,No,One year,No,Credit card (automatic),109.86,4512.42,No
8566-FCKH,Male,0,Yes,Yes,18,No,No phone service,DSL,Yes,No,Yes,Yes,Yes,No,Month-to-month,No,Mailed check,79.41,1387.61,No
1945-QSSX,Male,0,No,Yes,6,Yes,Yes,No,No internet service,No internet service,No internet service,No internet service,No internet service,No internet service,One year,Yes,Bank transfer (automatic),45.52,267.74,No
3047-UQDG,Female,0,Yes,No,54,Yes,No,Fiber optic,Yes,Yes,Yes,No,Yes,No,Month-to-month,No,Bank transfer (automatic),116.72,6301.0,No
6188-ZPFN,Male,0,No,No,29,Yes,Yes,DSL,Yes,Yes,Yes,No,No,Yes,Two year,No,Mailed check,109.02,3179.01,No
2657-TBYR,Male,0,No,No,28,Yes,Yes,Fiber optic,Yes,Yes,No,Yes,No,No,Month-to-month,Yes,Mailed check,110.36,3117.89,Yes
4953-MRQM,Male,0,Yes,No,66,Yes,No,DSL,Yes,Yes,No,Yes,Yes,No,One year,Yes,Bank transfer (automatic),95.74,6324.65,No
5043-CVGA,Female,0,Yes,No,33,Yes,Yes,DSL,Yes,No,Yes,No,No,Yes,Two year,Yes,Electronic check,93.95,3076.94,No
9356-UADZ,Male,1,No,No,33,Yes,No,Fiber optic,Yes,No,No,No,No,Yes,One year,Yes,Bank transfer (automatic),99.49,3281.42,No
4328-MNOQ,Male,0,Yes,Yes,1,Yes,No,Fiber optic,No,Yes,Yes,Yes,Yes,No,Month-to-month,Yes,Electronic check,110.35,110.35,Yes
3763-GWSW,Female,0,Yes,Yes,26,Yes,No,Fiber optic,Yes,No,No,Yes,No,No,Month-to-month,Yes,Bank transfer (automatic),98.09,2556.49,Yes
3225-ZDZC,Male,0,No,No,46,No,No phone service,DSL,No,Yes,No,No,No,No,Month-to-month,No,Electronic check,53.65,2453.26,Yes
1363-WLQF,Female,0,No,No,56,Yes,No,DSL,Yes,Yes,No,No,No,Yes,Month-to-month,Yes,Credit card (automatic),87.26,4879.81,No
3030-BHNE,Male,1,No,Yes,16,Yes,No,Fiber optic,No,Yes,No,Yes,No,No,Month-to-month,Yes,Bank transfer (automatic),98.33,1581.7,Yes
1617-GKOB,Female,0,No,No,25,Yes,Yes,Fiber optic,No,No,No,No,Yes,Yes,Month-to-month,Yes,Mailed check,112.34,2809.94,Yes
9164-KHMK,Female,0,Yes,No,9,Yes,No,No,No internet service,No internet service,No internet service,No internet service,No internet service,No internet service,Two year,Yes,Bank transfer (automatic),35.55,342.38,No
1526-ASPS,Female,0,No,Yes,38,Yes,No,DSL,Yes,No,Yes,No,No,No,Month-to-month,Yes,Bank transfer (automatic),80.17,3026.21,No
6845-WDKR,Female,1,No,No,8,Yes,Yes,Fiber optic,No,Yes,No,No,Yes,Yes,Month-to-month,No,Credit card (automatic),118.22,911.48,Yes
3673-JQMY,Male,1,No,No,24,No,No phone service,DSL,Yes,Yes,Yes,No,Yes,Yes,Month-to-month,Yes,Mailed check,89.09,2144.26,No
6101-GJCB,Female,1,Yes,Yes,19,No,No phone service,Fiber optic,No,No,No,Yes,No,No,Two year,Yes,Bank transfer (automatic),69.51,1311.85,No
1093-SGEC,Female,0,Yes,No,14,Yes,No,Fiber optic,No,No,No,No,No,No,Month-to-month,No,Credit card (automatic),73.1,1017.96,Yes
1088-BWZV,Male,0,No,No,10,Yes,Yes,DSL,Yes,No,No,Yes,Yes,No,Two year,Yes,Mailed check,93.43,927.1,No
2445-NGVB,Male,0,Yes,Yes,15,Yes,No,No,No internet service,No internet service,No internet service,No internet service,No internet service,No internet service,Month-to-month,Yes,Electronic check,33.47,526.65,No
8391-KUCI,Female,0,Yes,No,21,Yes,No,DSL,No,No,Yes,No,No,No,One year,Yes,Electronic check,66.69,1386.71,No
7919-ZKRA,Female,0,No,Yes,61,Yes,Yes,DSL,No,No,No,No,No,Yes,Month-to-month,No,Electronic check,80.24,4891.58,No
9010-RWOC,Male,0,Yes,No,23,Yes,Yes,Fiber optic,No,No,Yes,Yes,No,No,One year,Yes,Bank transfer (automatic),109.0,2477.44,No
3022-GQVT,Female,0,Yes,Yes,35,Yes,No,DSL,Yes,No,Yes,No,Yes,No,Month-to-month,Yes,Credit card (automatic),85.46,2964.07,No
5954-XPPH,Male,0,Yes,No,17,Yes,Yes,DSL,Yes,No,No,Yes,No,Yes,Month-to-month,Yes,Electronic check,94.77,1619.08,No
7785-GNPO,Male,1,No,Yes,19,No,No phone service,No,No internet service,No internet service,No internet service,No internet service,No internet service,No internet service,Month-to-month,Yes,Bank transfer (automatic),21.15,388.55,No
7918-MYJI,Female,0,No,No,7,Yes,No,DSL,No,Yes,No,No,No,No,Month-to-month,No,Mailed check,63.16,448.6,Yes
1360-FXYL,Male,0,No,Yes,14,No,No phone service,DSL,No,No,Yes,No,Yes,No,Month-to-month,Yes,Mailed check,60.18,849.49,No
3077-WTTV,Male,0,No,No,46,Yes,No,DSL,No,Yes,No,Yes,Yes,No,One year,No,Mailed check,83.49,3826.16,No
2389-TGHH,Female,0,No,No,23,Yes,No,DSL,No,No,Yes,No,Yes,Yes,One year,No,Electronic check,85.07,1948.2,No
1001-NJRR,Male,0,No,Yes,46,Yes,Yes,No,No internet service,No internet service,No internet service,No internet service,No internet service,No internet service,Month-to-month,Yes,Credit card (automatic),44.44,2039.3,No
1529-PTET,Male,1,Yes,No,17,Yes,No,DSL,Yes,No,Yes,Yes,No,No,Two year,Yes,Bank transfer (automatic),87.23,1498.25,No
9862-ETWJ,Female,0,Yes,No,31,Yes,No,No,No internet service,No internet service,No internet service,No internet service,No internet service,No internet service,Month-to-month,Yes,Mailed check,32.74,998.15,No
6053-MQRM,Male,1,Yes,No,41,Yes,Yes,No,No internet service,No internet service,No internet service,No internet service,No internet service,No internet service,One year,No,Mailed check,48.23,1995.7,No
1635-OZLJ,Male,1,Yes,No,36,Yes,No,Fiber optic,Yes,No,Yes,Yes,Yes,No,Month-to-month,Yes,Electronic check,113.06,4042.71,Yes
8445-JKFA,Female,0,No,Yes,32,Yes,No,No,No internet service,No internet service,No internet service,No internet service,No internet service,No internet service,Two year,Yes,Bank transfer (automatic),33.74,1068.37,No
4775-EGVL,Male,1,Yes,No,0,No,No phone service,DSL,Yes,Yes,No,Yes,Yes,No,Two year,No,Bank transfer (automatic),73.66, ,No
9710-BAWY,Male,1,No,Yes,26,Yes,No,Fiber optic,No,No,No,Yes,No,Yes,Month-to-month,No,Credit card (automatic),100.9,2613.34,Yes
2041-LGSV,Male,1,Yes,No,16,No,No phone service,DSL,Yes,No,Yes,No,Yes,Yes,Month-to-month,Yes,Mailed check,74.37,1188.77,No
4676-JKEB,Male,1,Yes,No,45,No,No phone service,Fiber optic,No,No,No,No,No,No,One year,Yes,Electronic check,66.64,2987.07,No
9199-NHWF,Female,0,Yes,No,33,Yes,Yes,DSL,No,No,No,No,No,No,Month-to-month,No,Bank transfer (automatic),67.3,2215.15,No
9247-AHKR,Male,0,No,No,2,Yes,No,No,No internet service,No internet service,No internet service,No internet service,No internet service,No internet service,One year,Yes,Electronic check,33.7,51.75,No
2111-JLTW,Female,0,No,No,55,Yes,No,Fiber optic,No,No,Yes,No,Yes,Yes,Two year,Yes,Bank transfer (automatic),112.07,6168.78,No
9335-EPXL,Male,1,No,No,11,Yes,No,DSL,Yes,Yes,Yes,Yes,No,Yes,One year,Yes,Bank transfer (automatic),100.53,1138.23,No
6125-EASJ,Female,0,No,Yes,25,Yes,No,DSL,No,Yes,Yes,Yes,Yes,Yes,Month-to-month,Yes,Credit card (automatic),108.77,2718.82,No
5734-NYUC,Male,0,No,Yes,23,Yes,Yes,Fiber optic,No,No,No,No,No,No,Two year,No,Mailed check,92.56,2110.86,No
1836-QRLE,Female,0,Yes,Yes,59,Yes,No,No,No internet service,No internet service,No internet service,No internet service,No internet service,No internet service,Two year,Yes,Bank transfer (automatic),36.81,2147.91,No
7707-ICAV,Female,0,No,Yes,57,Yes,No,No,No internet service,No internet service,No internet service,No internet service,No internet service,No internet service,Month-to-month,No,Electronic check,31.95,1800.66,No
4822-JNGD,Male,0,No,Yes,62,Yes,Yes,No,No internet service,No internet service,No internet service,No internet service,No internet service,No internet service,Two year,No,Credit card (automatic),49.27,3060.96,No
1804-TPCQ,Male,0,Yes,No,7,Yes,No,Fiber optic,No,No,No,No,No,No,Two year,No,Mailed check,79.49,570.79,No
5452-PKQE,Female,0,Yes,No,72,Yes,Yes,No,No internet service,No internet service,No internet service,No internet service,No internet service,No internet service,Month-to-month,Yes,Credit card (automatic),42.87,3078.48,No
3053-JUAU,Female,0,No,No,25,Yes,No,Fiber optic,No,Yes,No,No,No,No,Month-to-month,Yes,Bank transfer (automatic),90.79,2256.23,Yes
8977-QCBQ,Female,0,Yes,No,57,Yes,Yes,DSL,Yes,No,No,Yes,Yes,No,Two year,Yes,Electronic check,94.33,5392.0,No
1227-BEJA,Female,0,No,Yes,37,Yes,No,DSL,No,No,Yes,No,Yes,No,Month-to-month,Yes,Credit card (automatic),76.5,2815.35,No
1955-ZAZD,Female,0,No,No,48,Yes,Yes,Fiber optic,No,No,No,No,Yes,No,Two year,Yes,Electronic check,102.64,4935.54,No
3662-NNRB,Female,0,Yes,No,42,Yes,No,DSL,Yes,No,No,Yes,No,No,One year,Yes,Credit card (automatic),69.22,2885.71,No
8445-PVRP,Male,0,Yes,No,58,Yes,No,DSL,Yes,Yes,No,Yes,Yes,No,Two year,Yes,Electronic check,94.03,5449.33,No
8131-WVXF,Male,0,No,Yes,20,Yes,No,Fiber optic,No,No,Yes,Yes,No,No,Month-to-month,Yes,Bank transfer (automatic),96.26,1911.4,Yes
6161-BGUQ,Female,0,No,No,12,Yes,Yes,DSL,No,No,No,No,No,Yes,Month-to-month,No,Mailed check,81.16,972.11,No
5258-TLBG,Female,0,No,Yes,2,Yes,Yes,Fiber optic,Yes,No,Yes,Yes,Yes,No,Month-to-month,Yes,Mailed check,118.75,245.5,Yes
7623-QSLI,Male,0,No,Yes,31,Yes,No,DSL,Yes,No,Yes,No,No,No,Two year,Yes,Mailed check,79.31,2474.45,No
7682-NBUD,Female,0,No,No,20,Yes,Yes,No,No internet service,No internet service,No internet service,No internet service,No internet service,No internet service,One year,Yes,Credit card (automatic),42.84,830.77,No
6435-SUPV,Female,1,Yes,No,13,No,No phone service,DSL,No,No,No,Yes,Yes,Yes,Month-to-month,Yes,Credit card (automatic),69.57,872.42,No
8344-BQSH,Male,1,No,Yes,7,Yes,No,No,No internet service,No internet service,No internet service,No internet service,No internet service,No internet service,Month-to-month,No,Electronic check,28.22,194.32,Yes
7091-YWRB,Male,0,Yes,No,6,Yes,Yes,DSL,No,No,No,Yes,No,No,Two year,No,Mailed check,82.64,534.97,No
7559-SXJY,Female,0,Yes,No,58,Yes,Yes,Fiber optic,No,Yes,No,No,No,No,Month-to-month,Yes,Credit card (automatic),101.44,5846.17,No
6820-CYLZ,Male,0,Yes,No,1,Yes,No,No,No internet service,No internet service,No internet service,No internet service,No internet service,No internet service,Two year,Yes,Bank transfer (automatic),36.67,64.36,No
3823-EKJC,Female,0,Yes,Yes,68,Yes,Yes,DSL,Yes,No,Yes,Yes,No,Yes,Month-to-month,Yes,Mailed check,106.29,7228.35,No
7106-WILF,Male,0,Yes,Yes,43,Yes,No,No,No internet service,No internet service,No internet service,No internet service,No internet service,No internet service,One year,No,Mailed check,36.23,1534.83,No
9630-XNDR,Female,0,No,No,65,Yes,No,No,No internet service,No internet service,No internet service,No internet service,No internet service,No internet service,Month-to-month,Yes,Bank transfer (automatic),35.45,2296.02,No
5681-RLSH,Female,0,Yes,No,17,Yes,Yes,DSL,Yes,No,No,Yes,No,No,Month-to-month,Yes,Mailed check,84.54,1448.32,No
1224-NWFN,Female,0,No,Yes,15,Yes,Yes,Fiber optic,No,Yes,Yes,Yes,Yes,No,Two year,Yes,Bank transfer (automatic),118.75,1743.37,No
9577-ILEB,Female,1,No,No,11,Yes,Yes,DSL,Yes,Yes,Yes,Yes,No,No,Month-to-month,Yes,Credit card (automatic),107.83,1180.66,Yes
4142-GJQZ,Male,0,Yes,Yes,59,Yes,Yes,Fiber optic,No,No,Yes,Yes,No,No,Month-to-month,No,Bank transfer (automatic),110.19,6497.53,No
4501-KTFH,Male,0,Yes,Yes,53,Yes,No,DSL,Yes,No,Yes,No,Yes,No,Month-to-month,No,Electronic check,79.76,4271.89,No
7687-SXXX,Male,1,Yes,No,39,Yes,Yes,Fiber optic,No,No,No,Yes,Yes,No,Month-to-month,Yes,Bank transfer (automatic),109.18,4261.74,Yes
2744-XXRL,Female,0,Yes,Yes,42,No,No phone service,Fiber optic,No,No,Yes,No,Yes,No,Month-to-month,Yes,Mailed check,86.58,3640.37,Yes
5950-XPRP,Male,1,Yes,No,21,Yes,No,Fiber optic,No,No,No,Yes,No,No,One year,No,Credit card (automatic),86.12,1817.05,No
2743-DWVG,Female,0,Yes,No,3,Yes,No,Fiber optic,Yes,Yes,No,No,Yes,Yes,Two year,Yes,Bank transfer (automatic),113.34,332.42,No
4616-XWTA,Female,0,Yes,Yes,20,No,No phone service,Fiber optic,No,No,Yes,Yes,Yes,No,Two year,Yes,Bank transfer (automatic),89.79,1815.65,No
5062-HZWH,Male,0,Yes,No,22,Yes,No,DSL,No,No,No,No,No,No,Two year,Yes,Bank transfer (automatic),55.23,1215.94,No
3200-UNNJ,Male,0,Yes,No,41,Yes,Yes,DSL,Yes,No,No,No,No,No,Two year,No,Credit card (automatic),77.23,3152.44,No
3875-SYPI,Female,0,No,No,40,Yes,No,No,No internet service,No internet service,No internet service,No internet service,No internet service,No internet service,Month-to-month,Yes,Credit card (automatic),40.45,1643.38,No
9915-HGKU,Female,0,Yes,No,15,Yes,Yes,Fiber optic,Yes,No,Yes,Yes,No,No,Month-to-month,Yes,Credit card (automatic),113.14,1733.42,Yes
4214-FXJN,Male,0,No,No,35,Yes,No,Fiber optic,Yes,No,Yes,No,Yes,No,Month-to-month,Yes,Mailed check,106.34,3712.01,Yes
7764-KYCH,Male,0,Yes,No,16,Yes,Yes,DSL,No,No,No,No,Yes,Yes,Month-to-month,Yes,Credit card (automatic),92.81,1489.42,No
6378-BUNT,Male,0,Yes,Yes,53,Yes,No,No,No internet service,No internet service,No internet service,No internet service,No internet service,No internet service,Month-to-month,No,Bank transfer (automatic),33.38,1794.9,No
3396-UVOC,Male,0,No,No,6,Yes,No,Fiber optic,Yes,No,No,Yes,Yes,No,One year,No,Mailed check,109.88,643.13,No
3261-BRAI,Male,0,Yes,No,40,Yes,Yes,DSL,Yes,Yes,Yes,No,No,Yes,Month-to-month,Yes,Bank transfer (automatic),107.49,4308.36,No
3305-DPVA,Female,1,Yes,Yes,61,Yes,No,DSL,Yes,Yes,No,Yes,No,No,Month-to-month,No,Bank transfer (automatic),85.05,5214.6,No
4336-YHFT,Female,0,No,No,56,Yes,Yes,DSL,Yes,Yes,No,Yes,No,No,Month-to-month,No,Electronic check,90.95,5092.65,No
7353-PHWD,Female,1,Yes,No,32,Yes,No,Fiber optic,Yes,Yes,No,Yes,No,No,Two year,Yes,Bank transfer (automatic),103.44,3319.19,No
4086-FARW,Male,0,Yes,No,25,Yes,No,DSL,No,No,No,No,Yes,No,Month-to-month,No,Credit card (automatic),73.44,1851.43,No
2154-MQRZ,Female,0,Yes,Yes,23,Yes,No,No,No internet service,No internet service,No internet service,No internet service,No internet service,No internet service,Two year,Yes,Mailed check,35.05,809.91,No
3232-GGNZ,Male,0,Yes,No,30,No,No phone service,Fiber optic,No,Yes,Yes,Yes,No,No,Month-to-month,No,Electronic check,87.33,2596.01,Yes
6774-LLHP,Male,0,Yes,No,26,Yes,Yes,No,No internet service,No internet service,No internet service,No internet service,No internet service,No internet service,Month-to-month,Yes,Electronic check,44.09,1135.7,No
7952-BNXX,Male,0,No,No,48,Yes,Yes,Fiber optic,Yes,Yes,Yes,No,Yes,Yes,One year,No,Bank transfer (automatic),118.75,5679.38,No
6391-EETU,Female,0,No,No,72,Yes,No,DSL,Yes,Yes,No,No,Yes,No,One year,Yes,Mailed check,89.33,6451.86,No
9964-KMCQ,Female,0,No,No,65,Yes,Yes,Fiber optic,No,No,Yes,No,No,Yes,Month-to-month,No,Bank transfer (automatic),106.48,6935.91,No
6681-NLNZ,Female,0,No,Yes,69,Yes,No,Fiber optic,Yes,Yes,No,No,No,Yes,Month-to-month,Yes,Credit card (automatic),106.06,7277.42,No
6203-BGOJ,Female,0,No,No,30,Yes,No,No,No internet service,No internet service,No internet service,No internet service,No internet service,No internet service,Month-to-month,Yes,Credit card (automatic),37.2,1077.57,No
4534-QKBU,Male,0,No,Yes,24,Yes,No,DSL,Yes,No,Yes,No,No,Yes,Month-to-month,Yes,Electronic check,90.29,2180.96,Yes
6982-RYDI,Male,0,No,No,15,Yes,Yes,Fiber optic,No,No,No,No,No,Yes,Two year,Yes,Credit card (automatic),103.35,1499.73,No
1954-QQQP,Female,0,Yes,Yes,5,Yes,No,Fiber optic,No,No,No,Yes,Yes,Yes,Month-to-month,Yes,Bank transfer (automatic),102.5,503.74,Yes
7936-HWOA,Female,0,Yes,No,68,Yes,No,Fiber optic,No,No,Yes,Yes,Yes,Yes,Month-to-month,No,Electronic check,111.12,7543.81,No
8208-EPMP,Male,0,No,No,16,No,No phone service,DSL,No,Yes,No,No,Yes,Yes,One year,Yes,Electronic check,67.35,1076.96,No
7751-VKMF,Female,0,No,Yes,8,Yes,Yes,No,No internet service,No internet service,No internet service,No internet service,No internet service,No internet service,Two year,Yes,Mailed check,45.77,377.97,No
1208-EQAE,Female,0,Yes,No,61,Yes,No,No,No internet service,No internet service,No internet service,No internet service,No internet service,No internet service,Month-to-month,No,Electronic check,36.82,2234.64,No
6393-FBMJ,Male,1,No,No,12,Yes,No,Fiber optic,Yes,No,No,No,No,Yes,Month-to-month,Yes,Electronic check,95.06,1147.74,Yes
5019-KZUB,Female,0,No,No,6,Yes,Yes,DSL,Yes,Yes,Yes,Yes,Yes,No,One year,Yes,Credit card (automatic),114.32,676.23,No
1975-YJEN,Female,0,Yes,Yes,17,Yes,No,No,No internet service,No internet service,No internet service,No internet service,No internet service,No internet service,One year,Yes,Bank transfer (automatic),34.96,598.9,No
3327-SDTP,Female,0,No,No,44,Yes,No,Fiber optic,Yes,Yes,No,Yes,No,Yes,Month-to-month,No,Electronic check,112.78,4957.59,Yes
3734-ICWI,Male,0,No,No,23,Yes,No,Fiber optic,No,No,Yes,No,No,No,One year,No,Credit card (automatic),83.97,1962.15,No
5049-DSXD,Female,1,No,No,54,Yes,Yes,No,No internet service,No internet service,No internet service,No internet service,No internet service,No internet service,Month-to-month,No,Bank transfer (automatic),43.46,2338.87,No
1392-AATS,Female,0,Yes,No,31,Yes,Yes,Fiber optic,Yes,No,No,No,No,Yes,Month-to-month,Yes,Electronic check,107.13,3353.72,Yes
3466-JLRN,Male,0,Yes,Yes,6,Yes,Yes,No,No internet service,No internet service,No internet service,No internet service,No internet service,No internet service,Two year,No,Credit card (automatic),45.16,258.99,No
4985-XAOH,Male,1,Yes,No,19,Yes,Yes,No,No internet service,No internet service,No internet service,No internet service,No internet service,No internet service,One year,Yes,Credit card (automatic),44.71,847.7,No
2785-CRIP,Male,1,Yes,No,18,Yes,Yes,Fiber optic,No,Yes,Yes,Yes,Yes,Yes,One year,Yes,Electronic check,118.75,2141.78,No
7356-OEMV,Male,0,No,No,61,Yes,No,DSL,No,No,No,No,No,No,Month-to-month,Yes,Credit card (automatic),61.08,3727.58,No
6743-GYVP,Male,0,No,Yes,13,Yes,Yes,Fiber optic,No,No,Yes,Yes,No,Yes,Month-to-month,Yes,Credit card (automatic),113.22,1474.58,Yes
2548-QILM,Male,0,No,Yes,31,Yes,Yes,No,No internet service,No internet service,No internet service,No internet service,No internet service,No internet service,Month-to-month,Yes,Mailed check,47.24,1479.08,No
6704-EGAD,Male,0,Yes,No,8,Yes,Yes,DSL,No,Yes,No,Yes,No,No,Two year,Yes,Electronic check,84.49,710.79,No
4651-PEVD,Female,0,Yes,Yes,48,Yes,No,Fiber optic,Yes,No,No,No,No,Yes,Month-to-month,Yes,Mailed check,92.75,4489.53,Yes
8353-WCYH,Male,0,No,No,15,Yes,No,DSL,No,Yes,No,No,No,No,Month-to-month,Yes,Bank transfer (automatic),65.02,965.53,No
9209-RZYL,Male,0,Yes,No,23,Yes,Yes,No,No internet service,No internet service,No internet service,No internet service,No internet service,No internet service,Month-to-month,Yes,Electronic check,42.28,1014.75,No
9056-YAWL,Male,0,No,No,29,Yes,Yes,Fiber optic,No,No,No,No,Yes,Yes,Month-to-month,No,Electronic check,111.04,3237.79,Yes
6402-YHCQ,Female,1,No,Yes,7,Yes,No,Fiber optic,No,No,Yes,Yes,Yes,Yes,Month-to-month,No,Bank transfer (automatic),111.1,762.29,Yes
5952-MJQC,Female,0,No,Yes,9,Yes,No,Fiber optic,No,No,Yes,No,No,No,Month-to-month,Yes,Bank transfer (automatic),91.88,788.45,Yes
3661-NJTP,Male,1,Yes,No,35,Yes,No,DSL,Yes,Yes,No,Yes,Yes,No,Month-to-month,Yes,Mailed check,91.08,3168.78,No
6905-MJFJ,Male,0,No,Yes,23,Yes,No,No,No internet service,No internet service,No internet service,No internet service,No internet service,No internet service,Two year,No,Mailed check,30.31,680.62,No
1484-FGKP,Male,0,Yes,Yes,7,Yes,Yes,Fiber optic,Yes,No,Yes,Yes,No,No,Month-to-month,Yes,Bank transfer (automatic),109.75,759.03,Yes
7251-LWTZ,Female,1,No,No,0,Yes,No,DSL,Yes,Yes,Yes,No,Yes,No,One year,Yes,Mailed check,92.98, ,No
7981-IEUW,Male,0,Yes,No,32,Yes,No,DSL,No,No,Yes,Yes,No,No,One year,Yes,Electronic check,78.32,2497.98,No
2809-SLBZ,Female,0,No,No,30,Yes,Yes,DSL,Yes,Yes,Yes,No,Yes,No,Month-to-month,No,Bank transfer (automatic),105.16,3144.6,No
6257-LNRS,Female,0,Yes,No,61,Yes,No,Fiber optic,No,No,No,No,Yes,Yes,Month-to-month,No,Mailed check,101.37,6197.24,No
9484-PNMU,Male,0,Yes,No,34,Yes,Yes,Fiber optic,Yes,Yes,No,Yes,Yes,No,Month-to-month,Yes,Credit card (automatic),118.75,4068.34,Yes
4233-BLAS,Female,0,Yes,Yes,43,Yes,No,DSL,No,Yes,No,Yes,No,No,Two year,Yes,Credit card (automatic),79.32,3413.15,No
3939-PGUG,Male,0,Yes,No,46,Yes,Yes,Fiber optic,No,No,Yes,No,Yes,Yes,Month-to-month,Yes,Credit card (automatic),116.04,5356.61,Yes
1088-FRAA,Female,0,No,No,31,No,No phone service,Fiber optic,No,No,Yes,No,Yes,No,Month-to-month,Yes,Bank transfer (automatic),83.11,2559.3,Yes
7029-FFDL,Female,0,No,No,62,Yes,Yes,No,No internet service,No internet service,No internet service,No internet service,No internet service,No internet service,Month-to-month,No,Bank transfer (automatic),48.92,3055.83,No
7845-RJCC,Female,1,No,No,21,Yes,No,Fiber optic,Yes,No,Yes,No,No,Yes,Month-to-month,No,Mailed check,105.85,2229.99,Yes
7503-VWYA,Male,1,Yes,No,6,Yes,No,Fiber optic,No,No,Yes,No,No,No,Month-to-month,Yes,Bank transfer (automatic),85.07,517.51,Yes
1849-OYUT,Female,0,Yes,No,5,Yes,Yes,DSL,No,No,No,No,No,No,Two year,No,Electronic check,75.73,372.89,No
4274-MYTY,Female,0,Yes,Yes,40,Yes,No,Fiber optic,No,No,Yes,No,No,Yes,Two year,Yes,Bank transfer (automatic),98.67,3956.78,No
3543-UCBF,Male,0,Yes,No,11,Yes,Yes,DSL,No,No,No,Yes,No,No,Month-to-month,Yes,Credit card (automatic),77.93,873.48,No
3986-CZAK,Female,0,No,No,72,Yes,No,Fiber optic,No,No,Yes,No,No,Yes,Month-to-month,Yes,Electronic check,93.27,6715.55,Yes
9689-OROT,Female,0,Yes,Yes,39,No,No phone service,Fiber optic,No,No,Yes,No,No,Yes,One year,Yes,Mailed check,80.03,3137.46,No
1307-TGQH,Male,1,No,Yes,68,No,No phone service,DSL,Yes,Yes,Yes,No,Yes,No,Month-to-month,Yes,Electronic check,80.68,5461.76,No
6339-MZPY,Male,0,No,Yes,57,Yes,No,DSL,Yes,Yes,No,Yes,No,No,One year,Yes,Electronic check,83.6,4737.2,No
1493-FTVZ,Male,0,No,Yes,2,Yes,Yes,No,No internet service,No internet service,No internet service,No internet service,No internet service,No internet service,One year,No,Electronic check,45.53,80.13,No
6087-GFQU,Female,0,No,No,42,Yes,Yes,DSL,No,No,No,Yes,No,No,Two year,Yes,Electronic check,76.23,3213.36,No
8127-HLZY,Female,0,Yes,Yes,7,Yes,No,Fiber optic,No,No,Yes,Yes,No,Yes,Two year,No,Mailed check,106.17,743.55,No
7409-FGUH,Female,0,Yes,No,72,Yes,No,No,No internet service,No internet service,No internet service,No internet service,No internet service,No internet service,Month-to-month,No,Electronic check,38.21,2760.21,No
5354-HOUA,Female,0,No,No,12,Yes,No,Fiber optic,No,No,Yes,No,Yes,No,Month-to-month,Yes,Credit card (automatic),93.74,1128.31,Yes
7069-ROGO,Female,0,No,No,55,Yes,No,Fiber optic,No,No,Yes,Yes,No,Yes,Month-to-month,Yes,Electronic check,102.2,5623.2,No
6208-CZNT,Male,0,Yes,No,18,Yes,No,Fiber optic,No,No,No,Yes,No,Yes,Two year,Yes,Electronic check,98.19,1742.54,No
5291-DCEY,Female,0,Yes,No,22,Yes,No,DSL,No,Yes,No,No,No,No,Month-to-month,Yes,Electronic check,65.77,1418.04,Yes
6130-HZBP,Male,0,No,Yes,42,Yes,Yes,Fiber optic,No,No,Yes,No,Yes,No,Two year,No,Electronic check,109.67,4610.11,No
7705-GEGU,Female,0,Yes,Yes,23,No,No phone service,DSL,Yes,No,No,Yes,No,Yes,One year,Yes,Bank transfer (automatic),73.13,1698.99,No
1091-FXAK,Female,0,No,No,2,Yes,No,DSL,No,Yes,No,Yes,No,No,Month-to-month,No,Electronic check,78.52,155.27,Yes
2580-LAUO,Male,1,Yes,No,13,Yes,No,DSL,No,Yes,No,Yes,Yes,Yes,Month-to-month,Yes,Credit card (automatic),95.04,1227.36,No
6792-CZOI,Female,0,No,No,32,Yes,No,No,No internet service,No internet service,No internet service,No internet service,No internet service,No internet service,One year,Yes,Electronic check,35.73,1115.5,No
1269-WVXH,Female,0,No,No,26,Yes,No,Fiber optic,No,No,No,No,No,No,One year,Yes,Electronic check,79.23,2064.52,No
3083-TTFA,Male,0,No,No,11,Yes,Yes,DSL,No,Yes,No,No,No,Yes,Month-to-month,No,Credit card (automatic),88.84,978.36,Yes
5785-FNKQ,Male,0,Yes,No,45,Yes,Yes,Fiber optic,Yes,Yes,No,No,No,No,One year,No,Credit card (automatic),107.06,4759.78,No
1840-VGNQ,Female,0,No,No,70,Yes,Yes,DSL,No,No,Yes,Yes,No,No,Two year,Yes,Electronic check,86.03,6041.7,No
8163-PLLE,Male,0,No,Yes,45,Yes,No,No,No internet service,No internet service,No internet service,No internet service,No internet service,No internet service,One year,Yes,Mailed check,33.87,1527.69,No
3509-FGWU,Female,0,No,No,15,Yes,No,Fiber optic,No,No,No,Yes,Yes,No,One year,Yes,Bank transfer (automatic),86.54,1272.01,No
2850-IVMI,Male,0,Yes,No,57,Yes,No,DSL,Yes,Yes,No,No,No,No,One year,No,Credit card (automatic),80.57,4579.63,No
7625-MMSL,Female,0,Yes,Yes,13,Yes,No,Fiber optic,No,Yes,Yes,No,No,No,Month-to-month,Yes,Credit card (automatic),92.78,1228.52,Yes
5003-JPXS,Male,0,Yes,Yes,42,Yes,No,No,No internet service,No internet service,No internet service,No internet service,No internet service,No internet service,One year,No,Bank transfer (automatic),36.34,1523.92,No
8015-FDGN,Male,0,Yes,Yes,24,Yes,Yes,Fiber optic,No,Yes,No,No,No,No,Month-to-month,Yes,Mailed check,93.23,2263.96,Yes
7938-MUEI,Female,0,No,Yes,14,Yes,Yes,Fiber optic,No,Yes,Yes,No,Yes,No,Two year,Yes,Electronic check,118.75,1639.07,No
3350-TUQW,Male,0,No,Yes,29,Yes,Yes,DSL,No,Yes,No,No,No,No,Month-to-month,No,Electronic check,80.59,2369.69,Yes
7487-FYCR,Male,0,No,No,43,Yes,No,Fiber optic,No,No,Yes,No,Yes,No,Month-to-month,No,Credit card (automatic),98.26,4236.09,Yes
3864-ZCZS,Male,0,Yes,No,8,Yes,No,No,No internet service,No internet service,No internet service,No internet service,No internet service,No internet service,One year,No,Mailed check,30.98,249.85,No
9373-LHHO,Female,0,Yes,No,10,Yes,Yes,Fiber optic,No,No,Yes,Yes,No,No,One year,Yes,Electronic check,105.01,1070.25,No
3451-APNG,Male,0,No,No,65,Yes,No,DSL,Yes,Yes,No,Yes,Yes,Yes,Month-to-month,Yes,Credit card (automatic),101.99,6623.12,No
7213-UDVH,Male,0,No,Yes,21,Yes,No,Fiber optic,Yes,Yes,No,No,Yes,No,Month-to-month,No,Electronic check,107.61,2241.29,Yes
3072-CDMU,Male,0,No,Yes,19,Yes,Yes,No,No internet service,No internet service,No internet service,No internet service,No internet service,No internet service,One year,No,Electronic check,47.75,898.09,No
7625-KPJO,Female,0,No,Yes,28,Yes,No,Fiber optic,Yes,No,No,Yes,No,No,Month-to-month,No,Electronic check,91.31,2558.87,Yes
5734-NBJQ,Female,0,No,No,62,Yes,No,Fiber optic,No,No,Yes,No,No,Yes,Month-to-month,Yes,Electronic check,96.05,5980.96,Yes
5685-JMAJ,Male,0,No,Yes,40,Yes,Yes,DSL,Yes,No,Yes,Yes,No,Yes,One year,No,Credit card (automatic),97.9,3925.67,No
4133-VLQX,Female,0,No,No,47,Yes,No,Fiber optic,No,Yes,No,No,No,No,One year,Yes,Mailed check,87.86,4148.78,No
5941-ESEO,Male,1,No,Yes,26,Yes,No,DSL,No,Yes,No,Yes,No,No,Month-to-month,No,Electronic check,73.92,1912.5,No
5588-QAND,Female,0,Yes,Yes,30,Yes,No,No,No internet service,No internet service,No internet service,No internet service,No internet service,No internet service,Two year,No,Mailed check,39.27,1167.95,No
8928-IQCM,Male,1,No,Yes,24,Yes,Yes,DSL,No,No,No,No,Yes,No,Month-to-month,No,Electronic check,80.15,1928.54,Yes
5719-DRWC,Female,0,No,No,48,Yes,No,DSL,No,No,Yes,No,Yes,No,One year,No,Bank transfer (automatic),73.26,3525.75,No
3677-DQGB,Male,0,Yes,Yes,69,No,No phone service,Fiber optic,Yes,No,No,No,Yes,No,Two year,No,Electronic check,81.1,5630.49,No
2924-PHWH,Male,0,Yes,Yes,63,Yes,Yes,Fiber optic,Yes,No,No,No,Yes,No,Month-to-month,Yes,Electronic check,107.54,6774.58,Yes
7681-NKFP,Female,0,No,No,55,Yes,No,No,No internet service,No internet service,No internet service,No internet service,No internet service,No internet service,Month-to-month,No,Electronic check,36.72,2012.98,No
1056-VYOP,Male,0,No,No,6,Yes,Yes,DSL,Yes,No,Yes,No,Yes,No,One year,Yes,Credit card (automatic),96.12,576.06,No
4147-RRNB,Male,0,No,No,69,Yes,Yes,Fiber optic,No,Yes,No,Yes,No,Yes,Month-to-month,Yes,Electronic check,115.86,7969.68,No
3817-CXHK,Male,0,Yes,No,34,Yes,No,Fiber optic,Yes,No,Yes,Yes,Yes,No,Month-to-month,Yes,Bank transfer (automatic),113.83,3849.21,Yes
8115-DIXQ,Female,1,Yes,No,20,Yes,No,Fiber optic,No,No,Yes,No,No,Yes,One year,No,Mailed check,94.85,1905.12,No
4255-PQOT,Male,0,Yes,Yes,46,Yes,No,DSL,No,No,No,Yes,No,No,Month-to-month,No,Bank transfer (automatic),68.86,3164.75,No
4157-GJDX,Male,0,No,No,59,Yes,No,Fiber optic,Yes,No,No,No,No,Yes,Month-to-month,Yes,Electronic check,99.08,5829.26,Yes
3359-NNNY,Male,0,No,No,16,Yes,Yes,Fiber optic,No,Yes,Yes,No,No,Yes,Two year,Yes,Electronic check,117.74,1861.69,No
2261-VTRO,Female,0,No,No,16,Yes,No,Fiber optic,No,Yes,No,No,No,Yes,Month-to-month,Yes,Electronic check,103.63,1680.0,Yes
2498-MLSS,Male,0,Yes,No,70,Yes,Yes,Fiber optic,No,No,Yes,Yes,Yes,No,Month-to-month,No,Credit card (automatic),111.45,7788.26,No
3209-UCJE,Female,0,Yes,No,24,Yes,Yes,No,No internet service,No internet service,No internet service,No internet service,No internet service,No internet service,Month-to-month,Yes,Credit card (automatic),45.31,1107.71,No
9267-GIBY,Male,0,Yes,No,33,Yes,Yes,DSL,Yes,No,Yes,Yes,Yes,Yes,One year,Yes,Electronic check,115.75,3826.31,No
1837-CJIT,Female,0,No,Yes,25,Yes,Yes,Fiber optic,No,Yes,No,No,No,Yes,Month-to-month,Yes,Electronic check,108.89,2729.21,Yes
8332-HHNX,Female,0,Yes,No,5,Yes,No,Fiber optic,No,No,No,No,No,No,One year,No,Bank transfer (automatic),78.37,371.66,No
1949-QKZP,Female,0,Yes,No,9,Yes,Yes,Fiber optic,No,Yes,No,No,No,Yes,Month-to-month,No,Bank transfer (automatic),107.13,974.49,Yes
2307-FKJW,Male,0,Yes,No,2,No,No phone service,No,No internet service,No internet service,No internet service,No internet service,No internet service,No internet service,Month-to-month,Yes,Bank transfer (automatic),21.4,53.25,No
4336-XXOG,Female,0,No,No,58,Yes,Yes,No,No internet service,No internet service,No internet service,No internet service,No internet service,No internet service,One year,Yes,Credit card (automatic),50.18,2934.72,No
2649-AOBV,Female,1,Yes,No,68,Yes,No,No,No internet service,No internet service,No internet service,No internet service,No internet service,No internet service,Month-to-month,Yes,Electronic check,34.86,2358.84,No
9353-JTOJ,Female,0,Yes,No,47,No,No phone service,Fiber optic,No,No,No,No,No,No,One year,No,Electronic check,68.92,3265.4,No
6682-VMXK,Female,0,No,No,22,Yes,Yes,Fiber optic,No,No,No,Yes,Yes,No,Month-to-month,Yes,Electronic check,108.03,2358.96,Yes
3721-UMVY,Female,0,No,Yes,4,Yes,No,Fiber optic,Yes,No,No,No,No,No,One year,No,Electronic check,90.57,350.39,No
1788-AZEU,Female,0,No,No,55,Yes,Yes,DSL,No,No,No,No,Yes,No,Two year,Yes,Bank transfer (automatic),81.09,4426.13,No
7741-GMMT,Female,0,Yes,No,37,Yes,No,No,No internet service,No internet service,No internet service,No internet service,No internet service,No internet service,Month-to-month,Yes,Mailed check,36.16,1341.93,No
6268-FTLH,Female,0,No,Yes,6,Yes,Yes,DSL,Yes,No,Yes,No,No,Yes,Month-to-month,Yes,Bank transfer (automatic),98.66,586.05,Yes
8176-RKTK,Female,0,No,No,16,Yes,No,No,No internet service,No internet service,No internet service,No internet service,No internet service,No internet service,Two year,Yes,Bank transfer (automatic),30.35,472.13,No
4927-XOIC,Male,0,No,No,8,Yes,Yes,DSL,No,No,Yes,Yes,No,Yes,One year,No,Bank transfer (automatic),97.81,801.24,No
8888-YQCS,Female,0,Yes,No,45,Yes,No,Fiber optic,Yes,No,Yes,No,No,No,Month-to-month,Yes,Mailed check,90.42,4061.34,Yes
1488-QWRW,Female,0,Yes,No,36,Yes,Yes,Fiber optic,No,No,Yes,No,No,Yes,Month-to-month,No,Credit card (automatic),111.09,4032.16,Yes
4774-OAZJ,Female,0,No,Yes,6,No,No phone service,DSL,No,Yes,No,No,Yes,No,Two year,Yes,Bank transfer (automatic),65.1,415.15,No
9839-JZBS,Female,0,No,No,16,Yes,No,DSL,No,No,Yes,No,Yes,Yes,Month-to-month,Yes,Bank transfer (automatic),88.98,1413.05,No
8117-HSAP,Female,0,No,No,40,Yes,Yes,DSL,Yes,No,No,Yes,No,Yes,Month-to-month,Yes,Credit card (automatic),96.3,3881.02,No
5887-OTXE,Female,0,Yes,No,63,Yes,No,No,No internet service,No internet service,No internet service,No internet service,No internet service,No internet service,One year,Yes,Bank transfer (automatic),32.06,1992.93,No
8618-QJEK,Female,0,No,No,56,No,No phone service,No,No internet service,No internet service,No internet service,No internet service,No internet service,No internet service,Month-to-month,No,Electronic check,18.25,1019.36,No
7309-DGSG,Male,0,Yes,Yes,44,Yes,Yes,DSL,Yes,No,No,No,No,Yes,One year,Yes,Mailed check,94.4,4134.63,No
4309-QWQM,Male,0,Yes,No,72,Yes,No,DSL,No,No,No,Yes,No,No,Month-to-month,Yes,Bank transfer (automatic),71.11,5120.52,No
8424-BRDM,Male,0,No,No,7,Yes,No,Fiber optic,No,No,Yes,No,No,Yes,Month-to-month,Yes,Credit card (automatic),92.4,630.71,Yes
1224-DBDP,Female,0,Yes,No,9,No,No phone service,DSL,No,No,No,No,Yes,No,Month-to-month,No,Mailed check,55.09,526.9,Yes
9136-QUWT,Female,0,Yes,No,53,No,No phone service,DSL,No,No,No,No,No,Yes,One year,Yes,Electronic check,57.0,3030.5,No
2403-UBCW,Male,1,No,No,65,Yes,Yes,No,No internet service,No internet service,No internet service,No internet service,No internet service,No internet service,Month-to-month,Yes,Electronic check,41.67,2732.85,No
1409-OGDL,Male,0,Yes,Yes,43,Yes,Yes,DSL,No,No,No,Yes,No,No,Month-to-month,Yes,Mailed check,73.81,3161.64,No
8072-QDDV,Female,0,No,No,47,Yes,No,No,No internet service,No internet service,No internet service,No internet service,No internet service,No internet service,Two year,Yes,Bank transfer (automatic),36.52,1742.37,No
9214-YIZU,Female,0,No,No,70,Yes,Yes,Fiber optic,No,No,No,Yes,No,No,Month-to-month,Yes,Electronic check,97.69,6877.73,No
6274-SSOV,Male,0,No,No,1,Yes,Yes,No,No internet service,No internet service,No internet service,No internet service,No internet service,No internet service,Month-to-month,No,Electronic check,46.91,46.91,Yes
3662-CEPW,Male,0,No,No,5,Yes,Yes,Fiber optic,No,Yes,No,No,No,No,Month-to-month,No,Credit card (automatic),98.78,515.61,Yes
6368-HRXX,Male,0,No,No,44,Yes,Yes,Fiber optic,Yes,Yes,Yes,No,Yes,Yes,Month-to-month,Yes,Mailed check,118.75,5204.17,Yes
4825-XSGY,Male,0,Yes,Yes,9,Yes,No,Fiber optic,Yes,No,No,No,No,Yes,Two year,Yes,Electronic check,103.48,925.61,No
7878-FYKE,Female,1,No,Yes,8,Yes,Yes,DSL,No,Yes,No,Yes,No,No,Month-to-month,No,Bank transfer (automatic),87.58,717.17,Yes
3667-ASKO,Male,0,No,Yes,31,Yes,No,Fiber optic,No,Yes,Yes,Yes,No,Yes,Month-to-month,Yes,Credit card (automatic),113.12,3479.35,Yes
5834-KKJB,Male,0,Yes,No,1,Yes,Yes,DSL,No,No,Yes,No,No,No,Two year,Yes,Mailed check,75.25,75.25,No
3163-EWWY,Female,0,No,No,20,Yes,Yes,DSL,Yes,No,Yes,Yes,No,Yes,Month-to-month,No,Credit card (automatic),105.79,2146.62,No
5444-HMOB,Male,0,Yes,No,2,Yes,No,DSL,Yes,No,No,Yes,No,Yes,Two year,Yes,Electronic check,86.6,179.08,No
8179-XHUS,Male,1,Yes,No,22,Yes,Yes,DSL,No,No,No,No,No,Yes,Two year,Yes,Mailed check,77.58,1713.74,No
2656-WAHJ,Male,1,Yes,Yes,36,No,No phone service,Fiber optic,Yes,Yes,Yes,No,No,No,Month-to-month,No,Mailed check,94.09,3387.66,Yes
7220-EVIJ,Female,0,Yes,No,71,Yes,Yes,No,No internet service,No internet service,No internet service,No internet service,No internet service,No internet service,Two year,No,Electronic check,44.7,3170.77,No
2086-NXKN,Female,0,No,No,35,Yes,Yes,DSL,Yes,No,Yes,Yes,No,No,Month-to-month,No,Bank transfer (automatic),94.46,3293.69,No
7722-UPTQ,Male,0,No,No,13,Yes,Yes,Fiber optic,No,No,No,No,Yes,No,Month-to-month,Yes,Bank transfer (automatic),100.66,1258.74,Yes
5324-ZGQT,Female,0,No,Yes,14,Yes,Yes,Fiber optic,Yes,No,No,Yes,Yes,No,One year,No,Bank transfer (automatic),114.49,1630.58,No
7325-KLYX,Female,0,No,No,34,Yes,No,Fiber optic,No,No,Yes,No,Yes,Yes,Two year,Yes,Mailed check,108.27,3717.2,No
6057-SZEK,Male,0,No,Yes,21,Yes,No,DSL,Yes,No,No,No,Yes,Yes,Month-to-month,No,Bank transfer (automatic),89.99,1884.07,No
8734-SGUZ,Female,0,No,Yes,46,Yes,Yes,Fiber optic,Yes,No,Yes,No,No,No,Two year,No,Mailed check,101.24,4672.7,No
3005-FKND,Male,0,No,No,35,No,No phone service,Fiber optic,No,No,No,No,No,Yes,Month-to-month,Yes,Mailed check,74.46,2618.05,Yes
1763-HIBY,Female,0,Yes,No,14,Yes,Yes,No,No internet service,No internet service,No internet service,No internet service,No internet service,No internet service,One year,Yes,Electronic check,42.53,598.15,No
6691-TVGD,Male,0,Yes,No,57,Yes,Yes,DSL,Yes,No,No,Yes,No,No,One year,Yes,Credit card (automatic),84.84,4835.36,No
5023-NZXA,Female,0,No,No,30,Yes,Yes,No,No internet service,No internet service,No internet service,No internet service,No internet service,No internet service,Month-to-month,Yes,Bank transfer (automatic),49.05,1426.49,No
6591-ZLSE,Female,0,No,No,40,No,No phone service,Fiber optic,Yes,No,No,Yes,No,No,Two year,Yes,Bank transfer (automatic),79.67,3197.2,No
7333-ZHKV,Male,0,No,No,25,No,No phone service,No,No internet service,No internet service,No internet service,No internet service,No internet service,No internet service,Two year,No,Credit card (automatic),18.25,461.66,No
7222-TLTV,Male,0,No,Yes,29,Yes,Yes,No,No internet service,No internet service,No internet service,No internet service,No internet service,No internet service,Month-to-month,Yes,Bank transfer (automatic),43.42,1267.62,No
6110-UJXP,Male,0,No,No,11,Yes,Yes,Fiber optic,Yes,Yes,Yes,Yes,No,Yes,Month-to-month,No,Credit card (automatic),118.75,1335.7,Yes
8015-THFC,Male,1,No,Yes,30,Yes,Yes,No,No internet service,No internet service,No internet service,No internet service,No internet service,No internet service,Two year,Yes,Electronic check,39.67,1194.73,No
8108-KDQZ,Female,0,No,No,1,Yes,No,DSL,No,Yes,No,No,Yes,No,Month-to-month,Yes,Electronic check,75.71,84.53,Yes
2186-RHXL,Female,0,Yes,Yes,19,Yes,Yes,DSL,No,Yes,No,No,No,No,One year,Yes,Mailed check,78.47,1486.8,No
7228-PNUP,Male,0,Yes,No,57,Yes,Yes,DSL,No,No,Yes,No,No,Yes,Month-to-month,Yes,Credit card (automatic),85.33,4857.9,No
8934-DAAV,Female,0,No,Yes,19,Yes,No,No,No internet service,No internet service,No internet service,No internet service,No internet service,No internet service,Month-to-month,No,Electronic check,35.04,656.53,No
6774-TTCN,Male,0,Yes,Yes,33,Yes,No,DSL,No,No,No,Yes,No,No,Two year,No,Bank transfer (automatic),67.83,2221.44,No
2063-BDAK,Female,1,Yes,No,59,Yes,No,No,No internet service,No internet service,No internet service,No internet service,No internet service,No internet service,Month-to-month,No,Electronic check,28.51,1664.43,No
4748-BMQQ,Male,1,No,No,33,Yes,Yes,Fiber optic,Yes,No,Yes,Yes,No,Yes,Month-to-month,Yes,Credit card (automatic),118.75,3900.69,Yes
2969-UIFT,Female,0,Yes,No,36,Yes,Yes,No,No internet service,No internet service,No internet service,No internet service,No internet service,No internet service,Month-to-month,Yes,Credit card (automatic),44.79,1596.63,No
2374-CHCA,Male,1,No,Yes,66,Yes,No,No,No internet service,No internet service,No internet service,No internet service,No internet service,No internet service,One year,Yes,Mailed check,32.04,2103.88,No
8180-UEPU,Female,0,No,Yes,18,Yes,No,Fiber optic,Yes,Yes,Yes,Yes,Yes,No,Two year,Yes,Credit card (automatic),117.75,2117.35,No
1247-PXLM,Female,0,No,No,51,Yes,No,No,No internet service,No internet service,No internet service,No internet service,No internet service,No internet service,Month-to-month,No,Bank transfer (automatic),39.78,2015.59,No
9835-IPAE,Male,0,No,No,43,Yes,No,Fiber optic,Yes,Yes,Yes,Yes,No,Yes,Month-to-month,Yes,Electronic check,118.75,5105.81,Yes
6940-EXYS,Female,0,No,No,26,Yes,Yes,DSL,No,No,Yes,No,Yes,No,Month-to-month,No,Bank transfer (automatic),88.15,2320.9,No
4612-HSRO,Female,1,Yes,No,37,Yes,Yes,No,No internet service,No internet service,No internet service,No internet service,No internet service,No internet service,Month-to-month,No,Mailed check,43.21,1585.53,No
2059-OMRT,Male,0,Yes,No,20,Yes,No,Fiber optic,No,Yes,No,Yes,No,No,Two year,Yes,Electronic check,93.46,1876.23,No
3193-HASW,Male,1,No,No,37,Yes,No,Fiber optic,No,No,Yes,Yes,No,Yes,Month-to-month,Yes,Electronic check,109.63,4027.86,Yes
9345-QBSP,Male,0,No,No,12,Yes,No,Fiber optic,Yes,No,No,Yes,No,Yes,Two year,Yes,Credit card (automatic),108.04,1290.88,No
3309-GFFI,Male,0,Yes,No,20,Yes,Yes,Fiber optic,No,No,Yes,No,No,No,Month-to-month,No,Mailed check,91.58,1826.43,Yes
3023-XVUI,Female,0,No,Yes,41,Yes,No,Fiber optic,Yes,Yes,No,No,Yes,No,Month-to-month,No,Credit card (automatic),98.99,4051.0,Yes
8953-WFWD,Male,0,No,No,47,Yes,Yes,No,No internet service,No internet service,No internet service,No internet service,No internet service,No internet service,Month-to-month,Yes,Bank transfer (automatic),45.02,2123.16,No
3769-TERJ,Male,0,Yes,No,45,Yes,No,DSL,No,No,No,No,Yes,No,One year,No,Electronic check,69.21,3142.3,No
9423-AOCO,Male,0,No,No,56,Yes,Yes,No,No internet service,No internet service,No internet service,No internet service,No internet service,No internet service,Month-to-month,Yes,Credit card (automatic),45.36,2525.65,No
6440-UHGI,Female,0,Yes,No,51,Yes,Yes,DSL,Yes,No,Yes,Yes,Yes,No,Two year,No,Electronic check,101.43,5158.62,No
3737-LHHF,Female,0,Yes,Yes,21,Yes,No,Fiber optic,No,No,No,Yes,No,Yes,Month-to-month,No,Mailed check,98.09,2074.88,Yes
3439-FDEU,Female,0,No,Yes,16,Yes,No,DSL,Yes,No,No,Yes,No,No,Month-to-month,No,Mailed check,76.26,1206.88,No
6004-IMIX,Female,0,No,Yes,25,No,No phone service,Fiber optic,No,No,Yes,No,Yes,No,Month-to-month,No,Electronic check,83.24,2053.9,Yes
4087-LBSP,Male,0,Yes,No,38,Yes,Yes,Fiber optic,No,Yes,No,No,No,No,Month-to-month,Yes,Credit card (automatic),97.04,3702.32,Yes
7028-EWXF,Female,0,No,No,70,Yes,No,Fiber optic,No,No,Yes,Yes,Yes,Yes,One year,Yes,Bank transfer (automatic),116.58,8130.02,No
8582-UXQQ,Female,0,Yes,Yes,62,No,No phone service,DSL,Yes,Yes,No,Yes,No,Yes,Month-to-month,No,Mailed check,80.82,4986.55,No
4993-MLFV,Male,0,Yes,Yes,50,Yes,No,Fiber optic,Yes,Yes,Yes,Yes,No,Yes,Month-to-month,No,Mailed check,118.75,5956.47,No
8508-MNGE,Male,0,Yes,Yes,29,Yes,Yes,Fiber optic,Yes,No,No,Yes,Yes,Yes,One year,No,Credit card (automatic),118.75,3429.05,No
1717-RDAG,Female,1,Yes,Yes,40,Yes,Yes,No,No internet service,No internet service,No internet service,No internet service,No internet service,No internet service,Month-to-month,Yes,Credit card (automatic),45.39,1783.94,No
7547-MDMD,Male,1,Yes,No,32,No,No phone service,Fiber optic,Yes,No,No,No,No,No,One year,Yes,Credit card (automatic),73.2,2334.1,No
9482-HTHY,Female,0,No,Yes,49,Yes,Yes,Fiber optic,No,Yes,No,Yes,Yes,No,Month-to-month,No,Electronic check,114.1,5618.61,No
7691-FXVF,Female,0,Yes,No,62,Yes,No,No,No internet service,No internet service,No internet service,No internet service,No internet service,No internet service,Two year,No,Bank transfer (automatic),36.77,2314.57,No
5841-DIPG,Female,0,Yes,No,38,Yes,No,No,No internet service,No internet service,No internet service,No internet service,No internet service,No internet service,Two year,Yes,Electronic check,36.42,1410.83,No
6293-FARL,Male,1,No,Yes,27,Yes,No,DSL,Yes,No,Yes,Yes,No,No,One year,No,Electronic check,83.38,2290.05,No
2845-OAOO,Male,0,Yes,No,17,Yes,No,Fiber optic,No,Yes,Yes,No,Yes,No,Two year,No,Credit card (automatic),103.86,1762.89,No
1463-UACL,Female,0,No,No,58,Yes,Yes,No,No internet service,No internet service,No internet service,No internet service,No internet service,No internet service,One year,No,Mailed check,45.47,2652.42,No
2915-GEZA,Female,1,Yes,Yes,65,Yes,Yes,Fiber optic,Yes,No,Yes,Yes,No,No,Two year,No,Credit card (automatic),112.09,7289.02,No
2376-OHKN,Male,1,Yes,No,42,No,No phone service,Fiber optic,No,Yes,Yes,Yes,Yes,No,Two year,Yes,Mailed check,100.48,4228.47,No
4468-SLVS,Female,0,No,Yes,12,Yes,Yes,DSL,No,Yes,Yes,Yes,No,No,Two year,No,Electronic check,93.42,1112.07,No
5409-DDCZ,Male,0,Yes,Yes,0,No,No phone service,Fiber optic,No,Yes,No,Yes,No,No,Two year,No,Electronic check,81.54, ,No
6605-EKYI,Male,0,Yes,Yes,31,Yes,No,Fiber optic,No,Yes,No,Yes,No,Yes,Two year,Yes,Bank transfer (automatic),100.3,3128.46,No
6468-ILCT,Male,0,Yes,No,9,Yes,Yes,Fiber optic,Yes,No,Yes,Yes,Yes,No,Month-to-month,Yes,Bank transfer (automatic),118.75,1063.91,Yes
7132-LYRD,Male,0,Yes,No,14,Yes,Yes,Fiber optic,No,Yes,Yes,Yes,Yes,No,Two year,No,Credit card (automatic),118.75,1680.52,No
3769-HISM,Female,0,No,No,16,Yes,No,Fiber optic,No,Yes,Yes,Yes,No,No,Two year,No,Mailed check,105.05,1671.19,No
7776-FVGU,Male,0,Yes,No,62,Yes,Yes,Fiber optic,Yes,Yes,No,No,Yes,No,Two year,Yes,Credit card (automatic),114.48,7130.53,No
5336-SYLU,Male,1,No,Yes,53,Yes,No,Fiber optic,No,No,No,No,Yes,Yes,Two year,No,Electronic check,95.94,5053.67,No
6786-MRGY,Male,0,No,No,22,Yes,No,Fiber optic,Yes,Yes,Yes,No,Yes,No,One year,No,Electronic check,111.19,2460.79,No
2654-EPVD,Female,0,Yes,No,70,Yes,Yes,Fiber optic,No,No,No,Yes,No,No,Month-to-month,Yes,Electronic check,97.09,6800.3,No
4229-WADC,Female,0,No,No,49,No,No phone service,DSL,Yes,No,Yes,Yes,Yes,No,Month-to-month,Yes,Mailed check,81.86,4040.29,No
2795-ALMB,Female,0,No,No,58,Yes,Yes,No,No internet service,No internet service,No internet service,No internet service,No internet service,No internet service,Month-to-month,Yes,Electronic check,48.84,2836.82,No
9540-IGMV,Female,1,No,No,35,Yes,No,Fiber optic,No,Yes,No,No,Yes,No,One year,No,Bank transfer (automatic),95.6,3319.55,No
7145-ARGR,Female,0,Yes,No,5,Yes,No,DSL,No,Yes,No,No,No,No,Month-to-month,Yes,Electronic check,74.7,350.01,Yes
3226-HWLK,Male,0,No,No,65,Yes,No,DSL,Yes,Yes,No,No,No,No,Month-to-month,Yes,Bank transfer (automatic),77.74,5054.88,No
7842-IDGQ,Female,0,Yes,Yes,31,No,No phone service,DSL,No,No,No,No,No,Yes,Month-to-month,Yes,Bank transfer (automatic),55.02,1708.81,No
8050-BWRV,Female,0,No,Yes,52,Yes,Yes,Fiber optic,Yes,No,Yes,No,No,Yes,Month-to-month,Yes,Credit card (automatic),114.64,5937.53,No
1907-IKEZ,Male,0,Yes,Yes,68,Yes,No,Fiber optic,No,No,No,Yes,No,No,Month-to-month,Yes,Mailed check,90.81,6182.33,No
9390-AXYE,Female,1,No,Yes,1,No,No phone service,Fiber optic,Yes,No,No,No,No,Yes,Month-to-month,No,Electronic check,87.54,105.07,Yes
4365-MKHT,Female,0,Yes,No,42,No,No phone service,Fiber optic,No,No,No,No,Yes,No,One year,Yes,Mailed check,74.47,3136.8,No
7697-HBUO,Male,0,No,Yes,39,Yes,No,Fiber optic,No,No,No,Yes,No,Yes,Month-to-month,No,Credit card (automatic),95.47,3750.27,Yes
2020-FEVV,Female,0,Yes,No,67,Yes,No,Fiber optic,No,No,Yes,No,No,No,Month-to-month,No,Bank transfer (automatic),90.02,6027.65,No
6442-KKPC,Female,1,No,No,3,Yes,No,DSL,No,No,Yes,Yes,No,Yes,Month-to-month,Yes,Bank transfer (automatic),81.88,240.81,Yes
9520-CSKN,Male,0,No,No,45,Yes,Yes,No,No internet service,No internet service,No internet service,No internet service,No internet service,No internet service,Month-to-month,Yes,Credit card (automatic),45.93,2056.13,No
9998-JJTA,Female,0,Yes,Yes,19,Yes,No,DSL,No,Yes,Yes,Yes,No,Yes,Month-to-month,Yes,Credit card (automatic),87.25,1677.29,No
4333-UNBF,Female,0,No,Yes,13,Yes,No,Fiber optic,No,No,No,Yes,No,No,Two year,Yes,Credit card (automatic),86.93,1122.22,No
6708-COMV,Male,1,Yes,Yes,13,Yes,No,DSL,No,No,No,Yes,No,No,Month-to-month,Yes,Mailed check,73.12,978.99,No
5586-DQEU,Female,1,No,No,48,Yes,No,No,No internet service,No internet service,No internet service,No internet service,No internet service,No internet service,One year,Yes,Bank transfer (automatic),37.37,1755.62,No
6982-HUXJ,Female,0,No,No,2,Yes,Yes,Fiber optic,No,No,Yes,No,No,Yes,Month-to-month,Yes,Mailed check,109.25,215.31,Yes
8664-GXSI,Female,0,Yes,No,20,Yes,Yes,DSL,Yes,Yes,Yes,Yes,No,No,Month-to-month,Yes,Credit card (automatic),101.48,2011.89,No
7135-BVTS,Female,0,No,No,60,Yes,Yes,Fiber optic,No,No,No,No,No,No,Month-to-month,Yes,Credit card (automatic),85.82,5139.48,No
6338-FJMY,Female,0,Yes,No,1,Yes,No,Fiber optic,Yes,No,No,No,Yes,No,Two year,Yes,Bank transfer (automatic),101.75,131.08,No
9257-JJZE,Male,0,Yes,Yes,20,Yes,No,DSL,Yes,Yes,Yes,Yes,No,No,Month-to-month,Yes,Electronic check,96.88,1973.0,No
9405-DWBG,Female,0,Yes,No,9,Yes,Yes,DSL,Yes,Yes,No,No,No,No,Month-to-month,Yes,Mailed check,81.41,753.95,Yes
2040-KURH,Male,0,Yes,No,18,Yes,No,Fiber optic,Yes,No,No,Yes,No,Yes,Two year,No,Credit card (automatic),104.29,1875.89,No
1987-LXAT,Female,0,No,Yes,52,No,No phone service,No,No internet service,No internet service,No internet service,No internet service,No internet service,No internet service,Month-to-month,Yes,Credit card (automatic),19.73,1011.5,No
9148-LZFC,Female,0,Yes,No,48,Yes,No,DSL,No,Yes,No,Yes,No,Yes,Month-to-month,Yes,Electronic check,83.63,4017.43,No
8012-NLMM,Male,0,No,No,7,Yes,No,Fiber optic,Yes,Yes,No,No,Yes,No,Month-to-month,Yes,Credit card (automatic),108.29,768.48,Yes
4726-FLBD,Male,0,Yes,No,56,Yes,No,No,No internet service,No internet service,No internet service,No internet service,No internet service,No internet service,Month-to-month,Yes,Electronic check,34.59,1907.16,No
3131-YYUL,Male,0,No,No,23,Yes,No,Fiber optic,No,Yes,No,No,No,No,Two year,Yes,Electronic check,89.99,2056.03,No
6474-QFXQ,Female,0,Yes,No,46,Yes,No,DSL,No,No,No,Yes,Yes,No,Month-to-month,Yes,Mailed check,75.94,3536.71,No
1016-KWGB,Female,0,Yes,No,20,Yes,No,Fiber optic,No,Yes,No,Yes,Yes,No,Month-to-month,No,Credit card (automatic),107.54,2142.59,Yes
2473-VMXX,Male,1,No,No,7,Yes,No,No,No internet service,No internet service,No internet service,No internet service,No internet service,No internet service,Month-to-month,Yes,Electronic check,32.99,242.49,Yes
3895-QKIX,Female,0,No,No,18,Yes,No,Fiber optic,No,Yes,No,Yes,Yes,Yes,Month-to-month,Yes,Electronic check,114.63,2037.03,Yes
9808-NMYK,Female,0,No,No,29,Yes,Yes,No,No internet service,No internet service,No internet service,No internet service,No internet service,No internet service,Month-to-month,No,Credit card (automatic),43.73,1253.35,No
5501-CAHZ,Female,0,No,No,25,Yes,No,DSL,Yes,Yes,No,Yes,No,No,Month-to-month,No,Mailed check,86.56,2170.24,No
1082-MGMZ,Female,0,Yes,No,19,Yes,Yes,Fiber optic,Yes,Yes,Yes,No,No,No,Month-to-month,No,Credit card (automatic),115.53,2188.09,Yes
4141-CFCM,Female,0,Yes,No,72,No,No phone service,DSL,No,No,No,No,No,No,Month-to-month,Yes,Electronic check,45.4,3285.86,No
4084-YMAH,Male,0,No,No,44,Yes,No,Fiber optic,No,No,No,Yes,No,Yes,Month-to-month,No,Electronic check,97.31,4304.3,Yes
6284-TQIM,Female,0,Yes,Yes,63,Yes,No,Fiber optic,Yes,Yes,No,No,Yes,No,One year,No,Electronic check,109.19,6900.79,No
1824-MENK,Male,0,Yes,Yes,29,Yes,Yes,DSL,Yes,Yes,No,No,No,Yes,Two year,No,Electronic check,95.15,2772.2,No
6912-ZNYG,Female,0,No,Yes,52,Yes,No,Fiber optic,No,Yes,Yes,No,Yes,Yes,Month-to-month,No,Electronic check,115.88,6030.04,Yes
5695-QDJJ,Female,0,No,No,49,Yes,No,Fiber optic,No,No,Yes,Yes,No,Yes,Month-to-month,Yes,Credit card (automatic),107.74,5299.5,No
8595-ICOL,Female,0,No,Yes,61,Yes,Yes,No,No internet service,No internet service,No internet service,No internet service,No internet service,No internet service,Month-to-month,Yes,Credit card (automatic),41.43,2532.11,No
3905-OZAO,Female,0,Yes,Yes,41,Yes,No,No,No internet service,No internet service,No internet service,No internet service,No internet service,No internet service,Month-to-month,Yes,Mailed check,35.05,1397.38,No
3694-LTYF,Male,0,No,Yes,27,Yes,No,No,No internet service,No internet service,No internet service,No internet service,No internet service,No internet service,One year,Yes,Electronic check,36.6,994.08,No
4266-JZUZ,Female,0,Yes,No,57,No,No phone service,No,No internet service,No internet service,No internet service,No internet service,No internet service,No internet service,Month-to-month,Yes,Credit card (automatic),18.31,1072.67,No
9095-DMSE,Female,0,Yes,Yes,30,Yes,No,Fiber optic,Yes,Yes,No,No,No,No,Month-to-month,No,Mailed check,100.73,2999.1,Yes
3422-VRAU,Male,1,No,No,58,Yes,No,No,No internet service,No internet service,No internet service,No internet service,No internet service,No internet service,One year,Yes,Bank transfer (automatic),34.22,1980.0,No
8316-PPPV,Female,0,No,No,11,No,No phone service,Fiber optic,No,Yes,Yes,No,No,No,One year,No,Bank transfer (automatic),83.12,894.76,No
2903-ATTJ,Female,0,No,No,44,Yes,Yes,Fiber optic,Yes,No,Yes,Yes,No,Yes,Two year,Yes,Credit card (automatic),118.75,5265.66,No
3401-NHFC,Female,0,Yes,No,65,Yes,No,DSL,No,Yes,No,No,No,No,Month-to-month,Yes,Credit card (automatic),71.58,4646.98,No
8248-LSXT,Male,0,No,Yes,67,Yes,Yes,DSL,Yes,No,No,Yes,No,Yes,One year,No,Credit card (automatic),94.49,6344.27,No
8071-CMPK,Female,0,Yes,No,31,Yes,No,DSL,No,Yes,No,No,No,Yes,Month-to-month,Yes,Bank transfer (automatic),82.94,2558.0,No
1147-PTBD,Male,0,No,No,40,Yes,No,DSL,No,No,Yes,No,No,No,Month-to-month,Yes,Mailed check,66.3,2635.3,No
9026-YDQA,Male,0,Yes,Yes,54,Yes,Yes,Fiber optic,No,Yes,Yes,No,No,No,Two year,No,Credit card (automatic),107.99,5800.85,No
4616-EVLF,Female,0,Yes,No,68,Yes,No,DSL,No,Yes,No,Yes,No,No,Month-to-month,Yes,Electronic check,76.82,5221.73,No
9351-FYQZ,Female,0,Yes,No,4,Yes,Yes,DSL,Yes,No,No,No,No,No,Month-to-month,No,Bank transfer (automatic),79.06,330.51,Yes
2013-MHXL,Female,0,Yes,No,62,Yes,Yes,Fiber optic,Yes,Yes,No,Yes,No,No,Month-to-month,Yes,Credit card (automatic),118.75,7390.3,No
6247-SUZT,Female,0,No,Yes,3,Yes,Yes,Fiber optic,Yes,No,Yes,Yes,No,No,Month-to-month,Yes,Credit card (automatic),111.5,278.68,Yes
5827-QIUR,Male,1,No,No,40,Yes,Yes,DSL,No,Yes,No,Yes,No,No,Two year,Yes,Mailed check,85.13,3425.21,No
1059-BKWT,Female,0,Yes,No,11,Yes,No,No,No internet service,No internet service,No internet service,No internet service,No internet service,No internet service,Two year,No,Electronic check,30.13,348.95,No
8860-ROGP,Female,0,No,No,36,Yes,No,DSL,Yes,Yes,Yes,No,No,Yes,Month-to-month,Yes,Credit card (automatic),98.66,3572.79,No
2592-ARVH,Female,0,No,No,54,Yes,Yes,Fiber optic,No,No,No,No,No,No,Month-to-month,No,Mailed check,91.82,4917.77,No
5166-YBLP,Male,0,No,No,44,Yes,No,Fiber optic,Yes,No,Yes,Yes,No,Yes,Month-to-month,Yes,Bank transfer (automatic),110.63,4851.68,Yes
9334-CWUM,Female,0,Yes,Yes,27,Yes,Yes,Fiber optic,Yes,No,No,No,Yes,No,One year,Yes,Mailed check,102.63,2774.15,No
8636-MBFF,Female,0,No,No,58,Yes,Yes,Fiber optic,Yes,Yes,No,No,No,Yes,Month-to-month,Yes,Electronic check,111.81,6522.67,Yes
4435-DEWH,Female,0,Yes,No,6,Yes,No,DSL,No,No,Yes,No,Yes,Yes,One year,Yes,Electronic check,89.14,526.12,No
1965-UCWH,Female,0,No,Yes,59,No,No phone service,DSL,Yes,No,Yes,No,No,No,Two year,Yes,Electronic check,61.55,3601.8,No
1500-KRJZ,Female,0,No,Yes,52,Yes,No,Fiber optic,No,No,Yes,No,Yes,Yes,Month-to-month,Yes,Credit card (automatic),106.91,5560.41,No
1987-TLTH,Female,0,Yes,Yes,39,Yes,Yes,No,No internet service,No internet service,No internet service,No internet service,No internet service,No internet service,Two year,No,Electronic check,45.46,1775.11,No
5434-UPUR,Female,1,No,Yes,51,Yes,No,DSL,Yes,No,Yes,Yes,Yes,Yes,Month-to-month,Yes,Bank transfer (automatic),102.51,5249.59,No
8944-DIYB,Male,0,Yes,Yes,10,Yes,No,No,No internet service,No internet service,No internet service,No internet service,No internet service,No internet service,One year,Yes,Electronic check,37.04,345.7,No
9017-KMFI,Male,0,Yes,No,49,Yes,No,Fiber optic,No,No,No,No,No,Yes,Two year,No,Electronic check,91.25,4439.77,No
1207-DBGO,Female,0,Yes,No,49,Yes,Yes,No,No internet service,No internet service,No internet service,No internet service,No internet service,No internet service,Month-to-month,Yes,Mailed check,39.09,1900.92,No
1504-FKTQ,Female,0,No,Yes,47,Yes,Yes,Fiber optic,Yes,No,No,No,Yes,No,Month-to-month,No,Mailed check,107.65,5064.39,Yes
4794-GKMZ,Female,0,No,No,53,Yes,Yes,Fiber optic,Yes,Yes,Yes,No,No,Yes,Month-to-month,No,Credit card (automatic),118.75,6297.82,No
9980-CNBR,Male,0,Yes,No,5,Yes,Yes,DSL,No,No,Yes,No,Yes,No,Two year,No,Credit card (automatic),89.41,449.05,No
5012-MXXN,Female,0,Yes,Yes,49,Yes,No,No,No internet service,No internet service,No internet service,No internet service,No internet service,No internet service,Month-to-month,No,Credit card (automatic),32.52,1630.96,No
2675-UMRM,Female,0,Yes,Yes,2,Yes,Yes,DSL,Yes,No,Yes,No,Yes,Yes,Month-to-month,Yes,Credit card (automatic),104.98,215.69,Yes
3838-VJWE,Male,0,No,Yes,40,Yes,No,No,No internet service,No internet service,No internet service,No internet service,No internet service,No internet service,Two year,No,Mailed check,31.45,1234.38,No
2265-HNBH,Male,0,No,No,27,Yes,No,Fiber optic,No,Yes,Yes,No,Yes,No,Month-to-month,No,Electronic check,103.07,2790.96,Yes
9143-GCDG,Female,0,No,No,31,Yes,No,DSL,No,No,Yes,Yes,No,Yes,Two year,Yes,Electronic check,82.59,2516.35,No
4523-IWQQ,Female,0,No,Yes,38,Yes,Yes,Fiber optic,No,Yes,No,Yes,No,No,One year,No,Credit card (automatic),106.92,4079.16,No
9382-TNNY,Male,1,No,Yes,70,Yes,No,No,No internet service,No internet service,No internet service,No internet service,No internet service,No internet service,Month-to-month,Yes,Electronic check,34.04,2394.21,No
8907-MUQO,Male,1,Yes,No,62,Yes,No,Fiber optic,No,No,Yes,Yes,No,Yes,Month-to-month,Yes,Bank transfer (automatic),105.81,6524.96,No
4139-TKJV,Male,0,Yes,No,18,Yes,No,DSL,No,Yes,Yes,No,Yes,No,Month-to-month,No,Mailed check,87.16,1586.96,No
9181-HMIA,Male,0,No,No,0,Yes,No,No,No internet service,No internet service,No internet service,No internet service,No internet service,No internet service,Month-to-month,No,Mailed check,37.97, ,No
8918-VDTA,Female,0,No,No,32,Yes,No,Fiber optic,Yes,No,No,Yes,Yes,No,Month-to-month,No,Credit card (automatic),107.78,3427.42,Yes
5075-KSOU,Female,0,No,Yes,32,Yes,No,DSL,No,No,No,Yes,Yes,No,Month-to-month,Yes,Electronic check,80.66,2594.39,No
6737-AXCN,Male,0,Yes,No,10,Yes,No,No,No internet service,No internet service,No internet service,No internet service,No internet service,No internet service,Month-to-month,No,Electronic check,38.47,380.91,Yes
8072-JVAO,Female,0,Yes,No,59,No,No phone service,Fiber optic,No,No,No,No,Yes,Yes,One year,No,Electronic check,86.14,5085.17,No
1372-TWVL,Female,0,Yes,No,27,Yes,Yes,Fiber optic,Yes,Yes,Yes,No,Yes,No,Month-to-month,No,Mailed check,118.75,3202.27,Yes
7586-HXNR,Male,0,No,No,61,Yes,No,Fiber optic,No,No,Yes,No,No,Yes,One year,Yes,Bank transfer (automatic),98.54,6025.51,No
4967-WABX,Male,0,No,No,46,Yes,Yes,Fiber optic,No,No,No,No,No,No,Two year,Yes,Mailed check,87.84,3991.5,No
4888-BQUG,Male,0,Yes,Yes,16,Yes,No,Fiber optic,Yes,No,Yes,Yes,Yes,No,Month-to-month,Yes,Mailed check,117.3,1849.58,Yes
5693-HEOZ,Female,0,No,Yes,71,Yes,No,Fiber optic,Yes,No,Yes,No,Yes,Yes,Month-to-month,Yes,Mailed check,117.73,8397.74,No
3598-CYJC,Female,0,Yes,No,8,Yes,No,DSL,No,Yes,Yes,Yes,No,Yes,Two year,Yes,Electronic check,90.25,744.39,No
5757-CAAS,Female,0,Yes,No,7,Yes,No,DSL,Yes,No,No,Yes,Yes,Yes,One year,Yes,Bank transfer (automatic),96.08,659.15,No
7115-BYKX,Male,1,Yes,Yes,58,Yes,Yes,DSL,No,Yes,No,No,Yes,Yes,Month-to-month,Yes,Electronic check,99.46,5777.58,No
8115-MPPS,Female,0,No,No,68,Yes,Yes,No,No internet service,No internet service,No internet service,No internet service,No internet service,No internet service,One year,No,Electronic check,44.73,2984.99,No
5147-UTIP,Male,0,No,No,44,Yes,Yes,No,No internet service,No internet service,No internet service,No internet service,No internet service,No internet service,Month-to-month,Yes,Bank transfer (automatic),48.96,2181.45,No
1038-MDMH,Female,0,No,Yes,32,No,No phone service,Fiber optic,No,Yes,No,Yes,No,No,Two year,Yes,Electronic check,79.96,2552.43,No
4937-GKQX,Male,1,No,No,37,No,No phone service,Fiber optic,No,No,No,No,No,Yes,Month-to-month,No,Bank transfer (automatic),74.72,2780.49,Yes
9796-NMOV,Female,0,Yes,Yes,62,Yes,No,Fiber optic,No,Yes,No,Yes,No,Yes,Month-to-month,No,Electronic check,104.39,6474.27,No
6723-UYIC,Female,0,Yes,No,11,Yes,No,Fiber optic,Yes,Yes,Yes,Yes,No,Yes,Two year,Yes,Bank transfer (automatic),118.75,1290.19,No
7238-MIRE,Male,0,No,No,66,Yes,Yes,Fiber optic,No,No,Yes,Yes,No,Yes,Month-to-month,Yes,Mailed check,116.77,7680.2,No
5778-BQWT,Male,0,No,No,28,Yes,Yes,Fiber optic,Yes,No,Yes,Yes,Yes,No,One year,No,Mailed check,118.75,3352.18,No
7100-DVRX,Female,0,Yes,Yes,21,Yes,Yes,Fiber optic,No,Yes,Yes,Yes,No,No,Two year,No,Mailed check,111.59,2363.35,No
5583-SLKP,Female,0,Yes,No,33,Yes,Yes,DSL,No,Yes,No,Yes,Yes,No,Month-to-month,Yes,Electronic check,99.84,3296.46,No
7500-CLOP,Male,0,Yes,Yes,69,No,No phone service,No,No internet service,No internet service,No internet service,No internet service,No internet service,No internet service,Month-to-month,No,Bank transfer (automatic),19.21,1333.59,No
5076-GOCL,Female,0,Yes,No,38,Yes,No,DSL,No,No,No,No,No,Yes,Month-to-month,Yes,Electronic check,69.85,2643.36,Yes
7360-LRCL,Female,0,Yes,No,15,Yes,No,DSL,No,No,No,No,No,Yes,Month-to-month,No,Mailed check,69.0,1047.21,No
9892-WUZW,Male,0,No,No,30,Yes,No,No,No internet service,No internet service,No internet service,No internet service,No internet service,No internet service,Two year,No,Electronic check,34.27,1006.24,No
6825-NNDQ,Male,0,No,No,48,Yes,No,No,No internet service,No internet service,No internet service,No internet service,No internet service,No internet service,One year,Yes,Mailed check,38.59,1849.26,No
8406-PEXQ,Female,0,Yes,No,43,Yes,Yes,DSL,Yes,No,Yes,Yes,No,No,One year,Yes,Electronic check,94.39,4061.5,No
3870-GWOQ,Male,0,No,Yes,45,No,No phone service,No,No internet service,No internet service,No internet service,No internet service,No internet service,No internet service,Two year,Yes,Mailed check,18.25,843.7,No
2098-BOER,Female,0,No,No,0,No,No phone service,No,No internet service,No internet service,No internet service,No internet service,No internet service,No internet service,Two year,Yes,Mailed check,18.25, ,No
8452-UUPD,Female,0,Yes,Yes,43,Yes,No,DSL,Yes,No,Yes,Yes,Yes,No,Two year,No,Mailed check,91.25,3933.43,No
3038-JVBO,Male,0,No,Yes,45,Yes,No,DSL,No,Yes,Yes,Yes,No,No,One year,Yes,Mailed check,83.46,3750.13,No
6731-PGYY,Female,0,Yes,No,71,Yes,No,DSL,Yes,No,No,No,No,No,Month-to-month,No,Mailed check,71.31,5071.08,No
3562-QIHW,Female,0,No,No,52,Yes,No,Fiber optic,Yes,No,No,No,No,No,Month-to-month,No,Bank transfer (automatic),87.8,4555.47,No
3333-OJWY,Female,0,Yes,Yes,32,Yes,Yes,Fiber optic,Yes,No,No,Yes,No,No,Two year,Yes,Electronic check,105.84,3359.85,No
7949-ONZS,Female,0,Yes,No,44,Yes,No,DSL,No,Yes,Yes,Yes,No,Yes,Month-to-month,Yes,Bank transfer (automatic),94.56,4179.92,No
4180-NCDZ,Female,0,No,No,63,Yes,Yes,DSL,Yes,Yes,Yes,No,No,Yes,Month-to-month,Yes,Credit card (automatic),105.16,6629.38,No
2020-NNZH,Male,0,Yes,No,2,No,No phone service,DSL,No,Yes,Yes,Yes,No,No,One year,Yes,Electronic check,62.77,134.03,No
9009-INHK,Male,0,Yes,No,23,Yes,No,Fiber optic,Yes,No,No,No,Yes,No,Two year,No,Electronic check,99.71,2269.57,No
9337-DDLR,Female,0,Yes,No,30,Yes,Yes,No,No internet service,No internet service,No internet service,No internet service,No internet service,No internet service,One year,No,Credit card (automatic),49.72,1468.56,No
2026-RGAV,Female,1,Yes,No,70,Yes,Yes,DSL,No,Yes,No,No,No,Yes,Month-to-month,No,Credit card (automatic),91.87,6419.17,No
2612-CCOU,Male,0,No,No,39,Yes,Yes,No,No internet service,No internet service,No internet service,No internet service,No internet service,No internet service,Two year,Yes,Bank transfer (automatic),43.63,1711.77,No
2947-DMMO,Female,0,Yes,Yes,49,Yes,Yes,No,No internet service,No internet service,No internet service,No internet service,No internet service,No internet service,Month-to-month,No,Electronic check,38.92,1943.74,No
7066-PGCZ,Male,0,Yes,No,14,Yes,No,DSL,No,No,No,No,No,No,Month-to-month,No,Electronic check,60.65,863.61,Yes
8704-KAPQ,Male,0,Yes,No,20,No,No phone service,No,No internet service,No internet service,No internet service,No internet service,No internet service,No internet service,Month-to-month,Yes,Credit card (automatic),20.84,382.35,No
3991-JQCR,Male,0,Yes,No,20,Yes,Yes,Fiber optic,No,Yes,Yes,No,No,Yes,Two year,Yes,Credit card (automatic),118.51,2400.11,No
5114-NUYB,Female,0,No,No,59,Yes,Yes,Fiber optic,No,No,No,Yes,Yes,No,Month-to-month,No,Credit card (automatic),109.27,6422.53,No
6407-LKQF,Female,1,Yes,Yes,64,Yes,No,Fiber optic,No,No,Yes,No,No,Yes,Month-to-month,Yes,Credit card (automatic),100.7,6460.02,No
5492-GVKG,Female,0,No,No,20,Yes,No,No,No internet service,No internet service,No internet service,No internet service,No internet service,No internet service,Month-to-month,No,Credit card (automatic),37.94,760.35,No
4884-MUAS,Female,0,No,Yes,54,Yes,No,Fiber optic,No,Yes,No,No,No,No,Month-to-month,Yes,Electronic check,81.54,4375.87,Yes
6106-WONC,Male,0,Yes,No,68,No,No phone service,Fiber optic,Yes,Yes,No,Yes,Yes,No,Two year,Yes,Mailed check,95.39,6520.31,No
8668-TDGA,Female,0,No,No,25,Yes,Yes,Fiber optic,No,No,Yes,No,No,Yes,Month-to-month,Yes,Credit card (automatic),108.51,2737.53,Yes
4711-XSCT,Female,1,No,No,54,Yes,No,Fiber optic,No,Yes,No,Yes,Yes,No,Month-to-month,Yes,Mailed check,105.7,5728.61,No
8662-MVNG,Female,0,Yes,No,45,No,No phone service,DSL,No,Yes,No,Yes,Yes,No,Month-to-month,No,Electronic check,75.63,3391.67,No
9556-DLGB,Male,0,Yes,No,61,Yes,No,Fiber optic,Yes,Yes,No,Yes,Yes,No,Month-to-month,Yes,Electronic check,116.07,7103.35,No
7941-VUAZ,Female,0,Yes,Yes,69,Yes,No,Fiber optic,Yes,No,No,Yes,Yes,Yes,Month-to-month,Yes,Electronic check,117.81,8095.55,No
4658-GYIV,Male,0,Yes,Yes,53,Yes,No,DSL,Yes,Yes,No,No,No,Yes,Month-to-month,Yes,Credit card (automatic),82.77,4374.6,No
2474-ASZB,Female,1,Yes,No,3,Yes,Yes,Fiber optic,No,Yes,No,No,No,Yes,Two year,No,Credit card (automatic),105.82,300.49,No
8098-UXEQ,Female,0,No,No,44,Yes,Yes,Fiber optic,No,Yes,No,No,No,No,Two year,Yes,Credit card (automatic),94.23,4114.11,No
9594-EWUN,Female,1,No,No,53,Yes,No,DSL,No,No,No,Yes,Yes,Yes,Month-to-month,Yes,Bank transfer (automatic),87.4,4617.43,No
4017-UGHH,Female,0,No,Yes,52,Yes,No,No,No internet service,No internet service,No internet service,No internet service,No internet service,No internet service,Month-to-month,Yes,Electronic check,33.86,1739.71,No
4201-QFIS,Female,1,No,No,43,Yes,No,DSL,No,Yes,Yes,Yes,Yes,Yes,Month-to-month,Yes,Electronic check,101.72,4360.15,No
8556-IYGD,Male,0,No,No,35,Yes,No,DSL,Yes,Yes,Yes,Yes,No,Yes,Month-to-month,No,Mailed check,109.45,3840.17,No
4482-RRTQ,Female,1,No,Yes,33,Yes,Yes,No,No internet service,No internet service,No internet service,No internet service,No internet service,No internet service,Two year,Yes,Mailed check,46.87,1506.94,No
6565-DVPV,Male,0,No,No,51,Yes,No,No,No internet service,No internet service,No internet service,No internet service,No internet service,No internet service,Month-to-month,Yes,Mailed check,39.74,1999.1,No
3422-EIBB,Female,0,Yes,No,5,Yes,No,Fiber optic,Yes,Yes,No,Yes,Yes,No,Month-to-month,No,Mailed check,115.5,542.35,Yes
7947-TTQT,Female,0,Yes,No,37,Yes,No,No,No internet service,No internet service,No internet service,No internet service,No internet service,No internet service,Two year,Yes,Mailed check,38.36,1414.37,No
4668-YSCE,Male,0,Yes,No,32,Yes,No,No,No internet service,No internet service,No internet service,No internet service,No internet service,No internet service,Two year,No,Bank transfer (automatic),36.06,1141.85,No
3793-FCQJ,Female,0,No,No,54,Yes,No,DSL,No,Yes,Yes,No,Yes,No,Month-to-month,No,Mailed check,84.01,4530.34,No
6399-LARS,Male,0,Yes,No,22,Yes,Yes,Fiber optic,No,No,Yes,No,Yes,No,Two year,No,Electronic check,106.73,2361.67,No
3485-TDOI,Male,0,Yes,Yes,43,No,No phone service,DSL,No,Yes,No,Yes,No,Yes,Month-to-month,Yes,Mailed check,67.31,2873.48,No
9485-LRWO,Female,1,No,No,27,Yes,No,Fiber optic,No,Yes,No,No,No,No,Month-to-month,Yes,Mailed check,88.4,2385.36,Yes
7172-SIVX,Female,1,No,No,63,Yes,Yes,DSL,No,No,No,No,No,No,Month-to-month,Yes,Electronic check,72.28,4543.43,No
7880-RVCQ,Female,1,No,No,47,Yes,No,DSL,No,Yes,No,Yes,No,Yes,Month-to-month,No,Electronic check,85.64,4044.85,No
2924-YFUQ,Female,0,No,Yes,58,Yes,Yes,No,No internet service,No internet service,No internet service,No internet service,No internet service,No internet service,Month-to-month,No,Bank transfer (automatic),47.5,2760.99,No
1862-QAGV,Female,0,Yes,Yes,58,Yes,No,No,No internet service,No internet service,No internet service,No internet service,No internet service,No internet service,Month-to-month,No,Mailed check,28.81,1680.19,No
7052-PDKN,Male,0,No,Yes,42,Yes,Yes,No,No internet service,No internet service,No internet service,No internet service,No internet service,No internet service,One year,No,Credit card (automatic),48.6,2048.04,No
6196-XHUT,Male,0,No,No,42,Yes,No,DSL,No,No,Yes,No,Yes,Yes,Month-to-month,No,Electronic check,90.38,3762.13,Yes
6678-RGUS,Female,1,No,No,12,Yes,No,Fiber optic,No,No,No,Yes,Yes,Yes,Month-to-month,No,Electronic check,107.85,1318.46,Yes
8114-JNPH,Female,1,No,Yes,71,Yes,No,Fiber optic,Yes,No,Yes,No,No,Yes,Month-to-month,No,Credit card (automatic),107.29,7597.06,No
9096-LCBP,Male,0,Yes,Yes,42,Yes,No,Fiber optic,No,No,Yes,No,No,No,Two year,Yes,Bank transfer (automatic),85.98,3624.41,No
2315-BLXQ,Male,1,Yes,No,12,Yes,No,Fiber optic,No,Yes,No,Yes,Yes,Yes,Two year,No,Bank transfer (automatic),109.54,1329.4,No
6725-JTHR,Male,0,No,No,34,Yes,Yes,DSL,No,Yes,No,Yes,Yes,No,Month-to-month,Yes,Bank transfer (automatic),90.82,3056.67,No
1124-BLJH,Female,0,Yes,No,10,Yes,Yes,Fiber optic,Yes,No,Yes,No,Yes,No,Month-to-month,Yes,Electronic check,114.52,1130.24,Yes
2970-JKNZ,Female,1,Yes,Yes,20,Yes,Yes,No,No internet service,No internet service,No internet service,No internet service,No internet service,No internet service,Month-to-month,Yes,Bank transfer (automatic),46.4,888.04,No
1814-XWJD,Male,0,No,No,71,Yes,Yes,DSL,Yes,No,Yes,No,No,No,Month-to-month,No,Mailed check,83.57,5941.52,No
9422-KXVV,Male,0,Yes,No,25,Yes,No,Fiber optic,No,No,Yes,Yes,No,No,Month-to-month,No,Mailed check,95.74,2435.2,Yes
8106-EZBL,Female,0,No,Yes,49,Yes,No,Fiber optic,Yes,Yes,No,Yes,No,No,Month-to-month,No,Electronic check,100.99,4950.81,No
5628-EGDK,Male,0,Yes,Yes,48,Yes,Yes,Fiber optic,No,No,Yes,Yes,Yes,No,One year,No,Electronic check,117.9,5662.62,No
7632-DVIZ,Female,0,Yes,Yes,12,Yes,Yes,No,No internet service,No internet service,No internet service,No internet service,No internet service,No internet service,Month-to-month,Yes,Electronic check,40.9,510.29,No
9903-ATSD,Male,0,No,Yes,38,Yes,Yes,Fiber optic,Yes,Yes,Yes,No,No,Yes,Month-to-month,No,Electronic check,118.75,4517.76,Yes
2142-NIIZ,Female,0,Yes,No,54,Yes,Yes,Fiber optic,Yes,Yes,No,No,No,No,One year,Yes,Electronic check,106.07,5721.31,No
6552-OJQI,Male,0,No,No,6,Yes,Yes,DSL,Yes,No,No,No,Yes,No,One year,No,Electronic check,90.87,559.82,No
2091-NCYU,Male,0,Yes,No,42,Yes,No,DSL,Yes,Yes,Yes,No,No,No,One year,Yes,Bank transfer (automatic),84.15,3520.58,No
9704-AMNP,Male,1,No,No,41,Yes,No,DSL,No,No,No,Yes,Yes,Yes,Month-to-month,Yes,Electronic check,86.74,3564.67,No
7534-JOHK,Male,0,Yes,No,57,Yes,No,No,No internet service,No internet service,No internet service,No internet service,No internet service,No internet service,Two year,No,Mailed check,33.07,1881.11,No
3221-MWMI,Female,0,No,No,11,Yes,Yes,Fiber optic,Yes,Yes,No,No,Yes,Yes,Month-to-month,Yes,Electronic check,118.75,1283.42,Yes
3768-RSML,Male,0,Yes,Yes,12,Yes,Yes,DSL,No,No,Yes,No,No,Yes,Month-to-month,No,Mailed check,91.24,1089.5,No
7740-TTHX,Female,1,No,No,11,Yes,No,Fiber optic,No,No,Yes,No,No,No,Month-to-month,Yes,Credit card (automatic),93.86,1008.17,Yes
1714-GAJO,Male,0,Yes,No,37,Yes,No,DSL,No,No,Yes,Yes,Yes,No,One year,Yes,Bank transfer (automatic),92.38,3413.66,No
4978-ESSD,Male,1,Yes,Yes,2,Yes,No,No,No internet service,No internet service,No internet service,No internet service,No internet service,No internet service,Two year,Yes,Bank transfer (automatic),31.15,31.15,No
9646-MTUL,Female,0,No,No,71,Yes,No,Fiber optic,Yes,Yes,No,Yes,No,No,Month-to-month,No,Mailed check,104.07,7403.86,No
3655-BVIP,Male,0,No,No,61,Yes,No,DSL,No,No,No,Yes,Yes,No,One year,Yes,Credit card (automatic),74.18,4526.84,No
1151-RDXK,Male,0,No,No,30,Yes,No,Fiber optic,No,No,No,Yes,Yes,No,Month-to-month,Yes,Electronic check,99.42,2966.92,Yes
6648-HSHF,Female,0,No,No,71,Yes,No,No,No internet service,No internet service,No internet service,No internet service,No internet service,No internet service,One year,No,Electronic check,38.8,2729.71,No
3742-BOAF,Male,0,Yes,No,36,Yes,No,Fiber optic,Yes,Yes,Yes,No,Yes,No,Month-to-month,Yes,Electronic check,111.08,3993.07,Yes
1571-SDMO,Male,0,Yes,Yes,23,Yes,No,Fiber optic,No,No,Yes,No,No,Yes,Two year,Yes,Electronic check,97.04,2227.11,No
7609-RFRK,Male,0,No,No,67,Yes,Yes,DSL,Yes,Yes,No,No,Yes,No,Month-to-month,Yes,Electronic check,96.85,6485.2,No
6151-GWWN,Female,0,Yes,No,63,Yes,No,Fiber optic,Yes,No,No,No,Yes,No,Month-to-month,No,Mailed check,99.03,6242.91,No
1188-RGJH,Male,0,Yes,Yes,15,Yes,No,No,No internet service,No internet service,No internet service,No internet service,No internet service,No internet service,Month-to-month,Yes,Mailed check,40.58,606.11,No
1599-NREN,Female,0,No,No,17,Yes,Yes,DSL,Yes,Yes,Yes,No,No,Yes,One year,Yes,Mailed check,99.25,1711.08,No
6301-YVZV,Female,0,Yes,No,67,Yes,No,DSL,No,Yes,Yes,Yes,Yes,No,Month-to-month,Yes,Electronic check,91.09,6072.28,No
6193-ZOFI,Female,0,No,Yes,39,Yes,Yes,Fiber optic,No,Yes,No,Yes,No,No,Two year,Yes,Mailed check,106.34,4162.14,No
6494-QAND,Female,0,Yes,No,57,Yes,Yes,Fiber optic,Yes,Yes,No,Yes,Yes,No,Month-to-month,Yes,Credit card (automatic),118.75,6764.66,No
5702-BCGW,Male,0,No,No,44,Yes,No,Fiber optic,No,No,Yes,No,No,Yes,Month-to-month,No,Electronic check,101.69,4471.0,Yes
4501-LSRO,Male,0,Yes,No,52,Yes,Yes,DSL,No,No,No,Yes,No,Yes,Month-to-month,Yes,Bank transfer (automatic),93.49,4842.47,No
7716-AYZC,Female,0,Yes,No,26,Yes,No,No,No internet service,No internet service,No internet service,No internet service,No internet service,No internet service,Month-to-month,No,Bank transfer (automatic),29.76,815.45,No
7200-ODOJ,Male,0,No,No,35,Yes,Yes,Fiber optic,No,No,Yes,Yes,No,No,Two year,Yes,Credit card (automatic),106.25,3750.87,No
6605-MGZV,Male,1,Yes,Yes,67,Yes,Yes,DSL,No,No,Yes,No,Yes,Yes,One year,No,Bank transfer (automatic),99.07,6654.6,No
2216-VKNF,Male,0,Yes,Yes,12,Yes,No,DSL,Yes,No,No,No,No,Yes,Month-to-month,Yes,Mailed check,80.03,927.53,No
7308-SZSZ,Male,0,No,No,50,Yes,Yes,No,No internet service,No internet service,No internet service,No internet service,No internet service,No internet service,One year,Yes,Credit card (automatic),39.72,1992.81,No
8430-HNSS,Male,0,No,No,47,No,No phone service,Fiber optic,Yes,Yes,Yes,No,No,Yes,Month-to-month,Yes,Mailed check,103.26,4843.8,Yes
7806-ZLWI,Male,0,Yes,Yes,59,Yes,Yes,DSL,Yes,No,Yes,Yes,Yes,No,One year,No,Electronic check,104.41,6166.07,No
9046-MGKJ,Female,1,Yes,No,69,Yes,Yes,DSL,Yes,Yes,No,No,No,Yes,Month-to-month,Yes,Mailed check,94.49,6503.28,No
8392-GRWC,Male,0,No,No,50,Yes,No,DSL,Yes,Yes,No,No,No,No,Two year,Yes,Credit card (automatic),77.81,3913.86,No
8976-EWXM,Female,0,Yes,No,13,Yes,No,Fiber optic,Yes,Yes,Yes,No,No,Yes,Month-to-month,No,Mailed check,114.9,1509.14,Yes
5303-PLRK,Male,0,No,No,42,Yes,Yes,No,No internet service,No internet service,No internet service,No internet service,No internet service,No internet service,Month-to-month,Yes,Credit card (automatic),43.39,1804.86,No
8408-GOFF,Female,0,Yes,No,2,Yes,No,DSL,No,No,No,Yes,No,No,Two year,Yes,Credit card (automatic),72.58,167.94,No
6778-TSBC,Male,0,No,Yes,24,Yes,Yes,Fiber optic,Yes,No,No,No,No,No,Month-to-month,Yes,Credit card (automatic),98.75,2348.89,Yes
9429-VYDV,Female,0,Yes,No,33,Yes,No,No,No internet service,No internet service,No internet service,No internet service,No internet service,No internet service,Month-to-month,Yes,Bank transfer (automatic),36.15,1229.7,No
2584-FSID,Female,0,Yes,Yes,69,Yes,No,Fiber optic,No,No,No,No,Yes,No,One year,Yes,Mailed check,86.17,5957.22,No
4686-DKVW,Male,0,Yes,No,55,Yes,No,DSL,No,No,Yes,Yes,No,Yes,Two year,No,Mailed check,83.01,4569.46,No
9769-JFHO,Male,0,Yes,No,64,Yes,No,DSL,Yes,Yes,No,Yes,Yes,No,Two year,No,Bank transfer (automatic),93.31,5955.2,No
9638-VBTA,Female,0,Yes,No,59,Yes,No,DSL,No,Yes,No,No,Yes,Yes,Month-to-month,No,Electronic check,91.89,5420.04,No
2422-GXZR,Male,0,Yes,No,47,Yes,Yes,DSL,No,No,No,No,Yes,No,Month-to-month,Yes,Credit card (automatic),80.4,3804.05,No
4081-OEXK,Male,0,No,Yes,71,Yes,No,No,No internet service,No internet service,No internet service,No internet service,No internet service,No internet service,Two year,Yes,Mailed check,35.35,2503.29,No
1103-UHFO,Male,0,Yes,No,18,Yes,No,Fiber optic,Yes,Yes,No,Yes,No,Yes,Month-to-month,No,Bank transfer (automatic),115.03,2069.45,Yes
7444-NKTU,Male,0,No,No,34,Yes,Yes,Fiber optic,Yes,Yes,No,No,Yes,No,Month-to-month,Yes,Mailed check,115.78,3925.09,Yes
8659-TACH,Female,0,Yes,Yes,32,Yes,Yes,No,No internet service,No internet service,No internet service,No internet service,No internet service,No internet service,One year,Yes,Credit card (automatic),47.8,1537.15,No
9619-OWCY,Male,0,No,No,41,Yes,No,Fiber optic,Yes,No,Yes,No,No,No,Month-to-month,No,Mailed check,95.22,3876.07,Yes
7239-VHXS,Male,0,No,No,53,Yes,Yes,Fiber optic,Yes,No,Yes,No,No,No,Month-to-month,No,Mailed check,105.54,5615.72,No
6521-KLWB,Male,0,No,No,38,Yes,Yes,DSL,Yes,Yes,No,No,No,No,Month-to-month,Yes,Bank transfer (automatic),89.04,3370.24,No
7842-EDIM,Male,0,Yes,No,63,Yes,Yes,Fiber optic,Yes,No,No,No,No,Yes,Two year,Yes,Electronic check,102.67,6469.37,No
8278-BWMG,Female,0,No,No,37,Yes,No,Fiber optic,No,Yes,No,No,No,No,Month-to-month,Yes,Bank transfer (automatic),93.5,3469.82,Yes
8190-QHRO,Male,0,Yes,No,37,Yes,Yes,No,No internet service,No internet service,No internet service,No internet service,No internet service,No internet service,Two year,No,Electronic check,51.56,1936.81,No
6284-BPEW,Male,0,Yes,No,72,Yes,Yes,Fiber optic,Yes,No,No,No,No,No,Month-to-month,Yes,Credit card (automatic),94.35,6806.64,No
8940-THKN,Male,0,No,No,51,Yes,No,DSL,No,No,No,No,Yes,Yes,Two year,Yes,Mailed check,78.43,3974.79,No
3945-CMQC,Female,0,Yes,Yes,46,Yes,No,Fiber optic,Yes,No,Yes,Yes,No,No,Month-to-month,Yes,Electronic check,102.72,4747.84,Yes
3665-HDMG,Male,0,Yes,Yes,64,Yes,No,No,No internet service,No internet service,No internet service,No internet service,No internet service,No internet service,Month-to-month,Yes,Electronic check,36.13,2250.66,No
4366-PEQJ,Female,1,Yes,No,41,Yes,No,DSL,No,No,Yes,No,Yes,Yes,Month-to-month,No,Bank transfer (automatic),87.4,3576.27,No
4971-WNEB,Male,0,Yes,No,54,Yes,No,DSL,No,No,No,Yes,No,Yes,Month-to-month,No,Electronic check,81.42,4394.09,No
1026-XKPR,Male,0,Yes,No,58,Yes,No,DSL,No,Yes,Yes,Yes,Yes,No,Month-to-month,Yes,Credit card (automatic),93.6,5405.61,No
2658-PUDA,Female,0,No,Yes,65,Yes,No,No,No internet service,No internet service,No internet service,No internet service,No internet service,No internet service,One year,No,Mailed check,33.5,2147.25,No
5137-SDTU,Female,0,Yes,No,53,Yes,No,DSL,Yes,Yes,Yes,Yes,No,Yes,Month-to-month,Yes,Bank transfer (automatic),98.27,5225.87,No
2986-YDZO,Male,0,No,No,50,Yes,Yes,DSL,Yes,No,No,No,No,Yes,Month-to-month,Yes,Electronic check,89.39,4453.13,No
4786-PDFH,Male,0,No,Yes,22,Yes,No,No,No internet service,No internet service,No internet service,No internet service,No internet service,No internet service,Two year,Yes,Electronic check,35.71,768.76,No
6014-TDEJ,Male,0,No,No,72,No,No phone service,Fiber optic,No,Yes,No,No,No,No,One year,Yes,Electronic check,79.9,5749.61,No
4044-LAXJ,Male,0,No,Yes,10,Yes,Yes,DSL,Yes,No,No,No,No,No,Month-to-month,Yes,Electronic check,72.0,706.51,Yes
2820-ESST,Male,1,No,Yes,35,Yes,Yes,DSL,No,Yes,No,No,Yes,No,One year,Yes,Mailed check,90.2,3154.87,No
3463-LWPE,Female,0,Yes,No,55,Yes,Yes,Fiber optic,No,No,Yes,Yes,No,Yes,Two year,Yes,Mailed check,118.75,6562.2,No
5976-NLMU,Male,1,Yes,No,41,No,No phone service,DSL,Yes,Yes,No,No,Yes,Yes,Two year,Yes,Credit card (automatic),78.55,3214.41,No
8501-EVWE,Female,1,No,No,12,Yes,Yes,Fiber optic,Yes,No,Yes,Yes,Yes,No,Month-to-month,No,Bank transfer (automatic),118.75,1419.14,Yes
9766-RNRT,Female,0,No,No,51,Yes,Yes,Fiber optic,Yes,Yes,Yes,No,Yes,Yes,Month-to-month,Yes,Bank transfer (automatic),118.75,6084.24,No
8488-GQCJ,Male,0,No,Yes,29,Yes,Yes,Fiber optic,No,Yes,Yes,Yes,No,No,Month-to-month,No,Electronic check,118.75,3442.85,Yes
6958-LVOW,Male,0,Yes,No,11,No,No phone service,Fiber optic,Yes,No,No,Yes,No,No,Two year,No,Mailed check,86.15,963.61,No
6103-HFDK,Female,1,Yes,No,20,Yes,No,DSL,No,Yes,No,Yes,Yes,No,Month-to-month,Yes,Credit card (automatic),89.37,1788.81,No
1289-FDCG,Female,0,No,Yes,11,Yes,No,DSL,Yes,Yes,No,No,No,No,One year,Yes,Mailed check,67.38,724.73,No
2958-PBHO,Male,0,No,No,61,Yes,No,DSL,No,Yes,No,No,No,No,Two year,No,Electronic check,67.2,4068.28,No
4774-PAJG,Female,0,No,Yes,38,Yes,Yes,Fiber optic,No,Yes,Yes,Yes,No,No,One year,No,Bank transfer (automatic),112.32,4267.68,No
8404-LONS,Female,0,No,Yes,43,Yes,No,Fiber optic,Yes,Yes,Yes,Yes,No,No,Month-to-month,Yes,Electronic check,117.23,5048.12,Yes
8967-SZNR,Female,0,No,No,3,Yes,Yes,Fiber optic,No,No,No,No,No,No,Month-to-month,Yes,Bank transfer (automatic),91.79,294.61,Yes
3620-ETFR,Male,0,Yes,No,30,Yes,Yes,No,No internet service,No internet service,No internet service,No internet service,No internet service,No internet service,Month-to-month,No,Mailed check,45.22,1351.36,No
6293-DWAM,Male,1,No,No,23,Yes,No,No,No internet service,No internet service,No internet service,No internet service,No internet service,No internet service,One year,Yes,Electronic check,38.96,913.0,No
4778-QRYJ,Female,0,Yes,No,41,Yes,No,DSL,No,Yes,No,Yes,Yes,Yes,Two year,Yes,Electronic check,97.32,3980.02,No
8124-MTLD,Female,1,No,Yes,48,Yes,Yes,DSL,Yes,Yes,No,Yes,Yes,No,Month-to-month,No,Bank transfer (automatic),98.16,4693.59,No
4527-LSOP,Male,0,Yes,No,19,Yes,Yes,No,No internet service,No internet service,No internet service,No internet service,No internet service,No internet service,Month-to-month,Yes,Mailed check,40.95,774.65,No
5171-TRVL,Male,1,Yes,No,7,Yes,No,Fiber optic,Yes,Yes,No,No,No,Yes,One year,Yes,Credit card (automatic),110.12,780.23,No
4695-YTKV,Female,0,Yes,No,32,No,No phone service,No,No internet service,No internet service,No internet service,No internet service,No internet service,No internet service,Two year,Yes,Electronic check,20.32,660.8,No
7131-NBMN,Male,0,No,No,67,Yes,Yes,DSL,No,Yes,No,Yes,Yes,Yes,Month-to-month,No,Mailed check,104.33,7015.68,No
2701-LGDG,Male,0,No,Yes,37,Yes,Yes,DSL,Yes,No,No,Yes,Yes,Yes,Month-to-month,Yes,Electronic check,105.56,3913.23,No
4162-SBUR,Male,0,Yes,No,35,Yes,No,DSL,No,No,Yes,No,No,Yes,Month-to-month,Yes,Credit card (automatic),79.41,2810.9,No
3137-UJFX,Male,1,No,No,47,Yes,No,No,No internet service,No internet service,No internet service,No internet service,No internet service,No internet service,One year,Yes,Electronic check,36.63,1742.01,No
2805-NRQR,Male,0,No,No,7,Yes,Yes,DSL,No,No,No,No,Yes,No,Month-to-month,Yes,Bank transfer (automatic),80.15,527.06,Yes
6310-EIAD,Female,0,No,No,72,Yes,No,DSL,No,No,Yes,Yes,Yes,Yes,One year,Yes,Bank transfer (automatic),98.19,7089.74,No
5089-GKNJ,Female,0,No,No,59,Yes,No,Fiber optic,No,No,Yes,Yes,Yes,Yes,Month-to-month,Yes,Credit card (automatic),114.23,6761.28,No
8554-HRET,Male,0,Yes,Yes,23,Yes,Yes,No,No internet service,No internet service,No internet service,No internet service,No internet service,No internet service,Month-to-month,Yes,Credit card (automatic),47.02,1091.02,No
6515-EPZY,Male,0,Yes,No,16,No,No phone service,No,No internet service,No internet service,No internet service,No internet service,No internet service,No internet service,Month-to-month,Yes,Electronic check,18.71,306.25,No
3640-LAGN,Male,0,Yes,No,64,Yes,Yes,DSL,No,Yes,No,No,No,Yes,Month-to-month,No,Mailed check,86.4,5533.1,No
5507-RWAT,Male,0,No,No,38,Yes,No,No,No internet service,No internet service,No internet service,No internet service,No internet service,No internet service,Month-to-month,No,Mailed check,33.35,1244.76,No
3446-KDOU,Female,0,Yes,No,54,Yes,Yes,DSL,Yes,No,Yes,Yes,No,Yes,One year,No,Electronic check,105.16,5648.31,No
3365-PZOQ,Female,1,Yes,No,60,Yes,No,DSL,No,Yes,No,No,Yes,Yes,Month-to-month,Yes,Electronic check,81.34,4862.58,No
7383-OKMR,Male,0,Yes,Yes,30,Yes,No,DSL,Yes,No,Yes,Yes,No,Yes,Two year,No,Electronic check,94.84,2880.62,No
3334-IVKQ,Male,0,Yes,No,27,Yes,Yes,Fiber optic,Yes,No,Yes,No,No,Yes,Month-to-month,Yes,Electronic check,118.53,3226.25,Yes
4389-KGHS,Male,0,No,Yes,31,No,No phone service,DSL,Yes,No,No,No,No,Yes,One year,Yes,Bank transfer (automatic),65.21,2026.65,No
3962-XIQR,Male,0,No,No,6,No,No phone service,No,No internet service,No internet service,No internet service,No internet service,No internet service,No internet service,One year,Yes,Bank transfer (automatic),19.76,121.06,No
3784-NDJW,Male,0,Yes,No,13,Yes,No,No,No internet service,No internet service,No internet service,No internet service,No internet service,No internet service,Two year,Yes,Electronic check,32.52,448.1,No
6766-LVPE,Female,0,No,No,72,Yes,Yes,DSL,No,Yes,No,No,No,No,Month-to-month,Yes,Mailed check,77.19,5557.84,No
6691-MHGK,Female,1,No,No,53,No,No phone service,No,No internet service,No internet service,No internet service,No internet service,No internet service,No internet service,Month-to-month,Yes,Electronic check,20.42,1133.81,No
6456-VNBT,Male,0,No,Yes,69,Yes,No,No,No internet service,No internet service,No internet service,No internet service,No internet service,No internet service,Two year,Yes,Electronic check,36.67,2529.33,No
5807-VBUO,Male,0,Yes,No,50,Yes,Yes,Fiber optic,Yes,Yes,Yes,No,Yes,No,Two year,Yes,Credit card (automatic),118.75,5945.64,No
1656-HSEW,Female,0,Yes,No,29,Yes,No,Fiber optic,No,No,Yes,No,No,No,Month-to-month,No,Bank transfer (automatic),87.41,2512.87,Yes
8038-VEGJ,Female,0,No,No,29,Yes,Yes,Fiber optic,Yes,Yes,No,No,No,No,Month-to-month,No,Mailed check,106.94,3080.4,Yes
7498-MBDC,Female,1,No,No,15,Yes,No,Fiber optic,No,No,No,Yes,No,No,Month-to-month,Yes,Credit card (automatic),80.11,1211.21,Yes
1110-DWUD,Male,1,Yes,No,22,Yes,No,Fiber optic,No,Yes,No,Yes,No,No,One year,No,Credit card (automatic),97.63,2165.38,No
1125-OFWE,Female,0,No,Yes,30,Yes,Yes,DSL,No,No,Yes,No,Yes,Yes,Two year,No,Mailed check,96.05,2862.76,No
8590-CGLO,Male,0,No,No,11,Yes,Yes,DSL,Yes,No,No,No,No,No,One year,No,Electronic check,80.23,911.46,No
6093-HFZC,Male,0,Yes,No,2,Yes,No,Fiber optic,Yes,Yes,Yes,Yes,No,No,Month-to-month,Yes,Credit card (automatic),107.84,238.54,Yes
4972-IXPV,Female,0,Yes,Yes,66,Yes,No,DSL,No,Yes,No,Yes,Yes,Yes,Month-to-month,Yes,Credit card (automatic),96.39,6327.38,No
5113-MKYJ,Male,0,Yes,Yes,37,Yes,No,DSL,No,No,No,No,No,No,One year,No,Mailed check,57.0,2134.03,No
9348-JFPY,Female,0,No,No,15,Yes,No,Fiber optic,No,Yes,Yes,Yes,No,No,Two year,Yes,Mailed check,101.14,1515.78,No
2155-EBSA,Male,0,No,No,3,Yes,No,DSL,No,Yes,Yes,No,No,No,Month-to-month,No,Bank transfer (automatic),75.48,218.13,Yes
6251-LBLP,Female,0,No,No,19,Yes,Yes,DSL,No,Yes,Yes,No,Yes,Yes,Month-to-month,Yes,Credit card (automatic),111.91,2114.06,No
9633-BDFW,Female,0,No,Yes,44,Yes,Yes,DSL,No,No,No,No,No,Yes,Month-to-month,No,Electronic check,81.38,3586.31,Yes
8926-OTLE,Female,0,No,No,12,Yes,No,DSL,No,Yes,Yes,No,No,No,One year,Yes,Bank transfer (automatic),72.56,858.82,No
5175-KLSQ,Female,0,Yes,No,1,Yes,Yes,DSL,Yes,No,No,No,Yes,No,One year,Yes,Electronic check,90.91,136.84,No
2367-ZGIN,Male,0,Yes,No,30,Yes,No,No,No internet service,No internet service,No internet service,No internet service,No internet service,No internet service,Two year,Yes,Mailed check,38.41,1141.06,No
5494-LUUW,Female,0,Yes,Yes,27,Yes,Yes,Fiber optic,Yes,Yes,Yes,Yes,Yes,No,One year,No,Bank transfer (automatic),118.75,3256.64,No
8255-GAJF,Female,0,No,No,72,Yes,Yes,Fiber optic,No,No,No,No,Yes,Yes,Month-to-month,Yes,Credit card (automatic),115.42,8320.1,No
4129-OOIM,Female,0,No,No,58,Yes,No,Fiber optic,Yes,No,No,No,No,Yes,Two year,No,Bank transfer (automatic),97.02,5636.63,No
9086-AICI,Female,0,Yes,No,10,Yes,Yes,DSL,Yes,Yes,No,No,No,No,Month-to-month,Yes,Mailed check,82.56,844.94,Yes
3200-OXGD,Male,0,Yes,No,34,Yes,Yes,No,No internet service,No internet service,No internet service,No internet service,No internet service,No internet service,Month-to-month,No,Bank transfer (automatic),42.57,1446.36,No
5115-QVDZ,Female,0,No,No,48,No,No phone service,No,No internet service,No internet service,No internet service,No internet service,No internet service,No internet service,One year,No,Electronic check,18.25,888.08,No
7587-EPCK,Male,0,Yes,Yes,43,Yes,Yes,DSL,No,No,Yes,No,Yes,Yes,Month-to-month,Yes,Bank transfer (automatic),100.46,4340.84,No
2883-VOSU,Male,0,No,No,57,Yes,No,DSL,No,Yes,Yes,No,No,No,One year,Yes,Electronic check,79.46,4570.99,No
6623-NPXF,Male,0,Yes,No,50,Yes,Yes,Fiber optic,Yes,No,No,No,No,Yes,Two year,No,Mailed check,107.19,5375.88,No
1368-PBKD,Female,0,No,No,16,Yes,No,Fiber optic,No,Yes,Yes,No,Yes,Yes,Two year,No,Bank transfer (automatic),118.75,1906.28,No
7704-HAYO,Male,0,No,Yes,3,Yes,Yes,DSL,No,Yes,No,No,No,No,Two year,No,Mailed check,82.76,244.87,No
6803-OWVO,Female,0,Yes,Yes,32,No,No phone service,Fiber optic,No,No,No,No,No,Yes,Month-to-month,Yes,Bank transfer (automatic),74.26,2386.22,Yes
7063-BOOG,Female,0,No,No,61,Yes,Yes,Fiber optic,No,No,Yes,No,No,No,One year,Yes,Credit card (automatic),96.75,5921.04,No
6146-UMWQ,Female,0,Yes,No,71,Yes,Yes,No,No internet service,No internet service,No internet service,No internet service,No internet service,No internet service,One year,Yes,Electronic check,44.3,3125.41,No
3634-JYAN,Male,0,Yes,Yes,42,Yes,Yes,DSL,Yes,Yes,Yes,No,No,No,Month-to-month,No,Credit card (automatic),87.17,3668.82,No
3823-AGBG,Female,1,Yes,Yes,41,Yes,Yes,Fiber optic,No,No,No,No,Yes,Yes,Month-to-month,Yes,Mailed check,108.42,4480.81,Yes
2414-IVDW,Male,0,No,No,50,Yes,No,Fiber optic,Yes,No,No,Yes,No,No,Month-to-month,Yes,Bank transfer (automatic),96.35,4807.84,No
4846-TRMK,Male,0,Yes,Yes,37,Yes,No,Fiber optic,Yes,Yes,No,Yes,No,Yes,One year,Yes,Credit card (automatic),114.63,4230.65,No
3024-NHUN,Male,1,Yes,No,42,Yes,No,No,No internet service,No internet service,No internet service,No internet service,No internet service,No internet service,One year,Yes,Electronic check,38.43,1602.74,No
9048-YNZX,Male,0,No,No,47,No,No phone service,Fiber optic,No,No,Yes,Yes,No,No,Two year,No,Electronic check,84.86,3976.27,No
5228-JFJK,Female,0,Yes,No,41,Yes,No,Fiber optic,No,No,No,No,No,Yes,Month-to-month,Yes,Mailed check,92.18,3789.03,Yes
8711-XFJN,Female,0,Yes,Yes,56,No,No phone service,No,No internet service,No internet service,No internet service,No internet service,No internet service,No internet service,One year,Yes,Mailed check,18.25,1023.85,No
4868-BGQM,Female,0,Yes,No,53,Yes,No,DSL,Yes,Yes,No,No,No,Yes,One year,No,Mailed check,86.94,4579.88,No
6433-UIMO,Female,0,No,Yes,16,Yes,Yes,Fiber optic,No,No,No,Yes,No,No,Month-to-month,No,Credit card (automatic),93.44,1500.63,Yes
3380-QHII,Female,1,No,Yes,50,Yes,Yes,DSL,Yes,Yes,Yes,No,No,No,One year,Yes,Mailed check,94.83,4767.36,No
8847-PTGQ,Male,0,Yes,Yes,8,Yes,No,Fiber optic,No,Yes,No,No,No,No,One year,No,Bank transfer (automatic),90.42,696.59,No
8526-FEQH,Male,0,No,Yes,7,Yes,No,DSL,No,Yes,No,Yes,Yes,No,Month-to-month,No,Mailed check,83.11,539.18,Yes
6497-APQC,Male,1,Yes,No,62,Yes,Yes,DSL,No,Yes,Yes,No,No,No,Two year,No,Bank transfer (automatic),83.15,5174.23,No
7508-HPXG,Female,0,No,No,55,Yes,No,No,No internet service,No internet service,No internet service,No internet service,No internet service,No internet service,Month-to-month,No,Credit card (automatic),34.45,1870.99,No
8694-XBXB,Male,0,Yes,Yes,69,No,No phone service,Fiber optic,No,Yes,No,No,No,No,Month-to-month,Yes,Electronic check,72.98,5073.47,No
3121-EDOM,Female,0,Yes,No,8,No,No phone service,No,No internet service,No internet service,No internet service,No internet service,No internet service,No internet service,One year,Yes,Electronic check,18.25,132.34,No
1340-WARO,Male,0,No,No,4,Yes,Yes,No,No internet service,No internet service,No internet service,No internet service,No internet service,No internet service,Month-to-month,Yes,Mailed check,40.86,139.0,No
5075-EWBW,Male,0,Yes,No,71,Yes,No,No,No internet service,No internet service,No internet service,No internet service,No internet service,No internet service,Month-to-month,No,Mailed check,30.91,2171.72,No
3495-WGUI,Male,0,Yes,Yes,63,Yes,Yes,DSL,Yes,Yes,No,No,No,No,Month-to-month,Yes,Electronic check,83.68,5235.7,No
9323-BXAY,Female,0,No,Yes,51,Yes,Yes,Fiber optic,Yes,No,No,No,No,No,One year,Yes,Bank transfer (automatic),96.93,4943.6,No
8467-MNEC,Female,0,No,Yes,34,Yes,No,No,No internet service,No internet service,No internet service,No internet service,No internet service,No internet service,Month-to-month,No,Electronic check,35.35,1198.96,No
5923-DQSK,Female,0,Yes,No,59,Yes,Yes,DSL,Yes,Yes,No,No,Yes,Yes,One year,No,Bank transfer (automatic),107.29,6339.03,No
3795-RRIE,Female,0,No,No,38,Yes,No,No,No internet service,No internet service,No internet service,No internet service,No internet service,No internet service,Month-to-month,Yes,Electronic check,35.45,1332.19,No
7900-QMFX,Male,0,No,No,5,Yes,No,No,No internet service,No internet service,No internet service,No internet service,No internet service,No internet service,Month-to-month,Yes,Credit card (automatic),37.7,168.95,No
7221-OWND,Female,0,Yes,Yes,20,Yes,No,Fiber optic,No,No,No,Yes,No,Yes,One year,Yes,Bank transfer (automatic),95.26,1909.92,No
5497-ALVI,Female,0,No,No,35,Yes,No,Fiber optic,Yes,No,Yes,Yes,Yes,No,Month-to-month,Yes,Mailed check,112.52,3954.52,Yes
1372-RQSD,Male,1,No,No,17,Yes,Yes,DSL,Yes,Yes,No,No,No,Yes,Two year,Yes,Bank transfer (automatic),97.39,1640.82,No
8471-GIHY,Male,0,No,No,0,Yes,No,Fiber optic,No,No,No,No,Yes,No,Month-to-month,No,Bank transfer (automatic),95.27, ,Yes
7790-JHXQ,Male,0,Yes,Yes,16,Yes,Yes,DSL,Yes,Yes,Yes,No,Yes,No,Month-to-month,Yes,Electronic check,105.36,1689.53,Yes
1715-NLYB,Female,0,Yes,No,68,Yes,Yes,DSL,No,No,No,No,No,Yes,One year,No,Credit card (automatic),84.03,5727.05,No
1651-NGZZ,Male,0,No,No,5,No,No phone service,No,No internet service,No internet service,No internet service,No internet service,No internet service,No internet service,Month-to-month,Yes,Bank transfer (automatic),18.25,87.71,No
6044-DAQC,Male,0,Yes,No,57,Yes,Yes,Fiber optic,No,No,No,No,Yes,No,Month-to-month,No,Credit card (automatic),102.41,5794.22,No
8261-QHCJ,Female,0,Yes,No,44,Yes,Yes,Fiber optic,No,No,Yes,Yes,No,Yes,Month-to-month,Yes,Bank transfer (automatic),117.26,5193.32,Yes
3721-VDNK,Male,0,Yes,No,71,Yes,Yes,No,No internet service,No internet service,No internet service,No internet service,No internet service,No internet service,Month-to-month,Yes,Electronic check,41.41,2942.82,No
1941-MDBB,Female,0,Yes,Yes,47,Yes,Yes,DSL,No,No,Yes,No,No,Yes,Month-to-month,No,Electronic check,92.3,4365.66,Yes
2642-VEIT,Female,0,Yes,Yes,49,Yes,Yes,DSL,Yes,Yes,No,No,No,No,Two year,No,Electronic check,88.24,4307.38,No
2035-RCEU,Female,0,Yes,No,55,Yes,No,Fiber optic,Yes,No,No,Yes,Yes,No,One year,Yes,Mailed check,110.35,6076.01,No
8603-NPZS,Male,0,Yes,No,8,Yes,Yes,No,No internet service,No internet service,No internet service,No internet service,No internet service,No internet service,Two year,No,Mailed check,42.21,346.24,No
5840-QVGJ,Male,1,Yes,No,61,Yes,Yes,Fiber optic,Yes,Yes,No,Yes,No,No,Two year,Yes,Bank transfer (automatic),112.27,6842.76,No
6699-JCXI,Male,0,No,No,30,Yes,No,Fiber optic,Yes,No,No,No,No,Yes,One year,Yes,Mailed check,101.95,3095.42,No
6280-OOKJ,Female,0,Yes,Yes,64,Yes,No,Fiber optic,No,No,Yes,No,Yes,Yes,Two year,Yes,Credit card (automatic),108.89,6983.23,No
9390-AGEZ,Male,1,No,No,60,Yes,Yes,Fiber optic,No,Yes,No,No,No,Yes,Month-to-month,Yes,Mailed check,110.86,6663.12,No
6500-WPYH,Female,1,No,Yes,9,Yes,No,Fiber optic,No,No,No,No,No,Yes,Month-to-month,No,Mailed check,90.28,805.56,Yes
4041-HNDX,Male,0,No,No,52,Yes,No,No,No internet service,No internet service,No internet service,No internet service,No internet service,No internet service,Month-to-month,Yes,Credit card (automatic),40.4,2110.49,No
8283-HKBI,Female,0,No,No,63,Yes,No,No,No internet service,No internet service,No internet service,No internet service,No internet service,No internet service,Month-to-month,Yes,Electronic check,36.4,2280.69,No
3181-WZAC,Female,0,Yes,No,63,Yes,No,Fiber optic,Yes,Yes,Yes,No,Yes,Yes,Two year,Yes,Bank transfer (automatic),118.75,7493.34,No
2021-JELW,Female,0,Yes,No,49,Yes,No,Fiber optic,No,No,No,Yes,No,No,Month-to-month,No,Electronic check,85.14,4156.85,No
1288-IUMS,Female,0,Yes,No,64,Yes,No,Fiber optic,No,Yes,Yes,No,Yes,No,Two year,No,Bank transfer (automatic),105.25,6737.07,No
5934-ZPHZ,Female,0,Yes,No,13,Yes,No,DSL,No,Yes,Yes,Yes,No,Yes,Month-to-month,Yes,Bank transfer (automatic),95.04,1240.63,No
5274-GWDJ,Female,0,Yes,No,22,Yes,No,Fiber optic,No,Yes,No,No,No,Yes,One year,No,Credit card (automatic),97.7,2167.81,No
6496-AQUM,Female,0,No,Yes,27,Yes,No,DSL,No,No,No,No,Yes,Yes,Month-to-month,Yes,Electronic check,80.51,2196.33,Yes
9876-IEWA,Female,1,Yes,No,57,Yes,Yes,DSL,No,No,Yes,Yes,No,No,One year,Yes,Credit card (automatic),90.52,5127.75,No
1318-KDIE,Female,0,No,No,39,Yes,No,Fiber optic,No,Yes,No,Yes,Yes,No,Two year,Yes,Electronic check,109.54,4259.97,No
1728-HBGQ,Female,0,No,No,63,Yes,No,DSL,Yes,No,No,Yes,No,No,Month-to-month,Yes,Mailed check,74.15,4686.88,No
2375-ZKOY,Female,0,No,No,1,Yes,Yes,Fiber optic,No,No,Yes,No,Yes,Yes,Month-to-month,Yes,Credit card (automatic),117.12,122.02,Yes
2154-MRTT,Female,0,Yes,No,42,Yes,Yes,DSL,No,Yes,No,No,No,No,Month-to-month,No,Mailed check,73.62,3087.03,No
5706-BETE,Male,1,No,Yes,11,No,No phone service,Fiber optic,No,No,No,Yes,No,No,One year,No,Mailed check,71.76,800.35,No
3156-HPRY,Male,0,Yes,No,34,No,No phone service,Fiber optic,No,No,Yes,No,No,Yes,Two year,Yes,Credit card (automatic),86.03,2920.39,No
4769-PAHU,Female,0,Yes,Yes,68,No,No phone service,No,No internet service,No internet service,No internet service,No internet service,No internet service,No internet service,Month-to-month,Yes,Credit card (automatic),18.76,1280.69,No
4172-ZONZ,Male,0,No,No,62,Yes,No,Fiber optic,Yes,Yes,No,Yes,No,No,Month-to-month,No,Mailed check,109.2,6768.96,No
8068-CGDK,Female,0,Yes,No,40,Yes,No,No,No internet service,No internet service,No internet service,No internet service,No internet service,No internet service,Month-to-month,No,Mailed check,34.67,1433.37,No
6690-ZLOF,Male,0,Yes,Yes,63,Yes,No,Fiber optic,No,Yes,Yes,Yes,No,Yes,Month-to-month,No,Mailed check,110.6,6988.62,No
4991-ARNX,Female,0,No,No,17,Yes,Yes,No,No internet service,No internet service,No internet service,No internet service,No internet service,No internet service,Month-to-month,Yes,Electronic check,43.3,721.55,No
1774-JIBH,Male,0,Yes,No,69,Yes,No,No,No internet service,No internet service,No internet service,No internet service,No internet service,No internet service,Month-to-month,Yes,Bank transfer (automatic),31.25,2171.57,No
9885-ATBG,Female,0,No,No,10,Yes,Yes,DSL,No,Yes,No,Yes,No,No,Month-to-month,Yes,Electronic check,85.83,868.24,Yes
2716-QDZC,Male,0,No,No,64,Yes,Yes,Fiber optic,No,Yes,Yes,No,No,No,Month-to-month,Yes,Electronic check,99.43,6339.24,Yes
5584-VOTC,Female,0,Yes,No,22,Yes,Yes,DSL,No,No,Yes,No,Yes,Yes,Month-to-month,No,Credit card (automatic),100.37,2219.11,No
8310-THLU,Male,0,No,No,3,Yes,No,Fiber optic,No,Yes,Yes,Yes,Yes,No,Month-to-month,No,Electronic check,117.74,324.76,Yes
6422-KQUX,Male,0,No,No,6,Yes,Yes,DSL,Yes,Yes,Yes,Yes,No,No,Month-to-month,No,Bank transfer (automatic),103.12,626.82,Yes
5378-LTRP,Male,0,Yes,No,40,Yes,Yes,No,No internet service,No internet service,No internet service,No internet service,No internet service,No internet service,Two year,Yes,Bank transfer (automatic),45.35,1818.83,No
7306-IGSE,Female,0,Yes,No,48,Yes,No,Fiber optic,Yes,Yes,Yes,Yes,No,Yes,Two year,No,Bank transfer (automatic),118.75,5714.48,No
1882-JTLH,Male,0,No,No,16,Yes,Yes,Fiber optic,No,No,Yes,No,Yes,No,One year,Yes,Mailed check,107.38,1696.18,No
5413-CSKH,Male,0,No,No,54,Yes,Yes,Fiber optic,No,No,Yes,No,Yes,Yes,Two year,Yes,Electronic check,116.65,6295.36,No
3777-MZWW,Female,0,No,Yes,26,Yes,Yes,DSL,Yes,No,Yes,No,No,Yes,One year,No,Credit card (automatic),93.13,2408.74,No
1905-RLGZ,Female,0,Yes,Yes,11,Yes,No,DSL,No,No,Yes,No,No,Yes,Month-to-month,Yes,Electronic check,74.74,827.27,Yes
5618-JCGD,Male,0,Yes,No,46,Yes,No,Fiber optic,No,No,Yes,No,Yes,No,One year,Yes,Credit card (automatic),98.63,4534.83,No
5071-HFML,Female,1,No,No,33,Yes,No,DSL,No,No,Yes,Yes,No,No,One year,No,Electronic check,76.85,2552.3,No
6605-VSKD,Male,0,Yes,Yes,7,Yes,Yes,DSL,No,No,No,Yes,No,No,Two year,Yes,Electronic check,75.19,535.99,No
4393-OQBG,Male,0,No,No,22,Yes,No,DSL,No,No,Yes,No,No,No,Month-to-month,No,Electronic check,65.55,1427.79,Yes
5568-SBOD,Female,1,No,No,25,Yes,Yes,DSL,No,Yes,Yes,No,No,No,One year,No,Credit card (automatic),83.26,2097.13,No
2121-WJVX,Male,0,Yes,No,33,Yes,No,DSL,No,Yes,No,No,Yes,Yes,Month-to-month,Yes,Bank transfer (automatic),85.04,2804.32,No
9849-DART,Male,0,No,Yes,31,Yes,Yes,Fiber optic,No,No,Yes,Yes,No,No,Month-to-month,Yes,Bank transfer (automatic),103.64,3210.77,Yes
4909-TTNZ,Female,0,Yes,Yes,5,Yes,No,Fiber optic,No,No,No,No,No,Yes,One year,No,Credit card (automatic),86.91,430.94,No
8423-ILJX,Female,0,No,Yes,64,No,No phone service,DSL,No,No,Yes,No,No,No,Two year,Yes,Mailed check,53.83,3471.99,No
6492-SFNY,Male,0,Yes,No,58,Yes,No,Fiber optic,Yes,Yes,No,Yes,Yes,No,Month-to-month,No,Electronic check,115.1,6674.69,No
5999-WNKX,Male,1,Yes,No,49,Yes,No,DSL,No,Yes,Yes,No,No,Yes,Month-to-month,Yes,Electronic check,78.73,3846.02,No
5755-FOON,Male,0,No,No,67,Yes,No,DSL,No,No,No,No,Yes,No,Month-to-month,Yes,Electronic check,72.93,4892.34,No
5596-LBHS,Female,0,No,Yes,7,No,No phone service,DSL,No,No,Yes,No,Yes,Yes,Two year,Yes,Credit card (automatic),70.36,470.03,No
8661-EXIM,Male,0,Yes,No,39,Yes,No,DSL,Yes,Yes,No,No,No,Yes,One year,Yes,Credit card (automatic),78.77,3087.81,No
6229-EBGP,Male,0,Yes,Yes,45,Yes,No,Fiber optic,Yes,No,No,No,No,Yes,Month-to-month,Yes,Credit card (automatic),100.44,4556.51,Yes
8818-KWLM,Male,0,Yes,Yes,32,Yes,No,Fiber optic,Yes,No,No,No,Yes,No,Two year,No,Credit card (automatic),98.03,3143.94,No
4015-XPUA,Female,0,Yes,No,57,Yes,No,Fiber optic,No,Yes,Yes,No,No,No,Month-to-month,Yes,Credit card (automatic),96.52,5511.7,No
5234-DDOC,Male,0,No,Yes,2,Yes,Yes,Fiber optic,Yes,No,Yes,Yes,No,Yes,Two year,Yes,Mailed check,118.75,199.89,No
2207-SUBF,Male,0,Yes,No,26,Yes,No,No,No internet service,No internet service,No internet service,No internet service,No internet service,No internet service,Two year,Yes,Electronic check,36.72,981.73,No
6429-XHQE,Female,1,No,Yes,64,Yes,Yes,No,No internet service,No internet service,No internet service,No internet service,No internet service,No internet service,Two year,No,Credit card (automatic),44.66,2863.18,No
6945-LEJI,Female,0,No,Yes,56,Yes,No,Fiber optic,Yes,Yes,No,No,Yes,Yes,Month-to-month,No,Mailed check,117.62,6567.68,No
5295-AXFX,Male,0,No,No,34,Yes,Yes,DSL,No,No,No,No,Yes,No,Month-to-month,Yes,Mailed check,83.28,2822.76,No
5661-KCOK,Female,0,No,Yes,51,Yes,No,DSL,Yes,Yes,Yes,Yes,Yes,No,Month-to-month,Yes,Electronic check,103.06,5246.35,No
8300-ZPUG,Male,0,Yes,Yes,50,Yes,Yes,Fiber optic,No,No,Yes,Yes,No,No,Month-to-month,Yes,Credit card (automatic),105.03,5239.15,No
4720-GCKL,Male,0,Yes,No,16,Yes,Yes,No,No internet service,No internet service,No internet service,No internet service,No internet service,No internet service,Month-to-month,No,Credit card (automatic),44.07,720.34,No
6236-YKZB,Female,0,No,No,51,Yes,No,No,No internet service,No internet service,No internet service,No internet service,No internet service,No internet service,Month-to-month,Yes,Mailed check,31.91,1619.93,No
1032-XXBN,Male,0,No,No,47,Yes,Yes,DSL,No,No,No,Yes,No,No,One year,Yes,Credit card (automatic),77.3,3603.43,No
9716-XEBW,Male,0,Yes,No,57,Yes,No,DSL,Yes,Yes,Yes,Yes,Yes,No,Two year,Yes,Electronic check,104.39,5916.51,No
4926-SQKP,Male,1,No,No,25,Yes,Yes,No,No internet service,No internet service,No internet service,No internet service,No internet service,No internet service,Month-to-month,Yes,Electronic check,41.46,1003.53,No
3227-RTHB,Male,0,No,Yes,26,Yes,No,Fiber optic,No,No,No,No,Yes,No,One year,Yes,Electronic check,91.5,2380.2,No
7064-KNPO,Male,0,No,No,23,Yes,No,Fiber optic,No,Yes,No,No,No,Yes,Month-to-month,No,Mailed check,95.16,2175.87,Yes
8374-CZGL,Female,0,No,No,10,Yes,Yes,DSL,Yes,Yes,Yes,Yes,No,No,One year,No,Mailed check,102.37,998.54,No
7453-VWXC,Male,0,No,Yes,7,Yes,Yes,No,No internet service,No internet service,No internet service,No internet service,No internet service,No internet service,Month-to-month,No,Bank transfer (automatic),44.93,327.33,No
2266-JHPP,Male,1,No,No,47,Yes,Yes,DSL,No,Yes,Yes,No,No,No,Month-to-month,No,Credit card (automatic),87.18,4102.33,No
3941-WZET,Female,0,Yes,No,31,Yes,No,Fiber optic,Yes,No,No,No,No,No,Month-to-month,No,Electronic check,89.39,2743.56,Yes
1760-FHQL,Female,0,No,No,28,Yes,Yes,Fiber optic,Yes,Yes,No,No,No,No,Two year,Yes,Mailed check,108.88,3010.88,No
1957-VNBS,Female,0,Yes,No,4,No,No phone service,Fiber optic,Yes,No,No,Yes,Yes,No,Month-to-month,Yes,Electronic check,88.99,361.69,Yes
8493-RDVE,Female,0,Yes,Yes,48,Yes,Yes,Fiber optic,No,No,Yes,No,No,No,Month-to-month,Yes,Electronic check,102.15,4889.41,Yes
6006-FHIU,Female,0,No,No,12,Yes,No,Fiber optic,No,No,No,Yes,No,No,Month-to-month,No,Bank transfer (automatic),82.25,1009.9,Yes
8541-BPTA,Female,1,No,Yes,41,Yes,No,DSL,No,Yes,No,Yes,Yes,No,Two year,Yes,Mailed check,90.61,3740.67,No
7557-PAAG,Female,0,No,No,9,Yes,No,DSL,Yes,No,No,Yes,Yes,No,Two year,No,Electronic check,85.36,761.17,No
3063-QPPF,Female,0,Yes,Yes,25,Yes,No,No,No internet service,No internet service,No internet service,No internet service,No internet service,No internet service,One year,No,Electronic check,41.46,1048.53,No
3641-VVCH,Male,0,Yes,No,25,Yes,No,Fiber optic,Yes,No,Yes,Yes,No,No,One year,No,Mailed check,106.33,2700.28,No
2690-DWDQ,Male,1,Yes,No,22,No,No phone service,Fiber optic,No,Yes,No,No,No,Yes,One year,Yes,Mailed check,85.8,1853.32,No
4957-EYNO,Female,0,Yes,No,43,Yes,No,DSL,No,No,Yes,No,No,No,Two year,Yes,Electronic check,68.41,2921.43,No
3808-LMXW,Male,0,No,No,38,Yes,No,Fiber optic,Yes,Yes,No,No,Yes,No,Two year,Yes,Mailed check,105.7,4037.08,No
3061-XSVZ,Male,0,Yes,Yes,42,Yes,No,DSL,No,No,Yes,Yes,Yes,Yes,Two year,Yes,Bank transfer (automatic),97.88,4118.85,No
5294-FEDR,Male,0,Yes,Yes,51,Yes,No,Fiber optic,No,No,Yes,No,No,Yes,Two year,Yes,Credit card (automatic),94.09,4820.15,No
1077-PWWT,Male,0,Yes,No,57,Yes,No,DSL,No,No,Yes,No,Yes,Yes,Month-to-month,Yes,Electronic check,88.09,5003.42,No
8135-EVKL,Male,1,No,No,31,Yes,No,DSL,No,No,No,No,No,No,Two year,Yes,Electronic check,63.24,1933.74,No
7673-DMTM,Female,0,Yes,No,17,Yes,Yes,Fiber optic,No,No,Yes,No,No,Yes,One year,Yes,Electronic check,105.64,1784.28,No
4062-WGWB,Female,0,No,Yes,41,Yes,No,Fiber optic,Yes,Yes,No,Yes,Yes,No,Month-to-month,Yes,Mailed check,117.63,4805.43,Yes
3553-RUFP,Male,0,Yes,No,1,Yes,No,DSL,No,No,Yes,Yes,No,Yes,Month-to-month,Yes,Bank transfer (automatic),90.86,98.9,Yes
5578-VOUT,Female,0,Yes,Yes,59,Yes,No,Fiber optic,No,Yes,No,Yes,No,No,Month-to-month,Yes,Credit card (automatic),88.94,5257.28,No
5969-IKNX,Male,0,No,No,32,Yes,Yes,No,No internet service,No internet service,No internet service,No internet service,No internet service,No internet service,Month-to-month,No,Electronic check,42.27,1364.63,No
3014-QYIV,Male,0,No,No,45,Yes,No,DSL,No,No,Yes,No,Yes,No,Month-to-month,Yes,Bank transfer (automatic),78.66,3520.88,No
6868-PCEW,Male,0,No,No,58,No,No phone service,Fiber optic,Yes,Yes,No,No,No,No,One year,No,Bank transfer (automatic),80.57,4680.09,No
1667-AUIW,Female,0,No,Yes,56,Yes,Yes,Fiber optic,No,No,No,Yes,No,No,One year,Yes,Bank transfer (automatic),94.39,5279.89,No
4440-MOUH,Male,0,No,No,61,Yes,Yes,Fiber optic,No,No,No,No,No,No,Month-to-month,Yes,Credit card (automatic),89.03,5429.39,No
7230-JEPY,Male,0,No,No,62,No,No phone service,Fiber optic,Yes,Yes,No,Yes,No,Yes,Two year,Yes,Credit card (automatic),101.93,6334.72,No
5978-AMDG,Male,0,No,No,72,Yes,Yes,Fiber optic,Yes,Yes,No,No,No,No,Two year,Yes,Credit card (automatic),109.76,7885.04,No
5704-BPNE,Female,0,No,No,30,Yes,No,Fiber optic,Yes,Yes,No,No,No,Yes,Month-to-month,Yes,Bank transfer (automatic),109.56,3288.51,Yes
9312-NQLT,Male,0,Yes,Yes,38,Yes,No,No,No internet service,No internet service,No internet service,No internet service,No internet service,No internet service,One year,No,Electronic check,32.11,1231.68,No
5413-CUUZ,Female,1,Yes,No,21,Yes,Yes,Fiber optic,Yes,Yes,No,Yes,Yes,No,Month-to-month,Yes,Credit card (automatic),118.75,2499.15,Yes
7836-YUOK,Male,0,No,No,16,No,No phone service,DSL,Yes,No,Yes,No,No,No,Two year,No,Bank transfer (automatic),63.83,1014.57,No
3249-RWVW,Male,0,No,No,2,Yes,Yes,Fiber optic,Yes,Yes,Yes,No,No,Yes,Month-to-month,No,Mailed check,118.75,225.37,Yes
3551-ZUBG,Male,0,Yes,Yes,31,Yes,No,No,No internet service,No internet service,No internet service,No internet service,No internet service,No internet service,Month-to-month,No,Bank transfer (automatic),37.69,1186.52,No
9663-GZWN,Female,0,Yes,No,32,Yes,Yes,Fiber optic,No,No,Yes,No,Yes,No,Two year,Yes,Bank transfer (automatic),109.25,3468.89,No
3460-YXBB,Male,0,Yes,Yes,63,Yes,Yes,DSL,Yes,No,No,Yes,Yes,Yes,Month-to-month,Yes,Electronic check,104.56,6563.72,No
6334-ZOKJ,Male,0,No,No,9,Yes,Yes,Fiber optic,Yes,No,Yes,Yes,Yes,No,One year,Yes,Credit card (automatic),118.75,1063.61,No
4632-IONS,Male,0,Yes,No,4,Yes,Yes,Fiber optic,No,Yes,No,No,Yes,Yes,Month-to-month,Yes,Electronic check,118.75,464.62,Yes
9208-VTQP,Male,0,No,Yes,67,Yes,No,DSL,No,No,No,Yes,No,No,Two year,Yes,Electronic check,66.42,4412.4,No
7579-HGLA,Male,0,No,Yes,37,Yes,No,DSL,No,No,Yes,Yes,Yes,Yes,Month-to-month,Yes,Electronic check,95.92,3552.23,No
7329-LYFP,Male,0,No,No,40,Yes,No,Fiber optic,No,No,Yes,No,No,No,Month-to-month,Yes,Electronic check,90.41,3588.2,Yes
3513-SWCC,Female,0,Yes,No,72,No,No phone service,No,No internet service,No internet service,No internet service,No internet service,No internet service,No internet service,Month-to-month,No,Credit card (automatic),18.68,1325.0,No
9516-CSEN,Male,0,No,Yes,60,Yes,Yes,DSL,Yes,No,Yes,No,No,No,Month-to-month,No,Mailed check,88.08,5277.39,No
9079-YAQK,Female,0,No,No,14,Yes,No,Fiber optic,No,No,Yes,Yes,Yes,No,Month-to-month,No,Mailed check,105.82,1469.37,Yes
7260-DBIV,Male,0,Yes,Yes,51,Yes,No,Fiber optic,Yes,Yes,No,No,No,Yes,Two year,No,Credit card (automatic),109.55,5587.89,No
3904-EDWE,Female,0,Yes,No,7,Yes,Yes,DSL,No,Yes,Yes,Yes,Yes,Yes,Month-to-month,Yes,Mailed check,118.5,826.3,Yes
7935-RMEZ,Male,0,No,No,55,Yes,No,No,No internet service,No internet service,No internet service,No internet service,No internet service,No internet service,Month-to-month,Yes,Mailed check,31.67,1741.54,No
8671-SWCV,Female,1,No,No,29,Yes,Yes,No,No internet service,No internet service,No internet service,No internet service,No internet service,No internet service,Month-to-month,No,Electronic check,42.8,1223.55,No
8025-FFXE,Male,0,Yes,No,33,Yes,Yes,DSL,Yes,No,No,Yes,No,Yes,Month-to-month,Yes,Mailed check,100.92,3318.52,No
9989-AHYA,Female,0,Yes,No,58,Yes,No,Fiber optic,Yes,No,No,Yes,No,No,Two year,Yes,Mailed check,95.26,5533.3,No
5941-KBUD,Male,0,Yes,No,55,Yes,No,Fiber optic,Yes,No,No,No,No,Yes,Two year,Yes,Bank transfer (automatic),101.16,5510.59,No
9652-GFCI,Female,0,No,No,12,Yes,No,No,No internet service,No internet service,No internet service,No internet service,No internet service,No internet service,Month-to-month,Yes,Electronic check,33.76,411.79,No
6491-KENS,Male,0,No,Yes,50,Yes,Yes,DSL,No,No,No,No,No,Yes,Two year,No,Bank transfer (automatic),77.52,3856.17,No
8175-GGXW,Male,0,Yes,No,58,Yes,Yes,No,No internet service,No internet service,No internet service,No internet service,No internet service,No internet service,Month-to-month,No,Electronic check,46.45,2691.51,No
6378-CRMA,Male,0,Yes,No,61,Yes,No,DSL,No,Yes,Yes,No,No,No,Month-to-month,Yes,Mailed check,74.85,4587.4,No
9676-DPOR,Female,0,No,No,28,Yes,Yes,No,No internet service,No internet service,No internet service,No internet service,No internet service,No internet service,Month-to-month,Yes,Bank transfer (automatic),44.6,1237.11,No
7381-NSFM,Female,1,No,No,61,Yes,No,No,No internet service,No internet service,No internet service,No internet service,No internet service,No internet service,Two year,No,Mailed check,33.91,2083.18,No
5345-OWGS,Female,0,No,No,6,Yes,No,No,No internet service,No internet service,No internet service,No internet service,No internet service,No internet service,One year,Yes,Credit card (automatic),27.76,222.35,No
6968-IKEB,Male,0,No,No,43,No,No phone service,DSL,Yes,Yes,No,No,No,Yes,One year,No,Electronic check,70.03,3023.87,No
9361-JTKJ,Female,0,Yes,No,5,Yes,Yes,Fiber optic,No,Yes,No,No,Yes,No,Month-to-month,Yes,Bank transfer (automatic),111.55,545.38,Yes
7476-ESJH,Male,0,No,No,61,Yes,Yes,DSL,No,No,Yes,Yes,No,No,Month-to-month,No,Electronic check,81.44,4958.72,No
3688-EKTK,Male,1,Yes,No,67,Yes,Yes,DSL,No,Yes,No,No,Yes,Yes,Two year,No,Credit card (automatic),101.87,6811.44,No
3607-JOGO,Male,0,No,No,69,Yes,Yes,No,No internet service,No internet service,No internet service,No internet service,No internet service,No internet service,Two year,Yes,Bank transfer (automatic),42.22,2875.34,No
2688-PFKQ,Male,0,No,Yes,16,Yes,Yes,Fiber optic,No,No,No,No,No,No,Two year,No,Electronic check,91.59,1411.5,No
4343-XBDS,Male,0,No,Yes,48,Yes,Yes,DSL,No,No,Yes,Yes,Yes,No,Month-to-month,Yes,Electronic check,97.42,4656.31,No
3981-RUKI,Male,0,No,No,23,Yes,No,Fiber optic,Yes,No,No,No,No,No,One year,Yes,Credit card (automatic),86.88,2019.93,No
3017-ROYV,Male,0,Yes,Yes,11,Yes,No,No,No internet service,No internet service,No internet service,No internet service,No internet service,No internet service,Month-to-month,Yes,Electronic check,31.14,297.56,Yes
7386-OQRR,Female,0,Yes,No,56,Yes,Yes,Fiber optic,No,No,Yes,No,Yes,No,Month-to-month,Yes,Mailed check,105.78,5924.56,No
9554-RWCM,Female,0,No,No,28,Yes,Yes,DSL,No,Yes,Yes,No,No,No,Month-to-month,Yes,Electronic check,82.12,2318.93,Yes
5926-NDRE,Male,1,No,No,61,Yes,No,Fiber optic,Yes,Yes,Yes,Yes,Yes,No,One year,Yes,Mailed check,118.75,7259.74,No
7157-YLYG,Male,0,No,No,26,Yes,Yes,Fiber optic,No,Yes,No,Yes,Yes,No,Two year,Yes,Electronic check,116.77,3007.19,No
2419-HUUC,Female,0,No,No,4,Yes,Yes,Fiber optic,Yes,No,Yes,Yes,No,Yes,Month-to-month,No,Bank transfer (automatic),118.75,474.73,Yes
1629-ACKR,Male,0,No,No,39,Yes,Yes,No,No internet service,No internet service,No internet service,No internet service,No internet service,No internet service,Month-to-month,Yes,Credit card (automatic),42.27,1610.43,No
6318-IDWX,Female,1,Yes,No,46,Yes,Yes,No,No internet service,No internet service,No internet service,No internet service,No internet service,No internet service,Month-to-month,Yes,Electronic check,42.81,1959.24,No
7729-RWPL,Male,0,Yes,Yes,8,Yes,No,DSL,Yes,No,No,No,Yes,No,Month-to-month,Yes,Electronic check,72.52,563.08,Yes
4157-CHSI,Male,1,Yes,No,15,Yes,Yes,DSL,Yes,Yes,No,No,Yes,No,Month-to-month,Yes,Bank transfer (automatic),92.63,1367.87,No
7138-SQMB,Female,0,No,No,12,Yes,Yes,No,No internet service,No internet service,No internet service,No internet service,No internet service,No internet service,Two year,No,Electronic check,46.12,522.69,No
2955-KBDD,Female,0,No,Yes,53,Yes,No,Fiber optic,Yes,No,No,No,No,Yes,Month-to-month,Yes,Electronic check,91.84,4850.01,Yes
3803-AYZK,Male,0,Yes,No,14,Yes,No,Fiber optic,No,Yes,Yes,No,Yes,No,Month-to-month,Yes,Electronic check,106.67,1490.7,Yes
5694-BSHW,Male,1,No,No,24,No,No phone service,Fiber optic,No,No,No,Yes,No,Yes,Month-to-month,No,Credit card (automatic),83.38,2021.32,Yes
2011-DYPO,Female,0,Yes,Yes,15,Yes,No,No,No internet service,No internet service,No internet service,No internet service,No internet service,No internet service,Two year,No,Bank transfer (automatic),30.59,449.99,No
2700-EOWQ,Female,0,Yes,Yes,43,Yes,Yes,Fiber optic,No,No,No,Yes,Yes,No,Month-to-month,Yes,Credit card (automatic),109.96,4744.11,Yes
6826-RKZF,Female,0,No,Yes,46,Yes,Yes,No,No internet service,No internet service,No internet service,No internet service,No internet service,No internet service,Month-to-month,No,Electronic check,42.17,1939.69,No
9058-LVZQ,Male,0,Yes,No,32,Yes,No,Fiber optic,No,No,No,Yes,No,Yes,Month-to-month,Yes,Electronic check,99.38,3179.49,Yes
8677-NFJP,Female,0,No,Yes,25,No,No phone service,DSL,No,No,Yes,Yes,No,Yes,Month-to-month,Yes,Electronic check,75.81,1906.47,No
5037-SCLP,Male,0,Yes,No,39,Yes,Yes,DSL,No,No,No,Yes,No,No,Two year,No,Credit card (automatic),79.6,3128.28,No
9175-DYTM,Female,1,Yes,Yes,70,Yes,Yes,No,No internet service,No internet service,No internet service,No internet service,No internet service,No internet service,Month-to-month,No,Electronic check,47.89,3363.96,No
7548-LBPG,Female,1,No,No,44,Yes,No,No,No internet service,No internet service,No internet service,No internet service,No internet service,No internet service,Month-to-month,Yes,Bank transfer (automatic),37.82,1653.42,No
1082-KAIE,Female,0,No,No,42,Yes,No,No,No internet service,No internet service,No internet service,No internet service,No internet service,No internet service,One year,Yes,Electronic check,38.49,1636.96,No
4256-MXKM,Female,0,No,No,71,Yes,Yes,Fiber optic,No,No,Yes,Yes,No,Yes,Month-to-month,Yes,Electronic check,114.54,8142.39,No
2694-MFZV,Male,0,Yes,No,22,Yes,No,Fiber optic,No,No,No,No,Yes,Yes,Month-to-month,No,Credit card (automatic),94.5,2085.75,Yes
1147-UJSC,Male,0,Yes,No,46,Yes,Yes,DSL,No,No,No,No,No,No,Month-to-month,Yes,Credit card (automatic),68.87,3146.02,No
4620-HELD,Female,0,Yes,No,43,Yes,No,DSL,No,No,No,No,No,No,Two year,No,Credit card (automatic),59.23,2516.13,No
4709-SRCG,Male,0,Yes,No,41,Yes,No,Fiber optic,No,No,No,No,No,Yes,Month-to-month,Yes,Electronic check,92.66,3797.62,Yes
8472-SDPZ,Male,1,No,Yes,11,No,No phone service,Fiber optic,Yes,No,Yes,No,Yes,Yes,Month-to-month,Yes,Credit card (automatic),100.88,1095.46,Yes
1683-DLQZ,Male,0,Yes,No,35,No,No phone service,No,No internet service,No internet service,No internet service,No internet service,No internet service,No internet service,Month-to-month,No,Bank transfer (automatic),18.65,663.0,No
9808-LZOT,Female,0,No,Yes,12,Yes,No,No,No internet service,No internet service,No internet service,No internet service,No internet service,No internet service,Month-to-month,Yes,Credit card (automatic),30.9,380.66,No
3017-INDD,Female,0,No,No,64,Yes,Yes,DSL,Yes,No,No,No,No,Yes,Two year,Yes,Electronic check,86.59,5562.23,No
5666-FXEX,Male,0,No,No,26,Yes,No,DSL,Yes,Yes,No,Yes,No,No,Two year,No,Electronic check,81.38,2133.97,No
4920-MTQS,Female,0,Yes,No,19,Yes,Yes,DSL,No,Yes,No,No,No,No,Month-to-month,No,Credit card (automatic),77.02,1483.39,No
8130-WAUQ,Female,0,Yes,No,17,Yes,No,DSL,No,Yes,No,Yes,No,Yes,Month-to-month,Yes,Credit card (automatic),80.52,1374.3,No
7805-YCNL,Female,1,Yes,No,63,Yes,Yes,Fiber optic,Yes,No,Yes,No,Yes,No,Two year,No,Mailed check,118.75,7461.46,No
7030-FTVB,Female,0,Yes,No,8,Yes,No,Fiber optic,Yes,No,Yes,Yes,Yes,No,One year,Yes,Credit card (automatic),112.88,933.92,No
1044-MWVY,Male,0,Yes,No,24,Yes,No,Fiber optic,No,Yes,No,Yes,Yes,Yes,Month-to-month,Yes,Electronic check,115.3,2778.85,Yes
4638-QFKS,Male,0,No,Yes,0,Yes,Yes,Fiber optic,Yes,Yes,Yes,Yes,No,No,Month-to-month,Yes,Bank transfer (automatic),118.75, ,Yes
4207-AJBS,Female,0,Yes,Yes,58,Yes,No,DSL,No,Yes,Yes,Yes,No,No,Month-to-month,Yes,Credit card (automatic),82.38,4787.3,No
8551-NCWX,Male,0,Yes,Yes,35,Yes,Yes,DSL,Yes,Yes,Yes,No,No,No,Two year,Yes,Credit card (automatic),93.15,3280.34,No
6182-IWHK,Male,0,Yes,Yes,17,No,No phone service,DSL,No,No,Yes,No,Yes,Yes,Two year,Yes,Mailed check,75.93,1266.75,No
1033-ACYW,Male,0,No,No,46,Yes,Yes,Fiber optic,No,Yes,No,No,No,No,Month-to-month,No,Bank transfer (automatic),97.9,4493.41,Yes
9653-QBSV,Male,0,No,No,32,Yes,Yes,No,No internet service,No internet service,No internet service,No internet service,No internet service,No internet service,One year,Yes,Credit card (automatic),44.98,1407.12,No
2256-HJIH,Male,0,No,Yes,21,Yes,Yes,No,No internet service,No internet service,No internet service,No internet service,No internet service,No internet service,Two year,Yes,Credit card (automatic),43.92,908.72,No
6269-XFBI,Female,0,Yes,Yes,64,Yes,Yes,Fiber optic,Yes,No,No,Yes,Yes,Yes,Month-to-month,No,Credit card (automatic),118.75,7585.34,No
3024-SIBS,Male,0,No,No,10,Yes,Yes,DSL,No,No,No,Yes,No,Yes,Month-to-month,No,Bank transfer (automatic),92.22,893.21,Yes
5957-VNTX,Male,1,Yes,No,25,Yes,No,Fiber optic,Yes,No,No,Yes,Yes,Yes,Month-to-month,No,Bank transfer (automatic),116.6,2913.13,Yes
7208-MVBV,Female,0,Yes,No,69,Yes,Yes,DSL,No,Yes,No,Yes,Yes,Yes,Month-to-month,Yes,Bank transfer (automatic),103.62,7186.34,No
8328-ORIV,Female,0,No,No,62,Yes,Yes,DSL,Yes,Yes,Yes,No,Yes,Yes,Two year,Yes,Electronic check,112.29,6944.7,No
4367-GIIK,Female,0,No,No,37,Yes,No,No,No internet service,No internet service,No internet service,No internet service,No internet service,No internet service,One year,No,Bank transfer (automatic),37.86,1419.34,No
2030-UGDL,Male,0,No,Yes,48,No,No phone service,DSL,No,Yes,Yes,No,Yes,No,One year,Yes,Electronic check,70.9,3394.64,No
7905-QTZC,Male,0,No,No,16,Yes,Yes,Fiber optic,No,No,Yes,No,Yes,No,Month-to-month,Yes,Credit card (automatic),106.06,1708.83,Yes
5808-ETPH,Female,0,Yes,No,56,Yes,No,No,No internet service,No internet service,No internet service,No internet service,No internet service,No internet service,Month-to-month,Yes,Bank transfer (automatic),31.17,1741.8,No
1510-UPSP,Male,1,Yes,Yes,13,Yes,No,No,No internet service,No internet service,No internet service,No internet service,No internet service,No internet service,One year,No,Bank transfer (automatic),36.2,450.64,No
4473-OXRN,Female,0,Yes,No,7,Yes,No,DSL,No,No,No,Yes,No,Yes,Month-to-month,Yes,Mailed check,83.16,598.09,Yes
5535-PEHP,Female,0,Yes,Yes,55,Yes,No,DSL,Yes,No,Yes,Yes,No,No,One year,Yes,Electronic check,82.25,4516.67,No
8739-KKBV,Male,0,No,No,22,Yes,No,Fiber optic,No,No,No,No,No,Yes,Two year,No,Electronic check,87.48,1923.52,No
8428-CZWH,Female,0,No,Yes,43,Yes,No,Fiber optic,No,No,No,No,No,Yes,Two year,Yes,Credit card (automatic),88.77,3822.99,No
3147-MYVN,Male,1,No,No,65,Yes,Yes,DSL,Yes,Yes,Yes,Yes,No,No,Two year,No,Mailed check,102.85,6661.97,No
1352-EUGW,Female,0,No,No,2,Yes,No,DSL,No,Yes,No,No,Yes,No,One year,No,Credit card (automatic),77.0,140.79,No
8749-OOHB,Female,0,No,No,52,Yes,No,Fiber optic,No,Yes,Yes,No,No,No,Two year,No,Mailed check,96.17,5008.43,No
9717-PWJO,Female,0,Yes,No,12,Yes,No,DSL,No,No,No,No,Yes,No,Two year,No,Credit card (automatic),73.24,867.37,No
8670-DLJB,Male,0,Yes,No,68,Yes,Yes,DSL,No,Yes,Yes,No,No,No,Month-to-month,No,Credit card (automatic),84.95,5737.23,No
3819-TFNW,Female,0,No,No,0,Yes,No,Fiber optic,Yes,No,No,No,Yes,No,Month-to-month,Yes,Electronic check,96.01, ,Yes
3489-ASYA,Female,0,No,No,20,Yes,No,DSL,No,No,Yes,No,Yes,Yes,Month-to-month,Yes,Electronic check,85.45,1735.28,Yes
7023-RVCW,Female,0,Yes,Yes,55,Yes,No,No,No internet service,No internet service,No internet service,No internet service,No internet service,No internet service,Month-to-month,No,Electronic check,36.09,1961.16,No
7257-TZIF,Male,1,No,No,1,Yes,Yes,Fiber optic,No,No,No,No,No,No,One year,No,Electronic check,90.26,90.26,No
4027-BZYD,Male,0,No,No,30,Yes,Yes,Fiber optic,No,No,Yes,No,Yes,No,One year,Yes,Electronic check,108.69,3271.88,No
3328-RGKE,Male,0,No,Yes,12,No,No phone service,DSL,No,No,No,No,No,Yes,One year,Yes,Credit card (automatic),54.32,693.14,No
5487-KXTT,Male,0,Yes,No,13,Yes,Yes,Fiber optic,Yes,No,No,No,No,No,One year,Yes,Electronic check,96.21,1215.71,No
7414-XCGX,Male,0,No,No,56,No,No phone service,DSL,Yes,Yes,Yes,Yes,No,Yes,Month-to-month,Yes,Bank transfer (automatic),91.01,5097.31,No
5871-KJTI,Female,0,Yes,No,12,Yes,No,No,No internet service,No internet service,No internet service,No internet service,No internet service,No internet service,Two year,Yes,Electronic check,29.24,358.85,No
2561-TXVE,Female,0,No,No,13,Yes,No,No,No internet service,No internet service,No internet service,No internet service,No internet service,No internet service,One year,No,Mailed check,37.71,505.76,No
7286-DEOQ,Female,0,Yes,No,26,Yes,Yes,Fiber optic,No,No,No,No,Yes,No,Two year,Yes,Electronic check,98.37,2533.33,No
8227-YSIJ,Female,0,No,Yes,69,Yes,No,Fiber optic,No,No,Yes,Yes,No,Yes,One year,Yes,Bank transfer (automatic),104.86,7227.26,No
5964-JVAY,Male,0,No,No,59,Yes,No,DSL,No,Yes,No,No,No,Yes,Month-to-month,Yes,Electronic check,74.88,4442.37,No
5408-VXDU,Female,0,Yes,No,69,No,No phone service,Fiber optic,No,No,No,No,No,Yes,Month-to-month,Yes,Credit card (automatic),76.56,5316.89,No
1964-WGWE,Male,0,No,No,14,Yes,Yes,No,No internet service,No internet service,No internet service,No internet service,No internet service,No internet service,Month-to-month,No,Electronic check,45.8,636.1,No
3803-HQAV,Male,0,No,Yes,55,Yes,Yes,DSL,Yes,No,Yes,No,No,No,Month-to-month,No,Electronic check,89.04,4877.46,No
5593-LCTN,Male,0,No,Yes,61,Yes,Yes,DSL,No,No,Yes,No,No,No,Month-to-month,No,Credit card (automatic),80.93,4949.44,No
8663-RJWO,Female,0,Yes,No,12,Yes,No,Fiber optic,No,Yes,No,Yes,Yes,No,One year,Yes,Bank transfer (automatic),110.61,1311.89,No
7377-ASBM,Male,0,Yes,No,6,Yes,No,Fiber optic,No,No,Yes,Yes,No,No,Month-to-month,No,Electronic check,98.35,546.72,Yes
7296-PHCU,Female,0,Yes,No,20,Yes,No,Fiber optic,No,Yes,No,Yes,No,No,Month-to-month,No,Electronic check,96.85,1962.86,Yes
4978-KVUR,Male,0,Yes,No,13,Yes,Yes,No,No internet service,No internet service,No internet service,No internet service,No internet service,No internet service,One year,No,Bank transfer (automatic),48.56,627.58,No
7377-PHFS,Female,1,No,No,2,Yes,Yes,DSL,No,No,No,No,Yes,No,Month-to-month,No,Mailed check,77.04,157.49,Yes
9428-AUBM,Female,0,Yes,No,62,Yes,Yes,Fiber optic,No,No,Yes,Yes,No,Yes,Month-to-month,Yes,Credit card (automatic),117.33,7293.33,No
1449-YKMJ,Male,0,Yes,No,42,Yes,Yes,Fiber optic,No,Yes,Yes,No,No,Yes,Two year,Yes,Credit card (automatic),112.88,4750.61,No
6870-ANJR,Male,0,Yes,No,11,Yes,Yes,Fiber optic,No,No,No,Yes,No,Yes,Month-to-month,Yes,Bank transfer (automatic),111.34,1249.35,Yes
8214-CBVH,Female,0,Yes,No,54,Yes,Yes,No,No internet service,No internet service,No internet service,No internet service,No internet service,No internet service,Month-to-month,Yes,Bank transfer (automatic),44.09,2384.91,No
3718-HKPB,Female,0,No,Yes,58,No,No phone service,Fiber optic,No,Yes,Yes,Yes,No,Yes,Month-to-month,No,Electronic check,101.79,5899.8,No
8035-EGTM,Male,0,No,No,19,Yes,No,DSL,Yes,Yes,No,No,Yes,No,Month-to-month,Yes,Credit card (automatic),84.79,1609.68,No
6249-ZCIJ,Male,0,No,No,68,Yes,No,No,No internet service,No internet service,No internet service,No internet service,No internet service,No internet service,Two year,Yes,Electronic check,37.84,2592.36,No
9012-YUME,Male,0,Yes,No,44,Yes,Yes,No,No internet service,No internet service,No internet service,No internet service,No internet service,No internet service,Month-to-month,Yes,Electronic check,44.69,1973.66,No
1400-OEXG,Female,0,No,No,54,Yes,No,Fiber optic,No,No,No,Yes,No,Yes,One year,No,Mailed check,99.48,5412.54,No
2057-XRJA,Male,1,No,Yes,58,Yes,No,Fiber optic,No,No,No,No,No,No,Two year,No,Electronic check,79.81,4643.88,No
1026-NSPS,Female,0,No,No,59,Yes,Yes,DSL,No,No,Yes,No,Yes,No,One year,No,Electronic check,86.13,5106.03,No
7629-LCGX,Male,0,No,Yes,60,Yes,Yes,DSL,Yes,No,No,No,No,No,Month-to-month,No,Mailed check,77.21,4648.37,No
3018-YQOS,Male,0,Yes,Yes,41,Yes,Yes,Fiber optic,Yes,Yes,No,No,Yes,Yes,One year,No,Electronic check,118.75,4858.38,No
7075-SWKU,Male,1,Yes,No,43,Yes,Yes,Fiber optic,Yes,Yes,No,No,No,No,Month-to-month,No,Mailed check,100.89,4288.52,Yes
2651-BGSG,Female,0,No,No,5,Yes,No,DSL,No,No,No,No,No,No,One year,Yes,Credit card (automatic),62.44,331.08,No
1683-WRWF,Female,0,No,Yes,68,Yes,Yes,DSL,No,No,No,No,Yes,No,Two year,Yes,Mailed check,79.76,5428.31,No
9505-TUHE,Female,0,Yes,Yes,21,Yes,Yes,Fiber optic,No,No,No,No,No,Yes,Month-to-month,Yes,Bank transfer (automatic),98.99,2088.85,Yes
4266-BVFG,Female,1,Yes,No,64,Yes,Yes,Fiber optic,No,Yes,Yes,No,Yes,Yes,One year,Yes,Electronic check,118.75,7597.33,No
6479-DLXL,Male,0,No,No,19,Yes,Yes,DSL,No,Yes,No,No,No,No,One year,Yes,Credit card (automatic),78.67,1489.22,No
6141-VSIL,Male,0,No,No,46,Yes,No,Fiber optic,Yes,No,Yes,No,Yes,No,One year,Yes,Bank transfer (automatic),103.85,4734.03,No
1891-UQWJ,Male,0,No,Yes,47,Yes,No,Fiber optic,Yes,No,No,No,Yes,No,Month-to-month,No,Credit card (automatic),96.97,4550.52,Yes
9894-SZZK,Female,1,No,No,23,Yes,No,Fiber optic,Yes,No,Yes,Yes,Yes,Yes,One year,Yes,Electronic check,118.75,2727.42,No
2591-MDOL,Female,0,Yes,Yes,71,Yes,No,No,No internet service,No internet service,No internet service,No internet service,No internet service,No internet service,Month-to-month,No,Bank transfer (automatic),33.8,2386.15,No
5440-XZJV,Male,1,Yes,No,38,No,No phone service,Fiber optic,No,No,Yes,No,No,Yes,Month-to-month,Yes,Bank transfer (automatic),83.96,3186.95,Yes
7982-XBUG,Male,0,No,No,54,Yes,No,Fiber optic,No,No,No,No,Yes,No,Month-to-month,Yes,Credit card (automatic),84.7,4582.5,No
3430-FUHY,Female,0,No,No,54,Yes,No,DSL,No,Yes,No,Yes,Yes,No,Two year,Yes,Bank transfer (automatic),85.21,4611.03,No
9731-VTDY,Female,0,Yes,Yes,69,Yes,No,DSL,No,No,No,No,Yes,No,One year,Yes,Electronic check,73.7,5085.94,No
3419-XIEF,Female,0,Yes,No,62,Yes,Yes,No,No internet service,No internet service,No internet service,No internet service,No internet service,No internet service,Two year,Yes,Credit card (automatic),48.29,2968.87,No
7987-EERZ,Female,0,No,No,18,Yes,No,No,No internet service,No internet service,No internet service,No internet service,No internet service,No internet service,Month-to-month,Yes,Credit card (automatic),29.84,518.71,No
8048-KWNX,Male,1,Yes,No,57,Yes,No,DSL,No,No,No,No,No,Yes,One year,Yes,Mailed check,67.13,3843.93,No
8553-NYSJ,Female,0,No,No,25,Yes,No,No,No internet service,No internet service,No internet service,No internet service,No internet service,No internet service,Month-to-month,Yes,Mailed check,35.7,890.5,No
6091-GXMJ,Male,0,No,No,46,Yes,No,Fiber optic,Yes,Yes,Yes,No,Yes,Yes,Month-to-month,No,Mailed check,118.75,5430.68,Yes
1829-JDPO,Male,0,No,No,13,Yes,Yes,Fiber optic,Yes,No,Yes,No,No,Yes,One year,Yes,Electronic check,118.75,1563.15,No
8988-KSUX,Male,0,No,Yes,2,Yes,No,DSL,No,Yes,No,Yes,No,Yes,Month-to-month,Yes,Bank transfer (automatic),86.68,179.31,Yes
7690-OPNE,Female,0,Yes,No,68,Yes,Yes,Fiber optic,Yes,Yes,No,No,No,Yes,Month-to-month,Yes,Electronic check,112.91,7706.27,Yes
1176-RSAY,Male,0,No,No,13,Yes,Yes,No,No internet service,No internet service,No internet service,No internet service,No internet service,No internet service,Month-to-month,Yes,Bank transfer (automatic),46.07,657.05,No
4752-UNTU,Male,0,Yes,No,7,Yes,Yes,DSL,Yes,Yes,No,No,No,No,Month-to-month,Yes,Credit card (automatic),85.1,593.75,Yes
5755-UWKX,Male,0,No,No,14,Yes,No,DSL,No,Yes,No,Yes,No,No,Two year,Yes,Bank transfer (automatic),74.54,1032.52,No
4521-TXWY,Female,0,No,Yes,44,Yes,No,Fiber optic,No,No,Yes,Yes,Yes,Yes,Month-to-month,No,Mailed check,111.87,4943.33,Yes
1506-XOLN,Male,0,Yes,No,44,Yes,No,DSL,No,No,No,No,No,Yes,One year,Yes,Bank transfer (automatic),67.62,2979.27,No
7750-KUIT,Male,0,Yes,No,2,Yes,Yes,Fiber optic,No,No,Yes,No,Yes,No,Month-to-month,Yes,Bank transfer (automatic),106.78,206.65,Yes
9519-LCUO,Male,0,Yes,Yes,10,Yes,No,DSL,No,No,No,No,No,No,Two year,No,Mailed check,60.04,613.14,No
6950-ZGQL,Female,0,No,No,8,Yes,Yes,No,No internet service,No internet service,No internet service,No internet service,No internet service,No internet service,Two year,Yes,Credit card (automatic),41.61,324.24,No
1755-RROW,Female,0,Yes,Yes,3,Yes,No,Fiber optic,No,Yes,No,Yes,Yes,Yes,Two year,No,Credit card (automatic),116.16,357.44,No
5923-CSOP,Male,0,No,No,49,Yes,No,DSL,No,Yes,No,Yes,No,Yes,Month-to-month,Yes,Electronic check,85.18,4190.88,No
1629-QAKF,Male,0,No,No,5,Yes,No,DSL,No,No,Yes,Yes,No,No,Month-to-month,No,Credit card (automatic),78.89,383.95,No
6555-PZFL,Female,0,No,No,43,Yes,No,DSL,Yes,No,No,No,No,No,One year,No,Mailed check,65.79,2803.08,No
6498-DINN,Female,1,No,No,4,Yes,Yes,Fiber optic,Yes,No,No,No,Yes,Yes,Month-to-month,Yes,Electronic check,118.75,462.68,Yes
1676-WSBM,Female,0,Yes,No,56,No,No phone service,DSL,No,Yes,Yes,No,Yes,No,Month-to-month,Yes,Electronic check,70.94,3957.04,No
1607-KBAU,Male,0,No,No,48,Yes,No,Fiber optic,Yes,No,No,No,No,No,One year,Yes,Credit card (automatic),88.69,4250.34,No
8356-CLGA,Female,0,Yes,No,68,Yes,No,No,No internet service,No internet service,No internet service,No internet service,No internet service,No internet service,Month-to-month,No,Credit card (automatic),36.81,2477.84,No
6149-RXZT,Female,0,Yes,No,27,Yes,Yes,No,No internet service,No internet service,No internet service,No internet service,No internet service,No internet service,Two year,No,Credit card (automatic),45.83,1242.31,No
3021-IWHW,Female,0,Yes,No,38,Yes,No,Fiber optic,No,No,No,No,Yes,No,Month-to-month,No,Bank transfer (automatic),87.67,3366.86,Yes
3048-NRSS,Female,0,No,No,33,Yes,Yes,Fiber optic,No,No,No,No,No,Yes,Two year,Yes,Electronic check,95.25,3154.88,No
1893-JTUF,Male,0,Yes,No,61,Yes,No,Fiber optic,Yes,No,No,No,Yes,No,Month-to-month,No,Mailed check,95.06,5797.35,No
7087-VJIE,Female,0,No,No,11,Yes,No,DSL,No,No,No,No,Yes,No,One year,Yes,Electronic check,71.34,812.32,No
1483-FFMD,Male,0,Yes,Yes,68,No,No phone service,Fiber optic,Yes,No,No,No,No,No,Month-to-month,Yes,Bank transfer (automatic),75.73,5150.56,No
7101-HEBI,Female,0,No,No,53,Yes,No,No,No internet service,No internet service,No internet service,No internet service,No internet service,No internet service,Month-to-month,Yes,Credit card (automatic),36.75,1967.56,No
1778-TTKG,Male,0,No,No,72,Yes,Yes,No,No internet service,No internet service,No internet service,No internet service,No internet service,No internet service,Month-to-month,Yes,Electronic check,40.08,2882.91,No
7713-NZFD,Male,0,No,No,36,Yes,Yes,Fiber optic,No,No,Yes,Yes,No,Yes,Month-to-month,Yes,Electronic check,118.75,4304.18,Yes
7373-CWFC,Male,1,No,No,32,Yes,Yes,DSL,Yes,Yes,Yes,Yes,Yes,No,Month-to-month,No,Bank transfer (automatic),114.61,3677.36,No
2600-ZUZR,Male,0,No,No,48,Yes,No,Fiber optic,Yes,Yes,Yes,No,Yes,No,Month-to-month,Yes,Electronic check,114.82,5520.52,Yes
1351-WDFQ,Female,0,Yes,No,0,Yes,Yes,Fiber optic,No,Yes,Yes,No,No,No,Month-to-month,Yes,Mailed check,107.7, ,Yes
4166-FBLL,Male,0,Yes,Yes,46,Yes,No,Fiber optic,No,Yes,No,No,No,No,Month-to-month,No,Credit card (automatic),86.87,4024.88,Yes
4866-DPTJ,Male,0,No,No,36,Yes,Yes,Fiber optic,No,No,Yes,No,Yes,No,Month-to-month,Yes,Mailed check,106.75,3835.15,Yes
5888-JGNG,Male,0,Yes,No,8,Yes,No,DSL,Yes,No,Yes,No,No,No,Month-to-month,Yes,Electronic check,80.97,631.19,Yes
4210-QKUC,Male,0,Yes,No,17,Yes,Yes,DSL,No,No,No,Yes,Yes,No,Month-to-month,Yes,Bank transfer (automatic),93.29,1593.57,No
9447-SVDH,Male,0,Yes,Yes,43,Yes,No,DSL,Yes,No,Yes,No,Yes,No,Two year,Yes,Credit card (automatic),84.27,3626.34,No
8383-NPOL,Female,0,No,No,69,Yes,No,No,No internet service,No internet service,No internet service,No internet service,No internet service,No internet service,Month-to-month,No,Credit card (automatic),31.59,2195.05,No
2042-ELEJ,Male,1,Yes,No,62,Yes,No,Fiber optic,No,No,No,No,No,No,Month-to-month,Yes,Credit card (automatic),78.28,4835.33,No
4088-OHHH,Male,1,Yes,Yes,2,Yes,No,DSL,No,No,No,No,Yes,No,Month-to-month,No,Electronic check,67.07,173.75,Yes
4081-TMPI,Male,0,Yes,Yes,17,Yes,No,Fiber optic,No,Yes,No,No,No,No,Month-to-month,Yes,Credit card (automatic),86.14,1500.53,Yes
2167-JCWV,Male,0,No,Yes,36,Yes,No,Fiber optic,Yes,Yes,No,Yes,No,Yes,Two year,Yes,Credit card (automatic),115.55,4165.3,No
5472-NMDD,Male,0,No,No,19,No,No phone service,Fiber optic,No,No,Yes,Yes,No,No,Month-to-month,Yes,Electronic check,78.0,1506.41,Yes
5069-XSKH,Female,0,No,Yes,35,No,No phone service,No,No internet service,No internet service,No internet service,No internet service,No internet service,No internet service,Month-to-month,No,Electronic check,20.07,695.44,No
5397-HNWG,Female,1,Yes,Yes,3,No,No phone service,DSL,No,No,Yes,No,No,No,Month-to-month,No,Credit card (automatic),49.53,152.68,Yes
8412-RLNO,Female,0,No,No,16,Yes,No,No,No internet service,No internet service,No internet service,No internet service,No internet service,No internet service,One year,Yes,Electronic check,33.76,546.38,No
7332-LJLH,Male,0,Yes,No,56,Yes,No,No,No internet service,No internet service,No internet service,No internet service,No internet service,No internet service,Two year,No,Bank transfer (automatic),28.28,1586.19,No
2946-FXSA,Male,0,No,Yes,48,No,No phone service,Fiber optic,Yes,No,No,No,No,No,Two year,Yes,Electronic check,69.89,3345.0,No
3421-PRLY,Female,0,No,Yes,52,Yes,No,No,No internet service,No internet service,No internet service,No internet service,No internet service,No internet service,Two year,No,Mailed check,36.77,1899.46,No
2844-MZHF,Male,0,No,No,9,Yes,No,DSL,No,No,No,No,Yes,No,Month-to-month,Yes,Bank transfer (automatic),70.08,611.79,Yes
2666-YZTZ,Female,1,No,Yes,28,Yes,Yes,DSL,No,No,Yes,No,No,Yes,Month-to-month,No,Electronic check,86.22,2423.17,Yes
4075-LMBS,Male,0,No,Yes,8,No,No phone service,Fiber optic,No,No,No,No,No,Yes,Month-to-month,No,Electronic check,73.75,586.91,Yes
9978-HHPZ,Male,0,No,No,20,Yes,Yes,No,No internet service,No internet service,No internet service,No internet service,No internet service,No internet service,Month-to-month,Yes,Electronic check,45.07,902.24,No
2898-RDXA,Male,0,Yes,No,0,Yes,No,DSL,Yes,No,Yes,No,Yes,Yes,Month-to-month,No,Credit card (automatic),92.14, ,Yes
4949-DKRP,Female,0,Yes,No,35,Yes,Yes,Fiber optic,Yes,No,Yes,Yes,Yes,Yes,One year,Yes,Electronic check,118.75,4184.41,No
1016-XBDC,Female,0,No,No,5,Yes,No,No,No internet service,No internet service,No internet service,No internet service,No internet service,No internet service,Two year,Yes,Credit card (automatic),36.5,171.05,No
4022-BXSI,Female,0,No,No,17,Yes,No,DSL,Yes,Yes,Yes,Yes,No,No,One year,No,Bank transfer (automatic),96.65,1626.2,No
4977-UYSE,Female,1,Yes,No,71,Yes,No,DSL,Yes,Yes,No,Yes,No,No,One year,Yes,Bank transfer (automatic),88.38,6250.12,No
7413-JPFY,Female,0,No,No,10,Yes,No,Fiber optic,No,No,Yes,No,No,No,Month-to-month,Yes,Bank transfer (automatic),81.73,823.52,Yes
5673-RUUU,Female,1,Yes,No,68,Yes,Yes,Fiber optic,No,No,Yes,Yes,No,Yes,Two year,Yes,Credit card (automatic),115.03,7808.3,No
3003-HEQP,Male,0,Yes,No,20,Yes,No,DSL,No,No,No,Yes,No,No,Two year,Yes,Electronic check,66.91,1316.83,No
7489-EQDA,Female,1,Yes,No,8,Yes,No,No,No internet service,No internet service,No internet service,No internet service,No internet service,No internet service,Two year,No,Credit card (automatic),40.94,317.7,No
2605-AXDB,Female,0,No,Yes,1,Yes,Yes,Fiber optic,No,Yes,No,No,Yes,Yes,Two year,No,Mailed check,118.75,119.26,No
3124-NQKC,Female,0,No,Yes,3,Yes,Yes,Fiber optic,Yes,Yes,Yes,No,Yes,No,Month-to-month,Yes,Mailed check,118.75,353.95,Yes
2446-JKJH,Female,1,No,No,11,Yes,No,No,No internet service,No internet service,No internet service,No internet service,No internet service,No internet service,Month-to-month,Yes,Electronic check,31.69,385.53,Yes
3372-WBOP,Male,0,No,No,38,No,No phone service,Fiber optic,No,No,Yes,No,No,Yes,Month-to-month,Yes,Electronic check,82.11,3117.35,Yes
3883-VPLN,Female,1,No,Yes,59,Yes,Yes,Fiber optic,No,Yes,No,Yes,No,Yes,Two year,No,Electronic check,116.68,6833.05,No
1587-UPPV,Female,0,No,No,33,Yes,No,Fiber optic,No,No,No,Yes,No,No,Two year,Yes,Bank transfer (automatic),88.69,2932.4,No
5353-WXNK,Female,1,Yes,Yes,58,Yes,No,Fiber optic,No,Yes,Yes,Yes,Yes,Yes,One year,No,Credit card (automatic),118.75,6890.12,No
9757-GLQI,Female,0,No,Yes,71,Yes,Yes,DSL,No,No,No,Yes,Yes,No,Month-to-month,Yes,Credit card (automatic),88.6,6310.67,No
3373-LTJI,Male,0,Yes,Yes,5,Yes,No,DSL,No,No,No,No,No,Yes,Month-to-month,No,Mailed check,64.77,330.44,Yes
6643-ABSA,Male,0,No,No,31,Yes,Yes,No,No internet service,No internet service,No internet service,No internet service,No internet service,No internet service,Two year,No,Mailed check,45.29,1409.32,No
3367-PPRR,Male,0,No,Yes,27,Yes,Yes,Fiber optic,No,Yes,No,No,No,No,Month-to-month,Yes,Mailed check,96.29,2558.36,Yes
4097-MVLI,Female,1,No,No,40,Yes,No,DSL,Yes,Yes,Yes,No,Yes,No,One year,Yes,Bank transfer (automatic),95.6,3828.89,No
8165-EIMP,Female,0,Yes,Yes,71,Yes,Yes,Fiber optic,Yes,No,Yes,No,Yes,No,Two year,Yes,Bank transfer (automatic),116.07,8231.21,No
4387-JPNY,Female,1,No,Yes,26,Yes,No,DSL,Yes,No,Yes,Yes,Yes,Yes,One year,Yes,Electronic check,101.69,2630.77,No
1641-YSKS,Male,0,Yes,No,52,No,No phone service,No,No internet service,No internet service,No internet service,No internet service,No internet service,No internet service,Two year,Yes,Electronic check,21.33,1115.77,No
6243-KNOY,Male,1,Yes,No,10,Yes,Yes,DSL,No,Yes,Yes,Yes,Yes,Yes,One year,No,Electronic check,114.05,1130.63,No
6950-GOXW,Female,0,No,No,21,Yes,No,DSL,Yes,Yes,No,No,Yes,Yes,One year,No,Bank transfer (automatic),98.7,2087.4,No
3200-HDRN,Female,0,Yes,Yes,4,Yes,Yes,Fiber optic,No,Yes,No,No,Yes,Yes,One year,Yes,Mailed check,118.75,467.91,No
2946-URDB,Female,0,No,Yes,33,Yes,No,No,No internet service,No internet service,No internet service,No internet service,No internet service,No internet service,Month-to-month,No,Electronic check,34.67,1163.61,No
9160-OLXR,Male,1,Yes,No,61,Yes,Yes,Fiber optic,Yes,No,Yes,No,No,No,Two year,Yes,Credit card (automatic),104.12,6376.18,No
2405-EKXU,Female,0,No,Yes,30,Yes,Yes,No,No internet service,No internet service,No internet service,No internet service,No internet service,No internet service,Two year,Yes,Electronic check,43.12,1298.02,No
7034-VAQH,Male,0,No,No,46,Yes,Yes,Fiber optic,No,Yes,Yes,Yes,No,No,Two year,No,Electronic check,118.37,5443.41,No
2177-ZKSX,Male,0,Yes,No,36,Yes,No,Fiber optic,Yes,No,No,Yes,No,Yes,Month-to-month,Yes,Electronic check,107.07,3897.9,Yes
5714-OHNA,Male,0,Yes,No,25,Yes,Yes,Fiber optic,Yes,No,Yes,Yes,Yes,Yes,Two year,Yes,Mailed check,118.75,2983.84,No
4561-GRLB,Male,1,No,No,42,Yes,No,Fiber optic,Yes,Yes,No,No,Yes,No,Month-to-month,Yes,Mailed check,104.61,4431.37,Yes
5444-UGTL,Female,0,No,No,60,No,No phone service,DSL,No,Yes,No,Yes,No,Yes,One year,Yes,Bank transfer (automatic),69.98,4194.02,No
8224-NJIW,Male,0,Yes,Yes,37,Yes,Yes,Fiber optic,No,No,No,Yes,No,Yes,Month-to-month,Yes,Credit card (automatic),104.23,3871.57,Yes
4101-OZTX,Female,1,Yes,No,31,No,No phone service,No,No internet service,No internet service,No internet service,No internet service,No internet service,No internet service,Month-to-month,No,Electronic check,20.53,644.67,No
2938-SLWL,Male,0,No,No,68,Yes,No,Fiber optic,Yes,No,No,Yes,No,No,Two year,Yes,Mailed check,94.02,6413.69,No
6372-TDAP,Female,0,Yes,Yes,61,Yes,No,DSL,No,Yes,Yes,Yes,No,Yes,Two year,No,Credit card (automatic),93.61,5695.85,No
1704-MCLW,Male,0,Yes,No,24,Yes,No,DSL,Yes,No,No,Yes,Yes,No,Month-to-month,No,Electronic check,89.5,2185.03,No
1552-DBVV,Male,1,No,No,32,Yes,Yes,Fiber optic,No,No,No,Yes,Yes,No,Month-to-month,No,Bank transfer (automatic),109.3,3499.79,Yes
1552-TXMN,Male,0,No,No,63,Yes,Yes,DSL,No,Yes,Yes,No,No,Yes,Month-to-month,No,Credit card (automatic),98.32,6191.74,No
1860-CRIO,Female,0,No,Yes,70,Yes,No,DSL,No,Yes,Yes,No,No,No,Month-to-month,Yes,Electronic check,73.79,5158.63,No
1629-XJYQ,Male,0,No,No,15,Yes,No,Fiber optic,Yes,No,No,No,No,Yes,Month-to-month,No,Mailed check,102.03,1541.55,Yes
2760-KEIG,Male,0,No,No,48,Yes,No,Fiber optic,Yes,No,No,Yes,No,No,Month-to-month,Yes,Electronic check,93.42,4473.62,Yes
4398-BSTR,Male,0,No,No,14,Yes,Yes,Fiber optic,Yes,No,No,No,No,Yes,One year,Yes,Credit card (automatic),106.86,1491.94,No
4561-YEPW,Male,0,Yes,No,19,Yes,No,DSL,Yes,Yes,No,No,Yes,No,Month-to-month,Yes,Electronic check,86.68,1623.51,Yes
2508-OVPD,Female,0,Yes,Yes,21,Yes,Yes,Fiber optic,Yes,No,No,No,No,No,Month-to-month,Yes,Electronic check,98.11,2061.49,Yes
4447-QQUP,Female,0,Yes,Yes,9,Yes,No,Fiber optic,No,No,No,Yes,No,No,Month-to-month,Yes,Electronic check,94.54,843.73,Yes
6081-IBKO,Female,1,Yes,No,71,Yes,Yes,Fiber optic,No,No,No,No,Yes,Yes,One year,Yes,Bank transfer (automatic),116.16,8238.7,No
6335-PUSV,Female,0,No,No,54,Yes,No,No,No internet service,No internet service,No internet service,No internet service,No internet service,No internet service,Month-to-month,No,Credit card (automatic),31.0,1660.83,No
3175-FNEE,Male,0,No,Yes,27,Yes,No,DSL,Yes,No,No,Yes,No,Yes,Two year,Yes,Bank transfer (automatic),84.02,2277.4,No
9533-RSBQ,Male,0,No,No,8,Yes,No,No,No internet service,No internet service,No internet service,No internet service,No internet service,No internet service,One year,No,Electronic check,34.81,280.97,No
9187-AIMD,Male,0,No,No,30,Yes,Yes,Fiber optic,No,No,No,Yes,No,No,Month-to-month,Yes,Electronic check,99.21,2994.53,Yes
1356-ZWRJ,Female,0,No,No,56,Yes,Yes,Fiber optic,No,No,No,No,Yes,No,Month-to-month,No,Electronic check,98.67,5547.3,Yes
3904-DZZM,Male,1,No,No,30,Yes,No,Fiber optic,Yes,No,No,No,No,No,Two year,Yes,Electronic check,85.53,2590.98,No
3380-QHDW,Female,1,Yes,No,42,Yes,No,Fiber optic,No,No,No,Yes,No,Yes,Month-to-month,Yes,Bank transfer (automatic),97.5,4093.0,Yes
1930-KLIO,Female,0,No,Yes,8,Yes,Yes,DSL,Yes,Yes,No,No,Yes,Yes,Month-to-month,Yes,Mailed check,101.18,827.13,Yes
2444-ESKI,Female,0,No,No,41,Yes,Yes,DSL,Yes,No,Yes,Yes,Yes,Yes,Two year,Yes,Electronic check,110.74,4559.68,No
2521-MYLI,Male,0,Yes,No,49,Yes,No,DSL,Yes,No,No,Yes,Yes,Yes,One year,No,Mailed check,92.34,4540.33,No
9283-MTTM,Male,0,Yes,No,36,Yes,Yes,No,No internet service,No internet service,No internet service,No internet service,No internet service,No internet service,Month-to-month,No,Mailed check,45.57,1659.06,No
5762-ZVIX,Male,0,Yes,No,70,Yes,No,No,No internet service,No internet service,No internet service,No internet service,No internet service,No internet service,Month-to-month,Yes,Electronic check,32.58,2292.56,No
2641-SFGO,Female,0,No,No,71,No,No phone service,DSL,No,Yes,No,No,No,Yes,Month-to-month,No,Electronic check,60.31,4276.39,No
7910-VSNP,Male,0,Yes,No,16,Yes,No,Fiber optic,No,Yes,No,Yes,Yes,No,Month-to-month,No,Credit card (automatic),103.85,1651.51,Yes
4757-YTBI,Male,1,No,No,47,No,No phone service,No,No internet service,No internet service,No internet service,No internet service,No internet service,No internet service,Two year,Yes,Bank transfer (automatic),19.47,930.67,No
9228-NORQ,Female,0,Yes,No,1,Yes,No,No,No internet service,No internet service,No internet service,No internet service,No internet service,No internet service,Two year,No,Electronic check,31.78,57.18,No
4346-WYIP,Male,0,Yes,No,41,Yes,Yes,Fiber optic,Yes,Yes,No,No,Yes,Yes,Month-to-month,Yes,Electronic check,118.75,4862.07,Yes
2560-CVEG,Male,1,No,No,62,Yes,Yes,Fiber optic,No,No,Yes,Yes,Yes,Yes,Month-to-month,No,Bank transfer (automatic),118.75,7345.06,No
7720-VUDZ,Female,0,No,No,10,Yes,No,Fiber optic,Yes,Yes,No,Yes,No,Yes,Month-to-month,No,Electronic check,115.87,1183.0,Yes
4183-NADJ,Female,0,Yes,No,55,Yes,No,DSL,No,No,Yes,No,No,No,Month-to-month,No,Bank transfer (automatic),67.66,3734.71,No
5298-GDAZ,Male,0,No,Yes,72,No,No phone service,Fiber optic,No,Yes,No,Yes,No,Yes,Month-to-month,Yes,Mailed check,93.32,6739.19,No
1026-JEGY,Female,0,Yes,No,44,No,No phone service,DSL,Yes,Yes,No,No,Yes,No,Month-to-month,Yes,Electronic check,62.26,2752.53,Yes
1071-BIDL,Male,0,No,Yes,44,Yes,No,Fiber optic,Yes,Yes,No,Yes,Yes,Yes,Month-to-month,No,Electronic check,118.75,5233.01,Yes
7238-KELU,Male,0,No,No,28,Yes,No,DSL,No,No,No,Yes,No,Yes,Two year,Yes,Electronic check,76.67,2164.34,No
3924-VARD,Female,0,Yes,No,33,Yes,No,Fiber optic,Yes,No,Yes,No,Yes,No,Two year,No,Electronic check,109.87,3608.85,No
8907-HYTF,Female,0,No,No,68,Yes,No,No,No internet service,No internet service,No internet service,No internet service,No internet service,No internet service,Month-to-month,Yes,Credit card (automatic),35.44,2371.06,No
7883-DKIN,Female,0,Yes,Yes,19,Yes,No,Fiber optic,No,Yes,Yes,No,No,Yes,One year,No,Electronic check,101.66,1933.59,No
3988-YCWG,Female,0,Yes,No,71,No,No phone service,Fiber optic,No,No,No,No,Yes,Yes,Month-to-month,Yes,Credit card (automatic),80.68,5730.59,No
9000-KBEX,Male,0,Yes,No,69,Yes,Yes,Fiber optic,Yes,No,No,No,Yes,No,Month-to-month,No,Mailed check,110.28,7622.17,No
3901-NMPW,Female,0,Yes,Yes,17,Yes,No,Fiber optic,No,Yes,No,Yes,No,No,One year,No,Credit card (automatic),97.61,1666.32,No
5834-FICM,Female,0,No,No,71,Yes,No,Fiber optic,No,No,Yes,No,No,No,One year,Yes,Mailed check,86.87,6121.23,No
9012-VGEZ,Female,0,No,Yes,59,Yes,No,DSL,No,Yes,No,No,No,No,One year,No,Electronic check,61.81,3664.49,No
9604-HHVG,Female,0,No,Yes,54,Yes,Yes,No,No internet service,No internet service,No internet service,No internet service,No internet service,No internet service,Month-to-month,No,Mailed check,47.35,2536.19,No
2382-WDJM,Male,0,Yes,No,51,Yes,No,DSL,No,No,No,No,No,No,Month-to-month,No,Credit card (automatic),61.63,3150.08,No
3243-SJGE,Female,0,No,No,24,Yes,No,No,No internet service,No internet service,No internet service,No internet service,No internet service,No internet service,Month-to-month,No,Electronic check,36.34,858.12,No
7299-VVBK,Female,1,Yes,No,65,Yes,No,Fiber optic,No,Yes,No,Yes,No,Yes,Month-to-month,Yes,Mailed check,100.9,6540.17,No
3601-WMGJ,Male,0,No,No,27,Yes,Yes,Fiber optic,No,No,Yes,No,Yes,Yes,Month-to-month,No,Credit card (automatic),118.75,3161.98,Yes
2475-VTPT,Female,0,No,Yes,19,Yes,No,DSL,No,No,No,Yes,Yes,No,Month-to-month,No,Credit card (automatic),78.27,1486.24,No
9453-IMGR,Male,0,Yes,No,69,No,No phone service,Fiber optic,No,No,Yes,Yes,Yes,No,Month-to-month,Yes,Electronic check,91.57,6332.15,No
1637-EVMX,Male,0,No,Yes,36,Yes,Yes,DSL,No,No,Yes,Yes,Yes,No,Month-to-month,No,Electronic check,94.12,3392.39,No
2223-OSIF,Male,0,No,Yes,15,Yes,No,No,No internet service,No internet service,No internet service,No internet service,No internet service,No internet service,Month-to-month,Yes,Mailed check,38.33,563.61,No
6142-YNWJ,Male,1,No,No,34,Yes,No,DSL,Yes,No,No,Yes,Yes,No,Month-to-month,No,Credit card (automatic),83.78,2819.41,No
4952-MQSM,Female,0,No,No,54,Yes,No,DSL,No,Yes,No,No,Yes,Yes,Two year,No,Electronic check,89.36,4836.61,No
9104-AAEH,Male,1,No,No,64,Yes,No,DSL,No,No,Yes,No,No,Yes,Two year,No,Electronic check,75.5,4806.71,No
3798-TDYI,Female,0,No,Yes,13,Yes,Yes,Fiber optic,Yes,No,No,No,No,No,Month-to-month,Yes,Mailed check,96.13,1209.7,Yes
2493-XZTJ,Male,0,No,No,23,Yes,Yes,Fiber optic,No,Yes,Yes,No,No,No,One year,No,Electronic check,106.57,2485.51,No
2847-OCBV,Male,0,Yes,No,37,Yes,Yes,DSL,No,Yes,No,Yes,No,No,Month-to-month,No,Electronic check,79.14,2930.47,No
2316-XAKL,Female,0,No,Yes,8,Yes,Yes,No,No internet service,No internet service,No internet service,No internet service,No internet service,No internet service,Month-to-month,No,Credit card (automatic),51.3,429.52,No
4778-WPZN,Female,0,Yes,Yes,58,Yes,Yes,Fiber optic,No,No,No,Yes,No,Yes,Two year,No,Electronic check,108.71,6285.13,No
4723-TZPU,Male,0,No,No,50,Yes,Yes,Fiber optic,No,No,No,Yes,Yes,No,Month-to-month,Yes,Electronic check,110.84,5528.8,No
5604-IDHJ,Female,0,No,No,50,Yes,Yes,DSL,Yes,Yes,No,No,No,No,Two year,Yes,Electronic check,78.75,3966.35,No
6774-WRNE,Male,0,No,Yes,18,Yes,Yes,DSL,No,No,Yes,No,No,No,Month-to-month,Yes,Mailed check,74.62,1336.66,No
4176-MYSK,Female,0,No,Yes,61,No,No phone service,DSL,Yes,No,No,Yes,No,No,Month-to-month,No,Credit card (automatic),56.82,3521.48,No
3146-BWVO,Male,0,No,No,9,Yes,No,DSL,Yes,No,Yes,No,Yes,Yes,Month-to-month,Yes,Electronic check,99.49,897.46,Yes
4812-GDEY,Female,0,Yes,No,37,Yes,No,No,No internet service,No internet service,No internet service,No internet service,No internet service,No internet service,Two year,No,Credit card (automatic),32.5,1215.75,No
6978-PYDF,Female,1,No,Yes,2,Yes,No,Fiber optic,Yes,No,No,No,No,No,Month-to-month,No,Credit card (automatic),89.83,182.95,Yes
1209-CYVX,Male,1,No,No,47,Yes,No,Fiber optic,Yes,No,Yes,Yes,No,Yes,Two year,Yes,Mailed check,114.38,5360.53,No
4962-EBWP,Male,0,No,No,40,Yes,No,DSL,No,Yes,Yes,No,Yes,No,Month-to-month,Yes,Credit card (automatic),85.73,3412.44,No
5794-ORFM,Male,0,Yes,Yes,16,Yes,No,Fiber optic,Yes,No,No,No,Yes,No,Two year,Yes,Mailed check,101.62,1603.97,No
9332-APDQ,Female,0,No,No,72,Yes,Yes,Fiber optic,No,No,Yes,Yes,Yes,Yes,Two year,No,Electronic check,118.75,8532.35,No
5177-PAFK,Female,0,Yes,Yes,68,Yes,No,DSL,No,No,Yes,Yes,Yes,No,Month-to-month,Yes,Credit card (automatic),85.98,5843.36,No
2797-QDNN,Male,0,Yes,No,14,Yes,No,DSL,Yes,Yes,No,No,Yes,No,Two year,Yes,Mailed check,84.2,1204.39,No
4283-HVBE,Female,0,Yes,Yes,55,Yes,No,Fiber optic,Yes,No,No,No,Yes,Yes,Month-to-month,Yes,Mailed check,105.72,5783.73,No
1713-TXUC,Male,1,Yes,No,14,Yes,No,DSL,Yes,No,No,Yes,Yes,Yes,Two year,No,Bank transfer (automatic),95.72,1353.96,No
4567-JODA,Female,0,Yes,No,4,Yes,No,Fiber optic,Yes,No,No,Yes,Yes,No,Two year,No,Electronic check,103.07,402.3,No
2806-JTVR,Female,0,No,No,43,Yes,No,No,No internet service,No internet service,No internet service,No internet service,No internet service,No internet service,Month-to-month,No,Electronic check,38.62,1690.31,No
9751-UIXS,Female,1,No,No,2,Yes,Yes,Fiber optic,Yes,No,Yes,Yes,Yes,No,One year,Yes,Electronic check,118.75,244.81,No
9240-JUUV,Male,0,Yes,Yes,46,Yes,No,Fiber optic,No,Yes,Yes,No,No,No,Month-to-month,No,Mailed check,98.38,4490.49,Yes
1328-BRLO,Female,0,No,No,29,Yes,Yes,No,No internet service,No internet service,No internet service,No internet service,No internet service,No internet service,One year,No,Mailed check,42.94,1257.99,No
6972-YTFR,Female,0,No,Yes,11,Yes,No,Fiber optic,No,No,Yes,Yes,Yes,Yes,Month-to-month,Yes,Credit card (automatic),114.98,1258.31,Yes
7141-MDLI,Female,0,Yes,No,14,Yes,No,DSL,No,No,Yes,No,Yes,Yes,Month-to-month,No,Bank transfer (automatic),91.5,1278.32,No
8582-BPAD,Female,0,Yes,Yes,37,Yes,No,DSL,No,No,No,Yes,No,No,Month-to-month,No,Bank transfer (automatic),69.44,2605.59,No
6934-TATO,Male,0,No,No,27,Yes,No,DSL,No,No,Yes,No,No,No,Month-to-month,No,Electronic check,67.83,1829.76,Yes
7242-MRMJ,Female,0,Yes,Yes,48,Yes,Yes,Fiber optic,Yes,No,No,Yes,No,No,Two year,Yes,Bank transfer (automatic),103.19,4918.63,No
7611-XGYH,Female,0,Yes,Yes,46,Yes,No,DSL,Yes,Yes,No,No,No,No,One year,No,Electronic check,77.45,3575.36,No
7176-RLRX,Female,1,No,No,11,Yes,No,Fiber optic,No,No,No,No,No,No,Month-to-month,Yes,Mailed check,77.07,837.73,Yes
8723-TIBN,Female,1,No,Yes,53,Yes,No,No,No internet service,No internet service,No internet service,No internet service,No internet service,No internet service,Month-to-month,Yes,Bank transfer (automatic),38.64,2050.57,No
1195-OQSF,Male,0,Yes,No,31,Yes,No,No,No internet service,No internet service,No internet service,No internet service,No internet service,No internet service,One year,Yes,Credit card (automatic),35.3,1090.45,No
9730-QOER,Female,0,No,Yes,0,Yes,No,Fiber optic,No,Yes,Yes,No,Yes,Yes,Two year,No,Credit card (automatic),118.75, ,No
6430-DUXB,Female,1,No,Yes,15,Yes,No,No,No internet service,No internet service,No internet service,No internet service,No internet service,No internet service,One year,No,Electronic check,31.72,489.32,No
9186-EZDE,Female,0,No,No,10,Yes,No,Fiber optic,Yes,No,No,No,Yes,No,Month-to-month,Yes,Mailed check,96.04,931.69,Yes
9370-MPLI,Female,0,Yes,Yes,54,Yes,Yes,DSL,No,Yes,Yes,Yes,Yes,No,Two year,Yes,Electronic check,104.59,5646.83,No
4383-PNVA,Male,0,No,Yes,35,Yes,Yes,No,No internet service,No internet service,No internet service,No internet service,No internet service,No internet service,Month-to-month,Yes,Mailed check,44.84,1585.25,No
6491-WZUD,Female,0,No,Yes,29,Yes,Yes,Fiber optic,Yes,Yes,Yes,Yes,Yes,No,One year,Yes,Electronic check,118.75,3451.8,No
1247-SNVL,Female,0,Yes,Yes,67,Yes,Yes,DSL,Yes,No,No,Yes,No,No,Month-to-month,Yes,Mailed check,84.36,5675.41,No
2565-DGQA,Male,0,No,Yes,55,Yes,No,Fiber optic,Yes,Yes,No,No,Yes,No,One year,Yes,Electronic check,111.54,6099.73,No
8534-LLFZ,Female,0,Yes,Yes,59,Yes,Yes,No,No internet service,No internet service,No internet service,No internet service,No internet service,No internet service,Month-to-month,No,Electronic check,41.74,2475.27,No
7234-MPNG,Male,1,Yes,Yes,16,Yes,No,No,No internet service,No internet service,No internet service,No internet service,No internet service,No internet service,Month-to-month,Yes,Electronic check,42.79,699.56,No
1671-YPWI,Female,1,No,No,32,Yes,Yes,Fiber optic,Yes,Yes,No,No,Yes,Yes,Two year,Yes,Mailed check,118.75,3813.64,No
8373-YXGL,Female,1,Yes,Yes,29,Yes,Yes,DSL,Yes,Yes,Yes,Yes,Yes,No,One year,No,Electronic check,112.95,3292.72,No
1066-NSKE,Female,1,Yes,No,12,Yes,No,DSL,No,No,No,No,No,No,Month-to-month,Yes,Electronic check,63.66,778.29,Yes
7070-MJGQ,Female,0,No,No,11,Yes,Yes,No,No internet service,No internet service,No internet service,No internet service,No internet service,No internet service,One year,Yes,Electronic check,46.86,517.67,No
2055-HQMK,Female,0,Yes,Yes,31,No,No phone service,Fiber optic,Yes,No,Yes,Yes,Yes,Yes,Two year,No,Electronic check,109.36,3419.09,No
4347-REFT,Female,0,No,Yes,33,Yes,Yes,Fiber optic,No,No,No,Yes,No,No,One year,No,Electronic check,95.89,3173.74,No
9685-LDGK,Female,0,Yes,Yes,11,Yes,Yes,DSL,No,Yes,Yes,Yes,Yes,No,Month-to-month,No,Electronic check,103.49,1116.42,Yes
2363-BDGA,Female,0,Yes,No,3,Yes,Yes,Fiber optic,Yes,No,Yes,No,No,Yes,One year,No,Mailed check,115.09,333.49,No
1142-TVXH,Female,0,Yes,No,25,Yes,Yes,Fiber optic,No,No,Yes,No,No,Yes,Month-to-month,No,Mailed check,109.07,2757.27,Yes
3264-ENRC,Female,1,No,No,63,Yes,No,Fiber optic,Yes,Yes,No,No,No,No,One year,Yes,Electronic check,95.32,5988.02,No
7977-YVPN,Female,0,Yes,No,29,Yes,Yes,DSL,Yes,No,No,No,Yes,Yes,Month-to-month,No,Credit card (automatic),95.86,2760.37,No
8050-QCWW,Female,0,Yes,Yes,33,Yes,No,Fiber optic,No,No,Yes,No,Yes,No,Month-to-month,Yes,Mailed check,95.56,3163.77,Yes
8004-OWEV,Male,0,No,No,32,Yes,Yes,Fiber optic,No,Yes,Yes,No,Yes,No,Month-to-month,Yes,Mailed check,113.54,3624.27,Yes
5866-FWNX,Female,0,No,No,30,Yes,Yes,No,No internet service,No internet service,No internet service,No internet service,No internet service,No internet service,Month-to-month,Yes,Electronic check,44.6,1323.5,No
9705-RFXE,Male,1,No,No,55,Yes,No,DSL,No,No,Yes,No,No,Yes,Month-to-month,No,Mailed check,82.0,4521.6,No
4757-QKAJ,Male,0,Yes,No,61,Yes,No,No,No internet service,No internet service,No internet service,No internet service,No internet service,No internet service,One year,No,Mailed check,29.74,1791.8,No
5953-AXRL,Female,0,No,Yes,30,Yes,Yes,DSL,No,Yes,Yes,No,No,No,Two year,Yes,Mailed check,82.54,2509.8,No
6632-AYAV,Male,1,No,No,23,Yes,Yes,Fiber optic,No,No,Yes,Yes,No,Yes,Month-to-month,No,Electronic check,112.3,2575.54,Yes
1971-GDUT,Female,0,No,No,68,Yes,No,DSL,No,No,No,No,No,No,Two year,No,Credit card (automatic),54.97,3727.61,No
7051-ZOAF,Female,0,No,No,50,Yes,No,No,No internet service,No internet service,No internet service,No internet service,No internet service,No internet service,Two year,No,Electronic check,33.77,1680.94,No
4417-NJGW,Male,0,No,No,64,Yes,Yes,Fiber optic,Yes,No,Yes,No,No,No,One year,Yes,Bank transfer (automatic),102.9,6594.76,No
5151-WVLX,Male,0,No,No,8,Yes,Yes,Fiber optic,Yes,Yes,Yes,Yes,Yes,No,One year,No,Electronic check,118.75,961.38,No
8506-ICDM,Male,0,Yes,No,7,Yes,No,Fiber optic,Yes,Yes,No,No,No,No,One year,Yes,Credit card (automatic),94.51,645.45,No
6673-NFHS,Female,1,No,No,35,Yes,No,Fiber optic,Yes,No,No,No,No,Yes,Month-to-month,Yes,Electronic check,97.21,3396.2,Yes
7044-JVEE,Male,1,No,Yes,68,Yes,Yes,DSL,No,No,No,No,No,No,One year,Yes,Electronic check,71.07,4801.46,No
6220-IWIO,Male,0,No,No,55,Yes,Yes,No,No internet service,No internet service,No internet service,No internet service,No internet service,No internet service,One year,Yes,Mailed check,50.48,2772.73,No
4080-NFVT,Male,0,No,No,45,Yes,No,Fiber optic,Yes,Yes,Yes,No,No,No,Month-to-month,No,Bank transfer (automatic),105.37,4757.53,Yes
6245-BEQJ,Female,1,No,No,9,Yes,Yes,Fiber optic,Yes,Yes,Yes,Yes,No,No,One year,Yes,Mailed check,118.75,1049.4,No
3513-AVBD,Female,0,No,No,10,Yes,Yes,DSL,No,Yes,No,No,No,No,Two year,No,Electronic check,82.42,833.41,No
4052-PEWJ,Male,1,Yes,No,7,Yes,Yes,Fiber optic,Yes,No,No,No,No,No,Month-to-month,No,Mailed check,99.38,684.65,Yes
1912-KEOD,Male,0,No,No,67,Yes,Yes,Fiber optic,No,Yes,Yes,Yes,No,No,Month-to-month,No,Electronic check,112.35,7494.15,No
6670-JWXD,Male,0,Yes,Yes,17,Yes,Yes,Fiber optic,Yes,No,Yes,Yes,No,Yes,Month-to-month,No,Electronic check,118.75,2036.82,Yes
7387-ZEEK,Male,0,No,No,2,Yes,No,DSL,No,No,No,No,Yes,Yes,Month-to-month,Yes,Electronic check,81.65,158.04,Yes
7463-SEUH,Male,0,No,No,14,Yes,No,Fiber optic,Yes,No,No,Yes,Yes,No,Month-to-month,Yes,Bank transfer (automatic),106.51,1473.75,Yes
5391-MERX,Male,0,No,No,59,Yes,No,No,No internet service,No internet service,No internet service,No internet service,No internet service,No internet service,Month-to-month,No,Mailed check,30.51,1803.59,No
6224-BPNQ,Male,0,Yes,Yes,71,Yes,No,No,No internet service,No internet service,No internet service,No internet service,No internet service,No internet service,One year,Yes,Credit card (automatic),33.02,2370.38,No
2989-CQMF,Female,0,Yes,No,54,Yes,No,DSL,No,No,No,No,No,No,One year,Yes,Bank transfer (automatic),65.83,3536.64,No
3407-YFPF,Male,0,No,No,69,Yes,Yes,DSL,No,No,No,Yes,Yes,No,Month-to-month,No,Mailed check,91.01,6283.84,No
4135-FUGK,Male,0,Yes,No,31,Yes,No,Fiber optic,No,No,No,Yes,No,No,Month-to-month,No,Credit card (automatic),85.49,2678.27,Yes
3728-PEOU,Female,0,Yes,Yes,5,Yes,Yes,Fiber optic,No,Yes,No,No,No,No,Month-to-month,Yes,Credit card (automatic),93.25,449.59,Yes
3873-DEGC,Male,0,No,Yes,15,Yes,No,Fiber optic,No,No,No,No,No,Yes,Month-to-month,Yes,Mailed check,93.13,1420.76,Yes
3467-YOBX,Female,1,Yes,No,65,Yes,Yes,DSL,No,Yes,No,Yes,No,No,One year,Yes,Credit card (automatic),86.4,5630.1,No
7840-EGVQ,Male,1,Yes,No,15,No,No phone service,Fiber optic,Yes,Yes,No,No,Yes,No,One year,Yes,Bank transfer (automatic),91.93,1372.32,No
8623-IJKA,Female,1,No,Yes,13,Yes,No,Fiber optic,No,Yes,No,No,No,Yes,Month-to-month,Yes,Mailed check,100.45,1293.16,Yes
1679-SLFJ,Male,0,No,No,61,Yes,No,No,No internet service,No internet service,No internet service,No internet service,No internet service,No internet service,Month-to-month,No,Bank transfer (automatic),40.23,2452.94,No
8927-EXGG,Male,0,No,No,17,Yes,Yes,Fiber optic,No,No,Yes,Yes,No,No,One year,Yes,Mailed check,112.11,1921.2,No
5789-VIOF,Female,0,No,No,7,Yes,Yes,DSL,No,Yes,No,No,No,Yes,One year,Yes,Electronic check,85.69,614.71,No
7694-OWBH,Female,0,No,No,4,Yes,Yes,DSL,Yes,No,No,No,No,Yes,Two year,No,Electronic check,85.1,343.23,No
5907-KFTM,Female,0,Yes,No,40,Yes,No,Fiber optic,Yes,No,Yes,Yes,No,Yes,Month-to-month,Yes,Bank transfer (automatic),114.01,4574.92,Yes
8655-QZMD,Male,1,No,Yes,58,Yes,No,No,No internet service,No internet service,No internet service,No internet service,No internet service,No internet service,One year,No,Mailed check,37.4,2166.65,No
3921-YVTP,Male,0,Yes,Yes,8,Yes,Yes,Fiber optic,No,Yes,No,Yes,No,Yes,One year,Yes,Electronic check,114.43,892.72,No
8696-HKYE,Male,0,Yes,No,41,Yes,Yes,No,No internet service,No internet service,No internet service,No internet service,No internet service,No internet service,Month-to-month,No,Bank transfer (automatic),42.36,1702.54,No
6047-HUPD,Male,0,Yes,No,17,Yes,Yes,DSL,Yes,No,No,No,Yes,No,One year,No,Electronic check,86.15,1438.8,No
7117-ZUHI,Male,0,No,No,45,Yes,Yes,Fiber optic,Yes,Yes,No,No,No,No,One year,No,Credit card (automatic),99.35,4456.01,No
2836-QIMI,Female,1,No,Yes,47,Yes,No,DSL,No,Yes,No,No,No,Yes,Two year,Yes,Electronic check,82.15,3814.81,No
8273-EGKX,Male,0,Yes,No,27,Yes,No,DSL,No,No,No,Yes,No,No,One year,Yes,Mailed check,69.16,1882.46,No
4400-YJKC,Female,0,Yes,No,36,Yes,Yes,No,No internet service,No internet service,No internet service,No internet service,No internet service,No internet service,Two year,Yes,Electronic check,42.41,1538.04,No
3204-HQGL,Female,0,No,No,19,Yes,No,Fiber optic,Yes,Yes,No,Yes,Yes,Yes,Two year,No,Mailed check,118.75,2277.7,No
8919-OUMR,Male,0,Yes,No,37,No,No phone service,DSL,No,Yes,No,No,Yes,No,Month-to-month,Yes,Mailed check,64.17,2360.53,No
6745-XENK,Male,0,No,Yes,40,No,No phone service,No,No internet service,No internet service,No internet service,No internet service,No internet service,No internet service,Two year,Yes,Mailed check,24.44,1008.55,No
8010-QWLC,Female,0,Yes,Yes,61,Yes,No,Fiber optic,Yes,No,Yes,No,No,Yes,Month-to-month,Yes,Bank transfer (automatic),108.8,6610.63,No
3550-BDRT,Male,0,Yes,No,19,Yes,No,Fiber optic,Yes,No,No,No,Yes,Yes,One year,Yes,Mailed check,111.66,2122.81,No
2997-HBZS,Female,0,Yes,No,22,Yes,Yes,DSL,No,No,No,No,No,No,Month-to-month,Yes,Bank transfer (automatic),71.01,1570.4,No
8209-EKIP,Male,1,Yes,No,49,Yes,Yes,No,No internet service,No internet service,No internet service,No internet service,No internet service,No internet service,Two year,Yes,Electronic check,41.24,1992.28,No
2497-EONI,Female,1,No,No,4,Yes,Yes,Fiber optic,No,No,No,No,No,Yes,One year,No,Mailed check,99.36,439.43,No
9025-EOID,Male,0,No,Yes,59,Yes,No,No,No internet service,No internet service,No internet service,No internet service,No internet service,No internet service,One year,Yes,Electronic check,33.74,1979.01,No
3804-UDTU,Male,0,No,No,72,Yes,No,No,No internet service,No internet service,No internet service,No internet service,No internet service,No internet service,One year,No,Mailed check,33.27,2401.96,No
7203-VGOV,Male,0,No,No,42,No,No phone service,DSL,Yes,No,Yes,Yes,No,No,Month-to-month,No,Mailed check,74.91,3156.44,No
4505-GSJM,Female,0,No,Yes,35,No,No phone service,Fiber optic,No,No,Yes,No,Yes,No,Month-to-month,No,Bank transfer (automatic),80.59,2830.15,Yes
8105-VTKE,Male,0,Yes,No,2,Yes,Yes,DSL,No,Yes,No,Yes,No,No,Month-to-month,Yes,Electronic check,86.36,174.96,Yes
4390-FCAC,Female,0,No,No,60,Yes,No,Fiber optic,Yes,Yes,No,No,Yes,No,Two year,Yes,Electronic check,102.02,6125.1,No
5546-VDGO,Male,1,No,No,53,Yes,Yes,Fiber optic,No,No,No,No,Yes,Yes,Month-to-month,Yes,Bank transfer (automatic),109.05,5806.19,No
1202-RLDX,Male,0,Yes,Yes,35,Yes,Yes,Fiber optic,No,No,No,No,No,No,Two year,Yes,Mailed check,87.79,3077.11,No
1178-ZROC,Female,0,Yes,No,44,Yes,Yes,Fiber optic,No,No,No,Yes,Yes,No,One year,Yes,Credit card (automatic),113.22,4972.97,No
4984-ABSI,Female,0,No,No,28,No,No phone service,DSL,No,No,Yes,Yes,Yes,No,Month-to-month,Yes,Electronic check,68.55,1898.21,No
3983-LOYW,Female,0,No,Yes,25,Yes,No,Fiber optic,No,Yes,No,No,No,No,One year,Yes,Bank transfer (automatic),89.04,2250.71,No
8988-PGTU,Male,0,Yes,No,7,Yes,No,DSL,Yes,No,Yes,No,No,No,Two year,No,Electronic check,76.64,562.85,No
8275-QKDS,Male,0,Yes,Yes,72,Yes,No,DSL,No,No,Yes,Yes,No,Yes,Month-to-month,Yes,Mailed check,83.16,5967.71,No
7561-XQXI,Male,0,Yes,No,21,Yes,No,DSL,No,No,No,No,No,Yes,Month-to-month,Yes,Electronic check,70.89,1503.15,Yes
9629-AJWO,Male,0,Yes,No,68,Yes,Yes,DSL,No,Yes,Yes,Yes,No,No,Two year,No,Mailed check,95.42,6517.95,No
9574-UOYW,Male,0,Yes,No,43,Yes,No,Fiber optic,No,No,No,Yes,Yes,No,Month-to-month,No,Bank transfer (automatic),96.34,4154.93,Yes
5340-BNDR,Male,0,Yes,Yes,40,Yes,No,DSL,No,No,Yes,Yes,Yes,No,One year,Yes,Electronic check,87.68,3497.23,No
3184-BBRQ,Male,0,Yes,Yes,35,Yes,Yes,DSL,No,Yes,No,Yes,No,Yes,Month-to-month,Yes,Credit card (automatic),99.07,3465.87,No
8751-BBEL,Female,1,No,No,29,Yes,No,DSL,No,No,No,No,No,Yes,Month-to-month,No,Electronic check,70.07,2036.09,Yes
2180-PNTB,Male,0,Yes,No,48,Yes,Yes,No,No internet service,No internet service,No internet service,No internet service,No internet service,No internet service,Two year,Yes,Bank transfer (automatic),44.04,2110.55,No
2832-TZYS,Female,0,Yes,No,16,Yes,No,No,No internet service,No internet service,No internet service,No internet service,No internet service,No internet service,Month-to-month,No,Electronic check,34.08,552.39,No
8137-PKHL,Male,0,Yes,Yes,29,Yes,No,Fiber optic,Yes,Yes,Yes,No,No,Yes,Two year,Yes,Electronic check,107.8,3119.94,No
4116-BMHO,Female,0,Yes,Yes,72,Yes,No,Fiber optic,Yes,Yes,Yes,No,No,No,Month-to-month,Yes,Electronic check,103.05,7394.33,Yes
5343-UIKV,Female,1,Yes,No,3,Yes,Yes,No,No internet service,No internet service,No internet service,No internet service,No internet service,No internet service,Month-to-month,Yes,Mailed check,44.29,154.8,No
2300-CGNO,Female,0,No,No,34,Yes,No,DSL,Yes,No,Yes,No,No,Yes,Two year,Yes,Credit card (automatic),84.31,2862.49,No
4656-TKGL,Male,0,Yes,Yes,16,No,No phone service,Fiber optic,Yes,No,No,Yes,No,Yes,Month-to-month,No,Mailed check,90.74,1441.4,Yes
5882-RMKA,Female,0,Yes,Yes,6,Yes,No,DSL,No,Yes,Yes,Yes,No,No,Month-to-month,Yes,Bank transfer (automatic),86.78,523.02,Yes
7373-UBMM,Female,0,No,Yes,61,Yes,No,Fiber optic,No,No,No,No,No,No,Month-to-month,Yes,Mailed check,77.35,4713.54,No
5072-SWAW,Female,0,No,Yes,57,Yes,No,No,No internet service,No internet service,No internet service,No internet service,No internet service,No internet service,Month-to-month,Yes,Bank transfer (automatic),37.4,2130.26,No
5472-HWZN,Female,0,Yes,Yes,43,Yes,Yes,No,No internet service,No internet service,No internet service,No internet service,No internet service,No internet service,One year,No,Electronic check,48.05,2070.56,No
9407-PDRN,Male,0,Yes,No,57,Yes,No,Fiber optic,Yes,No,No,No,Yes,No,Month-to-month,No,Credit card (automatic),97.73,5559.15,No
4994-IOCD,Male,1,No,No,52,Yes,No,No,No internet service,No internet service,No internet service,No internet service,No internet service,No internet service,One year,Yes,Credit card (automatic),31.3,1631.67,No
2517-OHJX,Male,0,No,Yes,71,Yes,Yes,DSL,No,No,No,No,No,Yes,Month-to-month,Yes,Bank transfer (automatic),76.2,5382.2,No
3379-UIHQ,Male,0,Yes,No,8,Yes,Yes,No,No internet service,No internet service,No internet service,No internet service,No internet service,No internet service,Month-to-month,Yes,Electronic check,42.96,328.59,Yes
6036-NEIY,Female,0,Yes,No,5,Yes,No,No,No internet service,No internet service,No internet service,No internet service,No internet service,No internet service,Month-to-month,Yes,Electronic check,30.05,145.82,Yes
6113-ZPSX,Male,0,No,No,18,Yes,No,Fiber optic,No,Yes,No,No,No,No,Month-to-month,Yes,Bank transfer (automatic),94.08,1688.73,Yes
3134-GLZB,Female,0,No,No,19,Yes,Yes,DSL,No,No,Yes,No,No,Yes,Two year,No,Electronic check,80.92,1551.68,No
8793-RPKB,Male,0,Yes,No,63,No,No phone service,No,No internet service,No internet service,No internet service,No internet service,No internet service,No internet service,Month-to-month,No,Electronic check,24.07,1513.49,No
6197-DGBU,Female,0,No,No,26,Yes,Yes,DSL,Yes,Yes,No,Yes,No,No,One year,Yes,Mailed check,97.62,2553.66,No
3157-GIHI,Female,0,Yes,No,6,Yes,Yes,DSL,Yes,Yes,Yes,Yes,No,Yes,One year,No,Credit card (automatic),108.15,650.54,No
9134-SQZW,Female,0,Yes,No,23,Yes,Yes,Fiber optic,No,No,No,Yes,No,No,Two year,Yes,Electronic check,99.41,2301.08,No
9172-KVRQ,Female,0,No,Yes,7,Yes,No,DSL,No,No,No,Yes,Yes,No,Month-to-month,Yes,Bank transfer (automatic),80.31,513.59,Yes
1923-PJDD,Male,0,No,No,66,Yes,Yes,Fiber optic,Yes,Yes,Yes,No,No,No,Month-to-month,Yes,Electronic check,106.39,7029.24,Yes
3424-HIPJ,Male,1,Yes,No,10,Yes,No,Fiber optic,No,No,No,Yes,No,No,One year,Yes,Mailed check,85.81,865.26,No
3376-MFDN,Female,0,No,Yes,65,Yes,Yes,DSL,No,Yes,Yes,Yes,Yes,Yes,Month-to-month,Yes,Electronic check,114.22,7443.68,No
4547-KBZC,Female,0,Yes,No,0,Yes,No,Fiber optic,No,No,Yes,No,Yes,No,One year,Yes,Credit card (automatic),95.96, ,No
7630-KLKS,Male,1,Yes,No,6,Yes,Yes,DSL,No,Yes,No,No,Yes,No,Month-to-month,No,Credit card (automatic),88.22,563.82,Yes
7723-NLBH,Male,0,No,Yes,23,Yes,Yes,DSL,No,Yes,Yes,No,Yes,No,Month-to-month,Yes,Electronic check,96.22,2201.83,Yes
9468-UAEV,Male,0,Yes,No,11,Yes,No,Fiber optic,Yes,Yes,Yes,No,Yes,No,Two year,Yes,Credit card (automatic),111.44,1266.64,No
4402-MBSP,Female,0,No,No,62,Yes,No,Fiber optic,No,Yes,No,Yes,Yes,Yes,Month-to-month,No,Electronic check,117.39,7256.58,No
1164-NSEU,Female,0,Yes,No,71,Yes,Yes,Fiber optic,Yes,No,Yes,No,Yes,Yes,Two year,No,Credit card (automatic),118.75,8432.42,No
3775-ZIXL,Female,0,Yes,Yes,12,Yes,No,No,No internet service,No internet service,No internet service,No internet service,No internet service,No internet service,One year,No,Credit card (automatic),37.76,466.43,No
7226-OQOC,Female,0,No,No,69,Yes,Yes,No,No internet service,No internet service,No internet service,No internet service,No internet service,No internet service,Two year,Yes,Electronic check,45.84,3164.38,No
8820-IMPS,Male,0,Yes,No,23,No,No phone service,Fiber optic,Yes,No,No,Yes,Yes,Yes,One year,Yes,Electronic check,108.71,2497.98,No
8885-HVSY,Female,0,Yes,Yes,37,Yes,Yes,Fiber optic,No,No,No,No,No,No,Two year,Yes,Mailed check,86.98,3244.3,No
2015-CWUR,Male,0,No,No,70,Yes,Yes,No,No internet service,No internet service,No internet service,No internet service,No internet service,No internet service,Month-to-month,Yes,Mailed check,41.75,2899.76,No
4120-TKMK,Female,0,Yes,Yes,9,Yes,No,DSL,No,No,Yes,Yes,No,No,Two year,Yes,Bank transfer (automatic),76.69,694.64,No
5604-DZNE,Male,1,Yes,No,29,Yes,Yes,No,No internet service,No internet service,No internet service,No internet service,No internet service,No internet service,Month-to-month,Yes,Electronic check,42.6,1212.17,No
4747-ANGJ,Female,0,No,No,26,Yes,No,DSL,Yes,No,No,No,Yes,Yes,Month-to-month,No,Credit card (automatic),85.88,2206.15,No
1250-BJCU,Male,0,Yes,No,29,Yes,No,DSL,Yes,No,Yes,No,No,No,Two year,Yes,Credit card (automatic),72.65,2084.74,No
9487-JHNR,Male,0,No,No,1,Yes,Yes,DSL,Yes,Yes,No,Yes,No,No,One year,No,Credit card (automatic),91.82,115.68,No
9776-VIDC,Female,0,No,No,7,Yes,No,No,No internet service,No internet service,No internet service,No internet service,No internet service,No internet service,Month-to-month,Yes,Bank transfer (automatic),38.83,256.64,No
6005-NUPE,Male,1,Yes,No,16,Yes,Yes,No,No internet service,No internet service,No internet service,No internet service,No internet service,No internet service,Month-to-month,Yes,Electronic check,41.35,644.71,No
3844-WXOU,Male,0,Yes,No,47,No,No phone service,Fiber optic,No,Yes,No,No,Yes,Yes,Two year,Yes,Credit card (automatic),92.68,4378.61,No
6190-MWHL,Male,0,No,Yes,63,Yes,Yes,Fiber optic,No,No,Yes,No,Yes,No,Two year,No,Electronic check,102.31,6436.47,No
4087-ZFEA,Female,0,Yes,Yes,60,Yes,Yes,Fiber optic,No,No,Yes,No,Yes,No,Two year,No,Electronic check,107.41,6435.74,No
7460-IRFO,Female,0,No,No,12,Yes,Yes,DSL,No,No,No,Yes,Yes,Yes,One year,Yes,Electronic check,100.74,1253.83,No
5446-PHSE,Female,0,Yes,Yes,20,Yes,Yes,No,No internet service,No internet service,No internet service,No internet service,No internet service,No internet service,Month-to-month,No,Bank transfer (automatic),41.83,822.77,No
3918-DUAD,Female,0,Yes,Yes,1,Yes,Yes,Fiber optic,Yes,No,No,No,No,No,Two year,Yes,Electronic check,101.16,101.16,No
8069-NWPZ,Male,0,Yes,Yes,22,Yes,No,Fiber optic,Yes,No,No,Yes,Yes,Yes,Two year,Yes,Bank transfer (automatic),114.82,2523.23,No
7665-DLFM,Male,0,No,No,15,Yes,Yes,Fiber optic,No,No,No,No,Yes,No,Month-to-month,No,Electronic check,101.45,1562.55,Yes
9864-HWPE,Female,0,Yes,No,12,Yes,No,DSL,Yes,No,No,No,Yes,No,One year,No,Bank transfer (automatic),81.54,968.01,No
5697-GZCX,Male,0,No,No,3,Yes,No,No,No internet service,No internet service,No internet service,No internet service,No internet service,No internet service,Month-to-month,Yes,Credit card (automatic),35.16,70.16,No
7260-BBTW,Female,0,No,No,1,Yes,No,DSL,Yes,Yes,No,Yes,Yes,Yes,Two year,No,Bank transfer (automatic),102.36,116.61,No
7109-JTIR,Female,0,Yes,No,64,No,No phone service,Fiber optic,Yes,Yes,No,No,Yes,Yes,One year,No,Electronic check,104.17,6645.25,No
3425-YJYI,Male,0,Yes,No,25,Yes,No,DSL,Yes,Yes,No,No,No,No,Month-to-month,No,Bank transfer (automatic),79.41,1985.62,No
1168-CLKN,Female,0,Yes,Yes,29,Yes,No,Fiber optic,Yes,Yes,No,Yes,Yes,No,Month-to-month,Yes,Credit card (automatic),116.0,3340.14,Yes
3616-SJSE,Male,0,No,No,37,Yes,Yes,DSL,No,No,No,Yes,No,No,Month-to-month,Yes,Bank transfer (automatic),83.82,3092.97,No
8765-IAOX,Female,0,No,Yes,19,Yes,Yes,No,No internet service,No internet service,No internet service,No internet service,No internet service,No internet service,One year,Yes,Electronic check,46.61,878.33,No
2117-DZGF,Female,0,Yes,No,24,Yes,No,Fiber optic,No,No,No,No,Yes,No,One year,No,Mailed check,93.59,2269.05,No
5174-FGTV,Female,0,Yes,Yes,51,No,No phone service,No,No internet service,No internet service,No internet service,No internet service,No internet service,No internet service,Month-to-month,Yes,Mailed check,19.84,979.49,No
2666-UMBC,Male,0,Yes,No,9,Yes,Yes,No,No internet service,No internet service,No internet service,No internet service,No internet service,No internet service,Month-to-month,No,Electronic check,43.54,389.15,Yes
9213-SREJ,Female,0,Yes,Yes,40,Yes,Yes,DSL,No,Yes,No,No,No,No,One year,Yes,Electronic check,77.07,3102.31,No
2261-UQCG,Male,0,No,Yes,60,Yes,Yes,Fiber optic,No,No,Yes,Yes,No,Yes,Month-to-month,No,Credit card (automatic),115.08,6929.46,No
3815-CZMI,Female,0,Yes,No,1,Yes,No,No,No internet service,No internet service,No internet service,No internet service,No internet service,No internet service,Month-to-month,Yes,Electronic check,35.24,35.24,Yes
6021-WGHJ,Female,1,Yes,Yes,6,Yes,Yes,Fiber optic,No,No,No,No,Yes,No,Month-to-month,Yes,Credit card (automatic),94.89,548.39,Yes
9096-TUUA,Male,0,No,No,59,Yes,No,DSL,Yes,No,No,No,No,Yes,Month-to-month,Yes,Credit card (automatic),73.57,4380.95,No
6362-BLWM,Male,0,Yes,Yes,60,Yes,Yes,Fiber optic,No,Yes,Yes,No,No,No,Month-to-month,Yes,Credit card (automatic),101.24,6067.42,No
5258-XQAN,Male,1,Yes,Yes,26,Yes,No,Fiber optic,No,No,No,Yes,Yes,No,Two year,No,Electronic check,99.41,2590.12,No
5485-QDFA,Male,0,Yes,No,0,Yes,Yes,Fiber optic,Yes,Yes,No,Yes,No,No,Month-to-month,No,Mailed check,118.16, ,Yes
8164-IDII,Male,0,No,No,26,Yes,No,Fiber optic,No,No,Yes,No,Yes,No,Two year,No,Mailed check,95.57,2484.1,No
5860-VMWQ,Male,0,Yes,Yes,59,Yes,Yes,DSL,No,Yes,No,Yes,Yes,Yes,Month-to-month,Yes,Bank transfer (automatic),104.73,6185.81,No
5883-ONMI,Female,0,Yes,No,52,Yes,Yes,Fiber optic,Yes,Yes,No,No,Yes,Yes,Month-to-month,Yes,Electronic check,118.75,6173.35,Yes
5174-NDKV,Male,0,Yes,No,35,Yes,No,Fiber optic,Yes,Yes,Yes,No,Yes,Yes,Month-to-month,Yes,Electronic check,118.75,4147.76,Yes
5161-PSPG,Female,0,Yes,No,23,No,No phone service,DSL,No,No,No,No,Yes,No,Two year,No,Bank transfer (automatic),56.95,1335.26,No
6099-DPZP,Female,1,Yes,Yes,34,Yes,Yes,No,No internet service,No internet service,No internet service,No internet service,No internet service,No internet service,Month-to-month,Yes,Mailed check,40.76,1392.83,No
2356-EAEV,Female,0,Yes,No,32,No,No phone service,Fiber optic,No,Yes,No,No,Yes,Yes,One year,Yes,Mailed check,96.67,3115.61,No
6706-BXRO,Male,1,Yes,No,16,No,No phone service,Fiber optic,Yes,Yes,No,No,No,No,Month-to-month,Yes,Electronic check,83.11,1312.03,Yes
1152-MBSH,Female,0,Yes,Yes,68,No,No phone service,No,No internet service,No internet service,No internet service,No internet service,No internet service,No internet service,Two year,Yes,Mailed check,25.21,1723.46,No
3805-QOTU,Female,1,Yes,No,34,Yes,No,Fiber optic,No,Yes,Yes,Yes,Yes,No,One year,No,Electronic check,113.39,3844.04,No
6850-CQCM,Female,0,No,Yes,46,Yes,Yes,Fiber optic,No,Yes,Yes,No,No,No,Two year,No,Mailed check,110.21,5091.05,No
3392-RAGW,Male,0,No,Yes,58,Yes,Yes,DSL,Yes,No,No,No,No,No,Month-to-month,No,Mailed check,73.69,4284.15,No
6060-BQUJ,Female,0,Yes,Yes,60,Yes,No,Fiber optic,No,No,No,Yes,No,No,One year,No,Mailed check,91.38,5472.96,No
1899-IUKZ,Male,0,Yes,No,21,Yes,No,Fiber optic,No,No,Yes,No,Yes,Yes,Two year,Yes,Mailed check,99.95,2099.79,No
7449-DIHS,Female,0,Yes,No,26,Yes,No,DSL,No,No,No,Yes,No,No,Month-to-month,Yes,Mailed check,67.57,1757.81,No
8647-MBSN,Male,0,Yes,No,71,Yes,No,DSL,Yes,Yes,No,No,No,Yes,Two year,No,Credit card (automatic),87.19,6203.89,No
1730-ZJXQ,Male,0,Yes,Yes,14,Yes,No,DSL,No,No,No,No,No,Yes,Month-to-month,Yes,Credit card (automatic),68.52,928.45,No
4763-PQAU,Female,0,Yes,Yes,35,Yes,No,Fiber optic,No,Yes,No,Yes,No,Yes,Two year,No,Credit card (automatic),105.01,3634.3,No
1878-QKVE,Female,0,Yes,Yes,56,Yes,Yes,No,No internet service,No internet service,No internet service,No internet service,No internet service,No internet service,Month-to-month,No,Bank transfer (automatic),40.63,2246.5,No
3297-UXIP,Male,0,No,No,40,Yes,Yes,DSL,No,Yes,Yes,Yes,Yes,No,Two year,Yes,Mailed check,100.16,4032.5,No
8371-RVCO,Male,0,Yes,Yes,44,Yes,Yes,Fiber optic,Yes,No,No,No,No,No,One year,Yes,Bank transfer (automatic),97.65,4311.87,No
2009-LMAD,Male,0,No,Yes,42,Yes,Yes,Fiber optic,Yes,No,Yes,Yes,No,Yes,Two year,Yes,Bank transfer (automatic),118.75,4964.71,No
7578-UZUE,Female,0,No,Yes,11,Yes,No,DSL,Yes,No,No,Yes,Yes,Yes,Month-to-month,No,Bank transfer (automatic),97.63,1102.5,Yes
4562-YXXQ,Female,0,No,No,67,Yes,No,Fiber optic,No,Yes,No,No,No,No,Two year,No,Bank transfer (automatic),88.0,5894.5,No
3768-BXZA,Female,1,No,No,66,Yes,Yes,No,No internet service,No internet service,No internet service,No internet service,No internet service,No internet service,Month-to-month,Yes,Bank transfer (automatic),46.73,3086.61,No
7142-DIBC,Female,0,Yes,Yes,3,Yes,Yes,Fiber optic,No,No,Yes,No,No,No,Month-to-month,Yes,Bank transfer (automatic),93.04,294.68,Yes
7266-FMOK,Female,0,Yes,No,64,Yes,Yes,Fiber optic,No,No,Yes,No,No,Yes,One year,Yes,Bank transfer (automatic),104.36,6650.83,No
7654-TIYJ,Male,0,Yes,No,4,Yes,No,DSL,Yes,No,No,Yes,No,Yes,Two year,Yes,Bank transfer (automatic),91.35,371.14,No
4702-YXWL,Male,0,Yes,Yes,1,Yes,No,DSL,Yes,No,No,Yes,Yes,No,Two year,Yes,Electronic check,86.36,89.49,No
6556-UUQV,Male,0,Yes,Yes,45,Yes,Yes,Fiber optic,No,No,No,No,No,No,Month-to-month,No,Mailed check,94.51,4232.03,Yes
2700-XHRK,Male,0,No,No,8,Yes,Yes,Fiber optic,No,No,Yes,No,No,Yes,Month-to-month,No,Mailed check,107.02,865.71,Yes
3298-JZOF,Male,0,Yes,No,7,Yes,No,DSL,No,No,Yes,No,Yes,No,Month-to-month,No,Bank transfer (automatic),82.33,570.38,Yes
3930-QWJE,Male,0,Yes,No,57,Yes,Yes,Fiber optic,No,No,No,Yes,Yes,No,Two year,Yes,Credit card (automatic),104.19,5936.78,No
3139-PLZU,Female,0,No,Yes,62,Yes,No,No,No internet service,No internet service,No internet service,No internet service,No internet service,No internet service,Month-to-month,No,Credit card (automatic),29.11,1789.96,No
7436-UABE,Male,0,Yes,No,60,Yes,Yes,Fiber optic,No,No,Yes,Yes,Yes,Yes,Month-to-month,No,Electronic check,118.75,7110.84,No
6622-SOAK,Female,0,Yes,Yes,14,Yes,No,Fiber optic,Yes,Yes,No,No,No,No,Month-to-month,Yes,Mailed check,97.48,1375.62,Yes
3609-CIXD,Female,1,Yes,No,72,Yes,No,Fiber optic,No,Yes,No,Yes,Yes,No,Month-to-month,Yes,Credit card (automatic),108.01,7770.46,No
8916-ICPV,Female,1,No,No,41,Yes,No,Fiber optic,Yes,No,No,Yes,No,No,Two year,No,Bank transfer (automatic),91.1,3768.32,No
3086-YWQY,Female,1,No,No,49,Yes,No,DSL,Yes,Yes,No,No,No,No,Two year,No,Bank transfer (automatic),76.47,3762.95,No
8483-PUVR,Male,0,No,Yes,50,Yes,Yes,DSL,No,Yes,No,No,Yes,No,Month-to-month,Yes,Bank transfer (automatic),87.01,4340.32,No
3287-OBTD,Male,0,Yes,No,24,Yes,Yes,DSL,No,Yes,Yes,Yes,Yes,Yes,Month-to-month,Yes,Electronic check,118.42,2845.24,No
3534-OQJT,Female,0,No,No,21,Yes,No,No,No internet service,No internet service,No internet service,No internet service,No internet service,No internet service,Month-to-month,No,Mailed check,40.93,903.6,No
7876-IPXC,Female,0,Yes,No,21,Yes,Yes,DSL,No,Yes,No,Yes,No,Yes,One year,Yes,Mailed check,99.49,2094.43,No
6237-IHWG,Male,0,No,Yes,68,Yes,Yes,Fiber optic,No,No,No,No,Yes,Yes,Month-to-month,No,Credit card (automatic),110.06,7471.54,No
5304-EGMR,Male,1,No,No,68,Yes,No,Fiber optic,No,Yes,No,Yes,No,No,One year,No,Credit card (automatic),92.6,6285.61,No
6909-NRCQ,Male,0,No,No,65,Yes,Yes,Fiber optic,Yes,Yes,No,No,Yes,No,Month-to-month,No,Credit card (automatic),115.27,7442.48,No
8442-GUDO,Female,0,No,Yes,63,Yes,No,Fiber optic,No,No,Yes,Yes,No,No,Month-to-month,No,Bank transfer (automatic),93.21,5856.96,No
4228-XHPA,Male,0,Yes,No,21,Yes,Yes,Fiber optic,No,No,Yes,Yes,No,No,Month-to-month,No,Mailed check,109.54,2286.8,Yes
8768-PYBB,Male,0,Yes,No,12,Yes,No,DSL,Yes,No,No,No,No,No,Two year,Yes,Credit card (automatic),71.43,883.18,No
2639-LKFS,Female,0,No,No,26,Yes,Yes,No,No internet service,No internet service,No internet service,No internet service,No internet service,No internet service,Month-to-month,No,Bank transfer (automatic),48.88,1271.57,No
5027-REOH,Female,0,Yes,No,46,Yes,No,DSL,Yes,No,Yes,No,Yes,Yes,Two year,Yes,Mailed check,95.76,4407.31,No
2797-LSLL,Male,1,No,No,20,Yes,No,No,No internet service,No internet service,No internet service,No internet service,No internet service,No internet service,Month-to-month,No,Credit card (automatic),40.56,799.51,No
1072-XJVQ,Female,0,No,No,30,Yes,No,DSL,No,Yes,No,No,Yes,No,Month-to-month,No,Mailed check,82.27,2442.05,No
1177-PDRC,Female,0,Yes,No,37,Yes,Yes,DSL,Yes,Yes,Yes,Yes,Yes,No,Month-to-month,Yes,Electronic check,111.62,4151.54,No
5495-NXIF,Female,0,No,Yes,38,Yes,No,DSL,No,No,Yes,Yes,Yes,Yes,One year,Yes,Mailed check,92.1,3531.72,No
5982-JKGZ,Female,0,Yes,No,35,Yes,No,Fiber optic,No,Yes,Yes,Yes,No,Yes,Month-to-month,Yes,Mailed check,112.43,3924.44,Yes
9696-EZDZ,Female,0,Yes,No,64,Yes,Yes,DSL,No,No,Yes,Yes,No,No,Month-to-month,Yes,Credit card (automatic),82.32,5300.51,No
6659-BBPY,Male,0,Yes,No,10,No,No phone service,Fiber optic,No,No,Yes,No,No,Yes,Two year,Yes,Mailed check,78.37,773.22,No
9598-WMUG,Male,0,Yes,Yes,68,Yes,No,Fiber optic,Yes,No,Yes,No,No,No,Two year,Yes,Bank transfer (automatic),95.53,6525.53,No
4480-ZEYQ,Male,0,No,No,33,No,No phone service,No,No internet service,No internet service,No internet service,No internet service,No internet service,No internet service,Two year,No,Credit card (automatic),19.48,646.23,No
9652-OCWD,Male,0,Yes,No,4,Yes,No,Fiber optic,No,No,Yes,No,No,No,Two year,Yes,Bank transfer (automatic),86.49,347.27,No
8601-CGHK,Male,0,No,No,19,Yes,Yes,Fiber optic,No,No,Yes,Yes,No,No,Month-to-month,No,Mailed check,104.94,2026.71,Yes
7744-VZIT,Female,1,Yes,Yes,62,Yes,No,Fiber optic,No,No,No,Yes,Yes,Yes,One year,Yes,Mailed check,111.88,6925.59,No
1971-EANY,Male,0,No,No,44,Yes,No,DSL,Yes,No,No,Yes,No,Yes,One year,Yes,Bank transfer (automatic),84.39,3728.02,No
4960-COJZ,Male,0,No,Yes,41,Yes,No,Fiber optic,No,Yes,Yes,Yes,Yes,No,Month-to-month,Yes,Credit card (automatic),113.43,4649.5,Yes
4967-JXCF,Female,1,Yes,Yes,12,Yes,No,Fiber optic,No,No,No,Yes,Yes,Yes,Two year,Yes,Bank transfer (automatic),111.53,1315.23,No
5375-SNQL,Male,0,No,Yes,8,Yes,Yes,No,No internet service,No internet service,No internet service,No internet service,No internet service,No internet service,One year,No,Electronic check,38.75,304.62,No
1968-ZYCR,Male,0,No,No,4,Yes,Yes,DSL,Yes,No,Yes,No,Yes,Yes,Month-to-month,No,Electronic check,108.11,445.49,Yes
8075-NXFZ,Male,0,No,No,37,Yes,No,Fiber optic,Yes,No,No,No,Yes,Yes,Month-to-month,Yes,Electronic check,102.35,3782.57,Yes
9112-XEFU,Male,0,No,No,48,Yes,Yes,Fiber optic,Yes,No,No,No,No,Yes,Month-to-month,No,Electronic check,104.1,4965.2,Yes
8097-ESND,Female,0,No,No,27,Yes,No,DSL,No,No,Yes,Yes,Yes,No,Month-to-month,Yes,Credit card (automatic),86.78,2355.5,No
1868-KBVB,Female,0,No,No,42,Yes,No,DSL,Yes,Yes,Yes,No,Yes,No,One year,Yes,Electronic check,92.56,3934.32,No
7355-LPQD,Female,0,Yes,No,69,Yes,Yes,No,No internet service,No internet service,No internet service,No internet service,No internet service,No internet service,Month-to-month,Yes,Electronic check,41.62,2839.89,No
5109-GOPH,Female,0,Yes,No,40,Yes,No,DSL,Yes,No,No,No,No,No,Month-to-month,No,Bank transfer (automatic),70.51,2808.35,No
6057-SAWD,Male,1,No,No,43,Yes,Yes,Fiber optic,No,No,Yes,No,Yes,No,Month-to-month,Yes,Electronic check,110.76,4763.98,Yes
7455-UYVK,Male,0,Yes,Yes,28,No,No phone service,No,No internet service,No internet service,No internet service,No internet service,No internet service,No internet service,Two year,No,Electronic check,21.89,579.19,No
6193-RAQP,Male,0,Yes,No,67,Yes,Yes,Fiber optic,No,No,No,No,No,No,Month-to-month,No,Electronic check,85.91,5772.34,Yes
1143-IQCR,Male,0,Yes,No,24,Yes,No,Fiber optic,Yes,Yes,No,No,No,No,One year,No,Electronic check,92.82,2224.61,No
7318-OPTA,Male,0,Yes,No,67,Yes,No,Fiber optic,Yes,Yes,No,No,Yes,No,Month-to-month,Yes,Mailed check,103.89,6974.99,No
8203-MDWH,Male,0,Yes,No,13,Yes,Yes,DSL,No,No,Yes,Yes,No,No,Month-to-month,No,Bank transfer (automatic),82.19,1083.97,No
7487-HNYA,Male,0,No,Yes,58,Yes,Yes,No,No internet service,No internet service,No internet service,No internet service,No internet service,No internet service,Month-to-month,Yes,Electronic check,42.27,2446.84,No
6472-GYTM,Female,0,No,No,61,Yes,No,DSL,No,Yes,No,Yes,No,Yes,Month-to-month,No,Bank transfer (automatic),85.32,5235.34,No
8118-IPQI,Female,0,Yes,No,16,Yes,Yes,Fiber optic,No,No,Yes,Yes,No,No,Two year,Yes,Mailed check,105.1,1677.95,No
6317-TLPU,Female,0,No,Yes,18,No,No phone service,No,No internet service,No internet service,No internet service,No internet service,No internet service,No internet service,Month-to-month,No,Credit card (automatic),20.19,402.29,No
2294-GJDX,Female,0,Yes,Yes,28,Yes,Yes,Fiber optic,Yes,No,No,No,No,No,Month-to-month,Yes,Mailed check,95.39,2702.81,Yes
6745-AMVR,Female,0,Yes,No,65,Yes,No,DSL,Yes,No,No,No,No,Yes,Two year,No,Mailed check,78.82,5089.83,No
2406-KJDY,Female,0,No,Yes,44,Yes,No,DSL,No,Yes,No,No,Yes,Yes,One year,No,Mailed check,91.7,4028.24,No
6311-LHMH,Female,0,No,No,70,Yes,No,No,No internet service,No internet service,No internet service,No internet service,No internet service,No internet service,Two year,No,Electronic check,37.69,2655.1,No
8508-CLRO,Male,0,Yes,No,27,No,No phone service,No,No internet service,No internet service,No internet service,No internet service,No internet service,No internet service,One year,No,Mailed check,18.64,503.91,No
4496-EOHW,Male,0,Yes,No,58,Yes,Yes,DSL,No,Yes,No,No,Yes,No,Month-to-month,Yes,Mailed check,88.91,5161.97,No
9706-LEIT,Male,0,Yes,No,53,Yes,Yes,No,No internet service,No internet service,No internet service,No internet service,No internet service,No internet service,Month-to-month,No,Bank transfer (automatic),44.03,2335.67,No
9532-MHEY,Male,0,No,No,7,Yes,No,DSL,No,No,No,No,Yes,No,Month-to-month,No,Electronic check,66.29,436.84,Yes
6670-EIEH,Female,0,Yes,No,9,Yes,No,No,No internet service,No internet service,No internet service,No internet service,No internet service,No internet service,Month-to-month,Yes,Bank transfer (automatic),36.45,373.53,No
3027-DIVV,Female,0,Yes,Yes,20,Yes,No,No,No internet service,No internet service,No internet service,No internet service,No internet service,No internet service,One year,No,Electronic check,35.94,725.77,No
1530-MCDA,Female,0,No,No,34,Yes,Yes,No,No internet service,No internet service,No internet service,No internet service,No internet service,No internet service,Month-to-month,Yes,Electronic check,46.44,1582.57,No
5757-AKPD,Female,0,No,No,3,No,No phone service,DSL,No,No,No,No,Yes,No,One year,Yes,Credit card (automatic),54.98,170.55,No
2067-FXTI,Male,1,No,Yes,52,Yes,No,DSL,Yes,Yes,Yes,Yes,No,No,Month-to-month,Yes,Electronic check,90.16,4709.39,No
1711-NOUV,Male,0,No,No,24,Yes,No,Fiber optic,Yes,Yes,No,Yes,No,No,Month-to-month,Yes,Credit card (automatic),101.62,2437.81,Yes
9462-FATI,Male,0,Yes,No,19,Yes,Yes,Fiber optic,No,No,No,Yes,Yes,No,Month-to-month,Yes,Credit card (automatic),102.84,1950.58,Yes
5003-BFBC,Male,0,No,No,70,Yes,No,DSL,No,Yes,Yes,Yes,Yes,Yes,Month-to-month,Yes,Bank transfer (automatic),108.33,7557.9,No
4078-TQIV,Female,1,Yes,No,70,Yes,Yes,Fiber optic,No,Yes,Yes,No,Yes,No,Month-to-month,Yes,Mailed check,115.47,8070.25,No
2650-EYFR,Female,0,No,No,21,Yes,No,Fiber optic,No,No,No,No,No,Yes,Month-to-month,No,Mailed check,92.79,1952.21,Yes
8597-OEQU,Male,0,Yes,No,48,Yes,No,DSL,No,No,No,Yes,No,No,Month-to-month,Yes,Mailed check,70.17,3370.08,No
1362-JQYA,Male,0,No,No,5,Yes,No,DSL,No,No,No,No,Yes,Yes,One year,No,Mailed check,79.09,408.78,No
5358-LHRA,Male,0,Yes,No,50,Yes,Yes,Fiber optic,Yes,Yes,No,Yes,No,No,Two year,No,Mailed check,116.71,5835.77,No
1875-DZLV,Male,0,Yes,No,26,Yes,Yes,Fiber optic,Yes,Yes,Yes,Yes,No,No,One year,No,Electronic check,118.75,3140.7,No
8805-ACUL,Male,1,Yes,No,17,No,No phone service,No,No internet service,No internet service,No internet service,No internet service,No internet service,No internet service,Two year,Yes,Electronic check,18.25,335.1,No
2128-RAFY,Male,0,No,No,11,Yes,Yes,DSL,No,Yes,Yes,Yes,No,Yes,Month-to-month,No,Electronic check,103.08,1133.79,Yes
8574-XEZD,Female,0,Yes,No,27,Yes,Yes,Fiber optic,No,Yes,Yes,Yes,No,No,One year,Yes,Electronic check,111.33,2983.99,No
6477-CQKD,Female,1,Yes,Yes,18,Yes,Yes,DSL,No,No,No,No,No,No,Month-to-month,Yes,Mailed check,70.89,1281.67,No
8261-DWCJ,Male,0,Yes,Yes,42,Yes,Yes,DSL,Yes,No,Yes,Yes,Yes,No,Two year,No,Electronic check,103.92,4382.07,No
2685-ADSA,Female,0,Yes,No,14,Yes,No,Fiber optic,Yes,Yes,No,No,No,No,Two year,Yes,Electronic check,97.52,1339.91,No
2327-STUV,Female,1,No,No,68,Yes,No,DSL,Yes,No,No,No,No,No,Two year,No,Mailed check,69.13,4716.53,No
3962-EBAP,Female,1,Yes,Yes,35,Yes,Yes,DSL,Yes,No,Yes,No,No,Yes,Month-to-month,Yes,Bank transfer (automatic),94.3,3289.12,No
4966-UBZD,Male,0,Yes,No,41,Yes,No,No,No internet service,No internet service,No internet service,No internet service,No internet service,No internet service,Two year,No,Mailed check,37.54,1534.12,No
2250-WQOJ,Female,0,No,No,44,Yes,Yes,DSL,Yes,No,Yes,Yes,Yes,Yes,Month-to-month,No,Electronic check,114.32,5030.42,No
4787-LTGJ,Female,0,No,No,29,Yes,No,Fiber optic,Yes,No,No,No,No,No,Two year,Yes,Electronic check,85.95,2493.73,No
4772-ETTK,Female,0,No,No,38,Yes,Yes,No,No internet service,No internet service,No internet service,No internet service,No internet service,No internet service,One year,No,Mailed check,48.72,1847.34,No
6693-BXPL,Female,0,No,No,45,Yes,No,No,No internet service,No internet service,No internet service,No internet service,No internet service,No internet service,Two year,Yes,Credit card (automatic),32.27,1473.22,No
4032-JMWS,Female,0,Yes,No,57,Yes,Yes,Fiber optic,No,Yes,No,Yes,No,Yes,One year,No,Electronic check,118.52,6757.25,No
6518-WAQT,Female,0,No,No,29,Yes,No,DSL,Yes,No,Yes,No,Yes,Yes,Month-to-month,Yes,Credit card (automatic),93.67,2692.04,No
1099-TIFC,Female,0,No,No,55,Yes,No,No,No internet service,No internet service,No internet service,No internet service,No internet service,No internet service,Two year,Yes,Bank transfer (automatic),36.91,2042.19,No
1693-BRWS,Male,1,No,Yes,53,Yes,No,Fiber optic,No,Yes,Yes,Yes,Yes,Yes,Month-to-month,No,Mailed check,115.43,6135.98,No
2030-CRTT,Female,0,No,No,36,Yes,No,DSL,No,No,Yes,No,No,Yes,Month-to-month,Yes,Mailed check,79.91,2907.84,No
3516-LFMX,Female,0,Yes,No,21,Yes,No,No,No internet service,No internet service,No internet service,No internet service,No internet service,No internet service,Month-to-month,Yes,Bank transfer (automatic),38.81,806.89,No
6604-MTGL,Female,0,Yes,No,23,Yes,No,DSL,Yes,No,No,No,No,No,Month-to-month,No,Bank transfer (automatic),70.37,1614.95,No
5189-UDEP,Male,0,No,No,68,Yes,No,Fiber optic,No,Yes,Yes,No,No,Yes,Two year,No,Bank transfer (automatic),110.69,7526.57,No
2818-DHPH,Female,0,Yes,No,32,Yes,No,Fiber optic,No,Yes,No,Yes,No,No,Month-to-month,No,Bank transfer (automatic),95.26,3046.86,Yes
8979-CTBM,Male,1,No,No,16,Yes,Yes,No,No internet service,No internet service,No internet service,No internet service,No internet service,No internet service,Month-to-month,Yes,Mailed check,46.17,749.54,No
4860-KXLR,Female,1,No,No,61,Yes,No,No,No internet service,No internet service,No internet service,No internet service,No internet service,No internet service,Two year,Yes,Electronic check,37.57,2312.6,No
7909-IGFX,Male,0,Yes,No,11,Yes,No,Fiber optic,No,Yes,No,Yes,Yes,Yes,Month-to-month,Yes,Mailed check,114.13,1212.45,Yes
5557-ETXM,Male,0,Yes,No,29,Yes,Yes,Fiber optic,Yes,Yes,Yes,Yes,No,Yes,Month-to-month,No,Electronic check,118.75,3431.73,Yes
3816-LSJX,Male,0,Yes,No,12,Yes,No,No,No internet service,No internet service,No internet service,No internet service,No internet service,No internet service,Two year,No,Mailed check,33.9,428.11,No
8204-TFLU,Female,0,Yes,No,5,No,No phone service,No,No internet service,No internet service,No internet service,No internet service,No internet service,No internet service,Month-to-month,Yes,Mailed check,19.29,106.29,No
1258-NUDQ,Male,0,Yes,No,66,No,No phone service,Fiber optic,No,No,No,No,Yes,Yes,Month-to-month,No,Mailed check,86.83,5719.37,No
5720-NOGD,Female,0,Yes,Yes,10,Yes,Yes,DSL,Yes,No,No,Yes,No,No,Two year,No,Credit card (automatic),83.41,854.79,No
9459-OLKQ,Female,0,Yes,No,59,Yes,No,DSL,Yes,Yes,No,No,No,Yes,One year,Yes,Bank transfer (automatic),90.37,5343.63,No
6355-IKCG,Female,0,Yes,No,9,Yes,Yes,Fiber optic,No,No,No,Yes,Yes,Yes,Two year,No,Electronic check,116.29,1048.79,No
2058-UPJW,Male,0,Yes,No,15,No,No phone service,Fiber optic,Yes,No,Yes,No,No,Yes,Month-to-month,Yes,Bank transfer (automatic),90.34,1328.94,Yes
9152-XTOU,Female,0,No,No,41,Yes,No,Fiber optic,Yes,Yes,No,Yes,No,No,Month-to-month,Yes,Bank transfer (automatic),107.26,4418.61,Yes
9395-RWWI,Male,1,No,Yes,43,Yes,No,No,No internet service,No internet service,No internet service,No internet service,No internet service,No internet service,One year,Yes,Credit card (automatic),43.73,1854.81,No
8004-IDEG,Female,0,Yes,No,18,Yes,Yes,Fiber optic,No,Yes,No,No,No,No,One year,Yes,Mailed check,101.93,1842.41,No
5862-GKJK,Female,0,Yes,No,72,Yes,Yes,Fiber optic,Yes,No,Yes,Yes,Yes,No,Month-to-month,No,Credit card (automatic),118.75,8539.18,No
1355-QQUW,Female,0,No,Yes,14,Yes,No,DSL,No,Yes,Yes,Yes,Yes,Yes,Month-to-month,No,Bank transfer (automatic),104.19,1507.44,No
8710-MCWQ,Female,1,Yes,No,38,Yes,No,Fiber optic,Yes,No,Yes,No,Yes,No,Two year,Yes,Electronic check,99.62,3780.28,No
7363-RQIT,Female,0,No,Yes,4,Yes,No,Fiber optic,No,No,No,No,No,Yes,Month-to-month,No,Bank transfer (automatic),88.57,327.73,Yes
6446-EPGM,Female,1,Yes,No,30,Yes,Yes,DSL,No,No,No,No,Yes,No,One year,Yes,Mailed check,79.69,2391.56,No
3476-OWQQ,Female,1,Yes,Yes,27,Yes,Yes,DSL,No,No,No,No,No,No,Month-to-month,Yes,Mailed check,71.67,1960.77,No
4962-SJBN,Male,0,No,No,37,Yes,No,DSL,No,Yes,No,No,Yes,No,Month-to-month,No,Electronic check,76.7,2865.28,Yes
1834-GYKQ,Female,0,No,No,51,Yes,Yes,No,No internet service,No internet service,No internet service,No internet service,No internet service,No internet service,Two year,Yes,Bank transfer (automatic),52.16,2652.52,No
5991-SKOO,Female,0,No,No,14,Yes,Yes,DSL,Yes,No,Yes,No,Yes,Yes,One year,Yes,Mailed check,106.98,1516.98,No
9165-OIES,Male,0,Yes,No,18,Yes,Yes,No,No internet service,No internet service,No internet service,No internet service,No internet service,No internet service,Month-to-month,Yes,Mailed check,47.15,859.72,No
9151-EVMR,Male,0,No,Yes,34,No,No phone service,Fiber optic,Yes,No,Yes,No,Yes,Yes,One year,No,Credit card (automatic),101.92,3429.09,No
9051-QONP,Male,0,No,No,14,Yes,No,Fiber optic,No,No,No,Yes,No,No,One year,Yes,Mailed check,90.53,1251.63,No
3707-NRFV,Female,0,No,No,46,Yes,No,Fiber optic,No,Yes,No,Yes,Yes,No,One year,Yes,Electronic check,105.65,4836.52,No
8816-XAMC,Male,0,No,No,55,No,No phone service,No,No internet service,No internet service,No internet service,No internet service,No internet service,No internet service,Two year,Yes,Mailed check,21.71,1206.59,No
9496-HFPA,Female,0,No,Yes,19,Yes,Yes,Fiber optic,No,No,No,No,No,No,Month-to-month,Yes,Credit card (automatic),99.31,1873.75,Yes
7249-RVZN,Male,0,No,Yes,8,Yes,Yes,Fiber optic,No,Yes,No,Yes,Yes,No,Month-to-month,No,Mailed check,117.41,943.64,Yes
6047-EQNZ,Female,0,Yes,No,4,Yes,Yes,Fiber optic,No,Yes,Yes,No,No,No,Month-to-month,Yes,Mailed check,106.18,449.46,Yes
2459-WBGG,Male,0,No,Yes,10,Yes,No,No,No internet service,No internet service,No internet service,No internet service,No internet service,No internet service,Month-to-month,Yes,Electronic check,37.57,395.2,Yes
4500-SVFT,Female,0,No,No,1,Yes,No,DSL,Yes,Yes,Yes,No,No,Yes,Month-to-month,Yes,Mailed check,93.3,110.22,Yes
9624-YRYX,Female,0,No,No,51,No,No phone service,Fiber optic,Yes,No,Yes,Yes,No,No,Month-to-month,Yes,Credit card (automatic),88.83,4541.45,No
6238-MZSP,Female,1,No,No,19,No,No phone service,DSL,No,Yes,No,No,No,No,Two year,Yes,Mailed check,48.88,948.31,No
1617-MJNI,Male,0,Yes,Yes,20,Yes,No,Fiber optic,Yes,Yes,Yes,No,No,No,Two year,Yes,Electronic check,107.69,2142.23,No
1500-KCHL,Male,0,Yes,No,50,Yes,No,Fiber optic,Yes,Yes,Yes,Yes,No,No,Month-to-month,Yes,Bank transfer (automatic),108.81,5476.81,No
4874-GNGG,Male,0,Yes,No,29,Yes,No,No,No internet service,No internet service,No internet service,No internet service,No internet service,No internet service,Month-to-month,No,Credit card (automatic),35.24,1042.43,No
2003-AEKA,Male,0,No,Yes,47,No,No phone service,No,No internet service,No internet service,No internet service,No internet service,No internet service,No internet service,One year,No,Bank transfer (automatic),18.45,886.7,No
5716-XWQC,Male,0,Yes,No,0,Yes,Yes,Fiber optic,No,No,Yes,No,Yes,Yes,Month-to-month,No,Electronic check,118.75, ,Yes
7494-JSGT,Female,0,No,No,34,Yes,Yes,DSL,No,No,Yes,No,Yes,No,Month-to-month,No,Electronic check,90.96,3106.89,Yes
7171-CVLZ,Male,0,No,Yes,25,No,No phone service,Fiber optic,Yes,No,No,No,Yes,Yes,Month-to-month,Yes,Bank transfer (automatic),92.23,2301.26,Yes
7069-JULO,Female,1,Yes,No,8,Yes,Yes,DSL,No,Yes,Yes,Yes,No,No,Month-to-month,Yes,Bank transfer (automatic),91.81,747.36,Yes
9734-ZEYT,Female,0,No,No,39,Yes,No,Fiber optic,Yes,Yes,No,No,Yes,Yes,Month-to-month,Yes,Bank transfer (automatic),114.03,4435.19,Yes
8233-USSD,Female,0,No,No,20,Yes,No,DSL,Yes,No,Yes,No,Yes,No,Month-to-month,No,Credit card (automatic),85.02,1680.83,No
4172-GDKW,Female,0,Yes,No,11,Yes,No,Fiber optic,No,Yes,No,No,Yes,No,One year,Yes,Bank transfer (automatic),95.47,1062.09,No
8736-CETO,Male,0,Yes,No,36,No,No phone service,DSL,No,Yes,No,No,No,No,Month-to-month,No,Bank transfer (automatic),54.24,1929.07,No
3200-UZRP,Male,0,No,No,70,Yes,Yes,No,No internet service,No internet service,No internet service,No internet service,No internet service,No internet service,One year,Yes,Mailed check,45.74,3205.74,No
3927-JAWK,Male,1,Yes,No,23,Yes,Yes,No,No internet service,No internet service,No internet service,No internet service,No internet service,No internet service,Month-to-month,Yes,Credit card (automatic),46.74,1068.54,No
2648-XOYG,Male,0,No,No,49,Yes,No,DSL,No,Yes,No,No,No,No,Month-to-month,Yes,Mailed check,70.29,3451.77,No
9184-ZFOO,Male,1,No,Yes,53,Yes,No,DSL,Yes,Yes,No,No,No,No,Month-to-month,No,Electronic check,76.04,4000.55,No
1870-CNIC,Male,0,Yes,No,27,Yes,No,No,No internet service,No internet service,No internet service,No internet service,No internet service,No internet service,Month-to-month,No,Credit card (automatic),37.74,1027.01,No
6477-TIAI,Female,0,Yes,No,3,Yes,Yes,Fiber optic,Yes,No,Yes,Yes,No,No,Two year,No,Mailed check,117.16,383.63,No
7499-ZPEQ,Male,1,Yes,No,11,Yes,Yes,No,No internet service,No internet service,No internet service,No internet service,No internet service,No internet service,Two year,No,Credit card (automatic),41.71,512.76,No
7045-QFZO,Female,0,Yes,No,66,Yes,Yes,Fiber optic,No,Yes,No,No,No,Yes,Month-to-month,Yes,Bank transfer (automatic),106.48,7007.28,No
6039-BSWB,Female,0,No,Yes,36,Yes,No,DSL,No,No,Yes,No,No,No,Month-to-month,Yes,Credit card (automatic),72.24,2591.69,No
3292-YLLZ,Female,0,No,Yes,3,Yes,No,Fiber optic,No,No,Yes,No,Yes,No,One year,No,Electronic check,97.6,322.99,No
1423-LXKB,Female,0,Yes,No,14,Yes,No,No,No internet service,No internet service,No internet service,No internet service,No internet service,No internet service,Month-to-month,No,Electronic check,31.61,449.93,No
2280-YZDI,Male,0,No,No,27,Yes,No,DSL,Yes,Yes,No,Yes,No,Yes,One year,No,Credit card (automatic),94.89,2577.2,No
1762-GVZY,Male,0,Yes,No,36,Yes,No,No,No internet service,No internet service,No internet service,No internet service,No internet service,No internet service,Month-to-month,No,Credit card (automatic),36.91,1319.28,No
9653-AEMF,Female,0,No,Yes,8,Yes,No,Fiber optic,No,No,No,No,Yes,Yes,Two year,No,Mailed check,98.44,811.51,No
8637-QOGH,Male,0,Yes,Yes,13,Yes,Yes,DSL,Yes,No,No,No,Yes,Yes,Month-to-month,Yes,Credit card (automatic),94.06,1202.07,No
4060-BRUW,Female,1,Yes,No,66,Yes,No,Fiber optic,Yes,No,No,No,No,No,One year,No,Bank transfer (automatic),87.88,5818.34,No
3950-TPSI,Female,0,No,No,49,Yes,No,DSL,No,Yes,No,No,No,No,Two year,No,Mailed check,64.75,3220.26,No
8661-GBQK,Female,0,No,No,24,Yes,Yes,Fiber optic,No,No,No,No,Yes,Yes,One year,Yes,Bank transfer (automatic),108.0,2628.38,No
3545-LCUN,Female,1,Yes,No,38,Yes,No,DSL,Yes,No,No,No,Yes,Yes,One year,Yes,Mailed check,89.78,3461.7,No
4918-SJIJ,Male,0,Yes,No,25,Yes,Yes,No,No internet service,No internet service,No internet service,No internet service,No internet service,No internet service,Two year,No,Credit card (automatic),42.19,1009.93,No
1054-DSJQ,Female,0,Yes,No,59,Yes,No,DSL,No,No,Yes,No,No,No,One year,No,Mailed check,68.8,4051.88,No
5587-YAKM,Male,0,Yes,No,51,Yes,Yes,Fiber optic,Yes,No,No,Yes,Yes,No,Month-to-month,Yes,Electronic check,111.32,5653.4,No
6056-AUPG,Female,0,Yes,Yes,69,Yes,No,No,No internet service,No internet service,No internet service,No internet service,No internet service,No internet service,Month-to-month,Yes,Mailed check,34.39,2375.93,No
2071-AVIF,Male,0,No,No,25,Yes,No,Fiber optic,Yes,Yes,No,No,Yes,No,Month-to-month,No,Bank transfer (automatic),102.96,2559.16,Yes
4630-DOJY,Male,0,No,Yes,47,Yes,No,Fiber optic,No,No,No,No,No,Yes,Month-to-month,No,Mailed check,89.86,4225.73,Yes
6711-MSZT,Male,0,No,No,53,Yes,Yes,Fiber optic,Yes,Yes,No,Yes,No,Yes,One year,No,Credit card (automatic),118.75,6278.65,No
2619-VPKO,Female,0,Yes,No,40,Yes,Yes,DSL,Yes,No,Yes,Yes,Yes,Yes,Month-to-month,No,Credit card (automatic),112.07,4466.3,No
8574-YKCX,Female,0,No,Yes,0,Yes,No,DSL,Yes,Yes,No,Yes,Yes,Yes,Month-to-month,Yes,Bank transfer (automatic),104.0, ,Yes
3764-JELH,Male,0,Yes,Yes,20,Yes,Yes,Fiber optic,No,Yes,Yes,No,Yes,No,Month-to-month,Yes,Electronic check,116.96,2348.74,Yes
7239-BCRQ,Male,0,Yes,No,71,Yes,No,No,No internet service,No internet service,No internet service,No internet service,No internet service,No internet service,Two year,Yes,Mailed check,35.32,2505.08,No
4329-ZVLQ,Female,0,No,No,24,Yes,No,No,No internet service,No internet service,No internet service,No internet service,No internet service,No internet service,Two year,No,Bank transfer (automatic),34.5,839.95,No
9805-QBHN,Male,0,Yes,Yes,17,No,No phone service,Fiber optic,No,No,No,No,Yes,Yes,Month-to-month,No,Credit card (automatic),80.56,1363.84,Yes
2160-NIDT,Male,0,Yes,No,14,Yes,Yes,No,No internet service,No internet service,No internet service,No internet service,No internet service,No internet service,Month-to-month,No,Electronic check,50.1,702.59,No
9035-CXUW,Male,0,Yes,No,41,Yes,No,Fiber optic,Yes,No,Yes,Yes,No,No,Month-to-month,Yes,Electronic check,106.5,4388.3,Yes
8234-RPCB,Female,0,No,Yes,19,Yes,No,DSL,No,Yes,No,Yes,No,Yes,Month-to-month,No,Bank transfer (automatic),92.04,1746.25,No
7721-ZWJO,Female,0,Yes,Yes,15,Yes,No,DSL,No,No,Yes,Yes,No,No,Month-to-month,Yes,Electronic check,80.74,1198.03,No
7626-HRKG,Female,0,No,No,6,Yes,Yes,Fiber optic,Yes,Yes,No,No,Yes,No,Two year,Yes,Credit card (automatic),113.92,724.58,No
3392-GYBF,Female,0,Yes,Yes,4,Yes,Yes,Fiber optic,No,No,No,Yes,No,No,One year,No,Credit card (automatic),96.31,380.3,No
5433-DDXM,Female,0,Yes,No,17,Yes,Yes,DSL,Yes,No,No,No,Yes,No,Two year,Yes,Mailed check,86.0,1437.29,No
1630-UYAT,Female,0,Yes,No,17,Yes,Yes,DSL,No,No,No,Yes,Yes,No,One year,No,Mailed check,85.27,1447.71,No
9418-USMG,Male,0,No,Yes,63,Yes,No,Fiber optic,No,Yes,Yes,No,No,Yes,Two year,No,Electronic check,104.1,6535.27,No
6033-CWBG,Male,0,No,No,24,Yes,No,No,No internet service,No internet service,No internet service,No internet service,No internet service,No internet service,Month-to-month,Yes,Credit card (automatic),31.51,736.56,No
8675-ULVJ,Male,1,Yes,No,25,Yes,No,Fiber optic,No,Yes,No,No,No,Yes,One year,Yes,Electronic check,102.25,2564.85,No
1026-SMJE,Male,0,No,No,68,Yes,No,DSL,No,Yes,Yes,No,No,No,Month-to-month,Yes,Mailed check,78.52,5370.1,No
7588-OUCH,Male,0,Yes,No,15,Yes,Yes,DSL,Yes,No,No,No,No,No,Two year,Yes,Bank transfer (automatic),73.87,1077.7,No
1466-QJAM,Male,0,Yes,No,62,Yes,Yes,No,No internet service,No internet service,No internet service,No internet service,No internet service,No internet service,Two year,No,Mailed check,44.68,2779.03,No
9809-LBJU,Female,0,No,Yes,71,Yes,Yes,No,No internet service,No internet service,No internet service,No internet service,No internet service,No internet service,Two year,No,Credit card (automatic),47.54,3398.93,No
7806-AATZ,Male,0,Yes,Yes,57,Yes,No,Fiber optic,Yes,Yes,Yes,Yes,Yes,No,Month-to-month,Yes,Electronic check,118.75,6742.6,No
6464-AZUI,Male,1,Yes,No,26,No,No phone service,DSL,No,Yes,No,No,No,Yes,Two year,No,Bank transfer (automatic),61.67,1609.78,No
6527-GPPM,Female,0,Yes,Yes,48,Yes,No,Fiber optic,No,Yes,Yes,Yes,Yes,No,Two year,Yes,Electronic check,114.75,5503.89,No
8465-RILX,Female,0,Yes,No,72,Yes,No,Fiber optic,No,No,No,No,No,Yes,Two year,No,Bank transfer (automatic),90.67,6523.16,No
9204-KOJJ,Male,0,No,No,46,Yes,Yes,No,No internet service,No internet service,No internet service,No internet service,No internet service,No internet service,Month-to-month,No,Credit card (automatic),41.54,1913.11,No
9440-YCWP,Male,0,Yes,No,70,No,No phone service,DSL,Yes,No,No,No,Yes,No,Month-to-month,No,Credit card (automatic),59.52,4192.47,No
1720-YOYC,Male,0,Yes,No,49,Yes,No,Fiber optic,Yes,Yes,Yes,No,No,Yes,Month-to-month,Yes,Bank transfer (automatic),116.83,5678.09,No
8099-MXFZ,Female,0,No,No,45,Yes,No,Fiber optic,Yes,Yes,Yes,No,No,Yes,Month-to-month,Yes,Bank transfer (automatic),112.6,5031.99,Yes
3685-SGMV,Female,0,Yes,No,7,Yes,No,Fiber optic,No,Yes,No,Yes,Yes,No,Month-to-month,No,Bank transfer (automatic),102.17,683.91,Yes
8261-EPDE,Female,0,Yes,No,1,Yes,No,No,No internet service,No internet service,No internet service,No internet service,No internet service,No internet service,Month-to-month,No,Electronic check,35.09,38.13,Yes
7300-TSWF,Female,0,No,Yes,17,No,No phone service,Fiber optic,No,Yes,Yes,No,Yes,Yes,Month-to-month,No,Bank transfer (automatic),96.9,1638.09,Yes
7563-YAQI,Male,0,No,No,35,Yes,Yes,No,No internet service,No internet service,No internet service,No internet service,No internet service,No internet service,Month-to-month,No,Electronic check,42.72,1531.07,No
9886-BKZE,Male,0,No,No,41,Yes,Yes,DSL,Yes,No,Yes,Yes,Yes,Yes,Two year,Yes,Mailed check,115.8,4699.17,No
1716-TQYO,Male,0,Yes,No,10,Yes,No,Fiber optic,Yes,No,Yes,Yes,No,Yes,Month-to-month,No,Bank transfer (automatic),111.9,1135.38,Yes
1637-LFTM,Female,0,No,No,58,Yes,No,DSL,No,Yes,Yes,Yes,Yes,No,Month-to-month,No,Credit card (automatic),98.62,5702.64,No
9881-XOOH,Female,0,Yes,Yes,51,Yes,No,No,No internet service,No internet service,No internet service,No internet service,No internet service,No internet service,One year,No,Bank transfer (automatic),28.06,1442.11,No
9630-NGNE,Male,0,Yes,No,48,No,No phone service,DSL,No,No,No,No,Yes,No,Two year,Yes,Mailed check,53.75,2599.67,No
6550-UOXD,Male,0,Yes,No,55,Yes,No,DSL,No,No,No,No,No,Yes,Month-to-month,Yes,Mailed check,70.77,3880.27,No
2488-YTAP,Male,0,No,No,69,Yes,Yes,DSL,Yes,No,No,Yes,No,No,Two year,No,Electronic check,88.0,6060.25,No
2417-WRQZ,Female,0,No,No,29,Yes,Yes,Fiber optic,Yes,Yes,No,Yes,No,Yes,Month-to-month,No,Bank transfer (automatic),118.75,3443.45,Yes
3925-UMTT,Male,0,No,No,54,Yes,Yes,DSL,No,No,Yes,Yes,No,No,Two year,Yes,Bank transfer (automatic),83.77,4556.98,No
8902-NKMQ,Female,0,No,No,27,Yes,No,DSL,Yes,No,No,No,No,No,Two year,No,Credit card (automatic),66.16,1807.06,No
4644-AUEY,Male,0,Yes,No,50,Yes,No,Fiber optic,Yes,Yes,No,No,No,Yes,One year,Yes,Electronic check,105.42,5269.56,No
7828-XEEW,Male,0,Yes,No,26,Yes,Yes,Fiber optic,Yes,No,No,Yes,No,No,One year,No,Credit card (automatic),105.34,2728.14,No
1203-BWPQ,Female,0,No,No,51,Yes,Yes,Fiber optic,Yes,No,Yes,Yes,Yes,No,Two year,Yes,Mailed check,118.75,6063.85,No
1062-LOFM,Female,0,Yes,No,33,No,No phone service,DSL,No,No,Yes,No,No,Yes,Month-to-month,Yes,Bank transfer (automatic),63.78,2090.45,No
8850-ZQIY,Female,0,Yes,No,31,Yes,No,Fiber optic,Yes,No,No,No,No,Yes,Month-to-month,No,Bank transfer (automatic),97.82,3031.68,Yes
8887-QTXR,Male,0,No,No,43,Yes,Yes,DSL,No,Yes,Yes,No,Yes,No,Month-to-month,Yes,Electronic check,96.19,4136.21,Yes
4178-MXZM,Female,1,No,No,3,Yes,No,No,No internet service,No internet service,No internet service,No internet service,No internet service,No internet service,Month-to-month,Yes,Bank transfer (automatic),35.21,128.37,No
7763-NMYI,Male,0,Yes,No,47,Yes,No,DSL,No,No,Yes,No,Yes,No,Two year,Yes,Electronic check,79.8,3757.61,No
1813-AIDL,Female,0,No,No,15,Yes,Yes,Fiber optic,Yes,Yes,No,No,Yes,No,One year,Yes,Mailed check,114.24,1698.83,No
4671-NICF,Male,0,No,No,59,Yes,Yes,DSL,No,No,No,No,No,Yes,Month-to-month,Yes,Credit card (automatic),76.37,4470.39,No
6177-VUCN,Female,0,Yes,Yes,46,Yes,No,Fiber optic,Yes,Yes,Yes,No,No,No,Month-to-month,No,Credit card (automatic),105.11,4809.59,Yes
7721-LZJM,Female,0,Yes,No,14,Yes,Yes,DSL,No,Yes,No,No,Yes,No,One year,No,Bank transfer (automatic),83.99,1180.5,No
9989-TDSV,Male,0,Yes,No,55,No,No phone service,Fiber optic,Yes,No,No,Yes,Yes,No,One year,Yes,Electronic check,93.71,5170.47,No
9000-YKZP,Female,0,Yes,Yes,15,Yes,Yes,Fiber optic,No,No,No,No,No,No,Month-to-month,No,Electronic check,88.78,1340.86,Yes
8186-SLCW,Male,0,Yes,No,0,No,No phone service,Fiber optic,No,No,No,Yes,No,No,One year,No,Bank transfer (automatic),70.06, ,No
8791-XNSF,Male,0,No,No,24,No,No phone service,No,No internet service,No internet service,No internet service,No internet service,No internet service,No internet service,Month-to-month,Yes,Electronic check,20.58,477.61,No
9770-FLTK,Male,0,No,No,63,Yes,No,Fiber optic,No,No,No,No,Yes,Yes,Month-to-month,Yes,Electronic check,102.07,6421.22,Yes
7054-ZAPP,Female,0,No,No,42,Yes,No,DSL,No,Yes,Yes,Yes,Yes,No,Month-to-month,Yes,Electronic check,98.99,4148.55,No
7256-OUIE,Male,0,Yes,No,13,Yes,Yes,DSL,Yes,Yes,No,No,No,No,One year,No,Mailed check,87.31,1116.83,No
9051-HUAG,Female,0,Yes,Yes,47,Yes,Yes,Fiber optic,Yes,Yes,No,No,Yes,No,One year,Yes,Electronic check,118.75,5575.81,No
3154-TZUM,Female,0,No,Yes,67,Yes,Yes,DSL,Yes,Yes,No,Yes,No,No,Month-to-month,Yes,Bank transfer (automatic),88.62,5937.85,No
1721-ALCZ,Male,0,No,No,13,Yes,No,Fiber optic,No,No,No,No,No,No,Month-to-month,Yes,Electronic check,79.56,1041.15,Yes
9128-DFEK,Female,0,No,Yes,14,Yes,Yes,No,No internet service,No internet service,No internet service,No internet service,No internet service,No internet service,Month-to-month,Yes,Electronic check,40.0,554.46,No
5812-KFSY,Male,0,Yes,No,16,Yes,Yes,Fiber optic,No,No,Yes,No,Yes,No,One year,Yes,Credit card (automatic),110.23,1772.24,No
1206-UMJA,Male,0,No,No,51,Yes,No,DSL,Yes,Yes,No,No,Yes,No,Month-to-month,No,Electronic check,88.71,4534.4,No
8461-UZXT,Male,0,Yes,No,9,No,No phone service,Fiber optic,No,Yes,Yes,Yes,No,Yes,Month-to-month,Yes,Credit card (automatic),100.12,909.51,Yes
7522-RXZH,Male,0,Yes,Yes,16,Yes,Yes,Fiber optic,No,No,No,Yes,No,Yes,Month-to-month,No,Electronic check,111.91,1781.17,Yes
3591-NEVB,Male,0,No,Yes,7,Yes,No,DSL,No,No,Yes,No,Yes,No,Month-to-month,No,Electronic check,81.62,557.04,Yes
9282-YVYK,Male,0,No,Yes,1,Yes,No,Fiber optic,No,Yes,Yes,Yes,Yes,No,Two year,Yes,Mailed check,118.48,126.55,No
4266-VZPU,Female,0,Yes,Yes,55,Yes,Yes,Fiber optic,Yes,No,Yes,No,Yes,Yes,Month-to-month,No,Mailed check,118.75,6524.07,No
3639-IMJQ,Female,0,No,No,64,Yes,No,Fiber optic,No,No,No,No,Yes,Yes,Two year,Yes,Mailed check,102.99,6587.21,No
3424-UQJH,Female,0,No,Yes,54,Yes,No,Fiber optic,Yes,No,Yes,Yes,Yes,No,Two year,Yes,Credit card (automatic),112.7,6110.07,No
7086-NVRU,Female,1,Yes,No,68,No,No phone service,Fiber optic,Yes,Yes,No,No,Yes,No,One year,No,Bank transfer (automatic),91.46,6207.01,No
7834-RNJA,Female,0,Yes,No,72,Yes,No,DSL,No,Yes,No,No,No,Yes,Two year,No,Electronic check,81.99,5911.5,No
4473-MQWY,Male,0,Yes,No,35,Yes,Yes,No,No internet service,No internet service,No internet service,No internet service,No internet service,No internet service,One year,No,Electronic check,41.68,1446.56,No
9629-PXKW,Female,0,Yes,Yes,8,Yes,No,No,No internet service,No internet service,No internet service,No internet service,No internet service,No internet service,Month-to-month,Yes,Credit card (automatic),35.29,257.08,No
5604-VAIJ,Male,1,No,No,13,Yes,No,DSL,Yes,Yes,No,Yes,Yes,No,One year,Yes,Electronic check,93.97,1219.96,No
6364-RNKX,Female,0,No,Yes,21,Yes,No,DSL,No,Yes,No,No,Yes,No,One year,Yes,Bank transfer (automatic),84.14,1748.39,No
9380-DSMA,Female,0,No,Yes,15,Yes,Yes,Fiber optic,No,Yes,Yes,No,No,Yes,One year,Yes,Mailed check,115.47,1736.42,No
2844-SOTO,Male,0,Yes,No,40,Yes,No,No,No internet service,No internet service,No internet service,No internet service,No internet service,No internet service,Month-to-month,Yes,Electronic check,35.96,1441.07,No
2080-KWEX,Female,0,Yes,No,66,Yes,No,DSL,No,No,No,No,Yes,No,Month-to-month,No,Credit card (automatic),70.76,4682.84,No
7741-JRGA,Female,0,No,No,27,Yes,No,Fiber optic,No,No,No,Yes,Yes,No,Two year,No,Mailed check,102.57,2799.1,No
6634-AQOE,Female,1,Yes,Yes,28,Yes,Yes,DSL,No,No,No,No,No,Yes,Two year,Yes,Electronic check,81.35,2295.69,No
5143-LSNC,Male,0,Yes,Yes,64,Yes,No,Fiber optic,No,Yes,No,Yes,Yes,No,Two year,Yes,Credit card (automatic),105.52,6735.39,No
9018-AUAZ,Female,1,No,No,27,No,No phone service,Fiber optic,Yes,No,Yes,No,No,No,Month-to-month,Yes,Mailed check,81.48,2205.72,Yes
1137-CMFK,Male,0,No,No,31,Yes,Yes,Fiber optic,No,No,Yes,No,Yes,Yes,Month-to-month,Yes,Electronic check,118.75,3659.62,Yes
3759-CEUN,Female,1,No,Yes,51,Yes,No,DSL,Yes,No,No,No,No,Yes,Two year,Yes,Bank transfer (automatic),83.59,4219.66,No
8012-SEUT,Male,0,No,No,10,Yes,Yes,No,No internet service,No internet service,No internet service,No internet service,No internet service,No internet service,Two year,No,Bank transfer (automatic),44.6,456.34,No
9627-BYGA,Female,0,No,Yes,25,Yes,No,Fiber optic,No,Yes,No,No,No,Yes,One year,No,Electronic check,101.78,2553.14,No
9965-GLRK,Male,0,Yes,No,30,Yes,Yes,No,No internet service,No internet service,No internet service,No internet service,No internet service,No internet service,Month-to-month,Yes,Mailed check,48.58,1462.12,No
6429-SYDS,Male,0,Yes,Yes,19,Yes,Yes,DSL,No,No,No,No,Yes,Yes,Month-to-month,No,Credit card (automatic),91.0,1726.6,No
8564-SBIH,Female,0,No,No,68,Yes,No,No,No internet service,No internet service,No internet service,No internet service,No internet service,No internet service,One year,Yes,Mailed check,31.9,2157.98,No
6460-NIMR,Female,0,Yes,No,40,Yes,No,Fiber optic,Yes,No,No,No,No,Yes,Month-to-month,Yes,Credit card (automatic),95.72,3838.92,Yes
8461-WVCJ,Female,0,Yes,No,66,Yes,Yes,DSL,Yes,Yes,No,No,Yes,Yes,Two year,No,Electronic check,109.59,7191.84,No
3749-JJIL,Male,0,Yes,Yes,43,Yes,No,DSL,No,No,Yes,No,No,No,Month-to-month,Yes,Mailed check,70.72,3027.34,No
4575-HXIQ,Female,0,Yes,No,59,Yes,Yes,DSL,No,No,Yes,No,No,Yes,Month-to-month,Yes,Bank transfer (automatic),87.89,5182.72,No
7291-QFJA,Male,0,Yes,No,6,Yes,Yes,Fiber optic,No,Yes,No,Yes,Yes,Yes,Month-to-month,Yes,Electronic check,118.75,715.89,Yes
2755-UYAI,Female,0,Yes,No,53,Yes,No,No,No internet service,No internet service,No internet service,No internet service,No internet service,No internet service,One year,Yes,Mailed check,37.33,1982.17,No
2203-CXFG,Female,0,Yes,No,62,Yes,Yes,DSL,No,Yes,No,No,No,No,Month-to-month,Yes,Bank transfer (automatic),79.0,4866.03,No
8688-EPBC,Male,0,No,No,12,Yes,Yes,No,No internet service,No internet service,No internet service,No internet service,No internet service,No internet service,Month-to-month,Yes,Mailed check,51.97,640.62,No
9290-TZWJ,Female,0,No,No,32,Yes,No,Fiber optic,No,No,No,Yes,No,No,Month-to-month,No,Electronic check,83.86,2724.62,Yes
8349-CONW,Female,0,No,Yes,6,Yes,Yes,Fiber optic,Yes,No,Yes,No,Yes,Yes,Month-to-month,Yes,Mailed check,118.75,704.33,Yes
7147-JKKH,Female,0,Yes,No,29,Yes,Yes,Fiber optic,Yes,No,No,No,Yes,Yes,Month-to-month,No,Electronic check,113.7,3282.41,Yes
9830-WWIH,Male,0,Yes,No,10,No,No phone service,Fiber optic,No,Yes,Yes,No,Yes,Yes,Month-to-month,Yes,Mailed check,98.51,1007.46,Yes
4275-QWOS,Male,0,Yes,No,69,Yes,Yes,Fiber optic,Yes,No,No,Yes,Yes,No,Month-to-month,No,Credit card (automatic),116.96,8082.9,No
5069-EHRU,Male,0,No,No,20,Yes,No,Fiber optic,No,No,No,No,No,No,Two year,No,Mailed check,75.86,1512.62,No
7402-NZOM,Male,0,No,No,31,Yes,No,No,No internet service,No internet service,No internet service,No internet service,No internet service,No internet service,Two year,Yes,Mailed check,35.51,1114.65,No
2076-TUZI,Female,0,Yes,No,4,Yes,Yes,Fiber optic,No,Yes,No,No,Yes,No,One year,Yes,Electronic check,109.34,413.5,No
9048-SYDT,Female,0,No,No,34,Yes,Yes,Fiber optic,No,No,No,No,No,Yes,Two year,No,Bank transfer (automatic),100.86,3433.44,No
1450-SIEN,Female,1,No,Yes,46,No,No phone service,Fiber optic,No,Yes,Yes,No,Yes,Yes,Month-to-month,Yes,Credit card (automatic),107.48,4955.81,Yes
5678-UFXH,Male,0,Yes,No,11,Yes,No,DSL,Yes,Yes,Yes,Yes,No,Yes,Month-to-month,Yes,Electronic check,106.39,1149.13,Yes
1440-ZNVG,Female,0,No,No,36,Yes,No,DSL,Yes,No,Yes,No,No,No,Month-to-month,No,Credit card (automatic),76.55,2735.11,No
2730-TVWF,Male,0,No,No,43,Yes,No,No,No internet service,No internet service,No internet service,No internet service,No internet service,No internet service,Two year,No,Bank transfer (automatic),38.01,1607.7,No
2937-LGEL,Female,0,Yes,Yes,21,Yes,Yes,Fiber optic,Yes,No,No,Yes,No,Yes,Month-to-month,No,Credit card (automatic),117.0,2478.85,Yes
3536-KDNZ,Male,0,Yes,Yes,10,Yes,Yes,No,No internet service,No internet service,No internet service,No internet service,No internet service,No internet service,One year,No,Mailed check,42.84,442.84,No
8825-GWAM,Male,0,No,Yes,54,Yes,Yes,Fiber optic,No,No,No,No,Yes,No,One year,Yes,Bank transfer (automatic),99.92,5410.86,No
3546-YIWI,Female,0,No,Yes,9,Yes,Yes,DSL,No,No,No,Yes,No,No,Month-to-month,No,Credit card (automatic),80.67,744.05,Yes
1401-ZXZJ,Male,0,Yes,No,41,Yes,Yes,Fiber optic,No,Yes,Yes,Yes,No,Yes,Two year,Yes,Credit card (automatic),118.75,4848.0,No
7352-SXKP,Male,0,No,Yes,54,Yes,Yes,DSL,No,Yes,No,No,Yes,No,One year,No,Electronic check,89.88,4866.51,No
7279-ZXOK,Female,0,Yes,Yes,49,Yes,Yes,No,No internet service,No internet service,No internet service,No internet service,No internet service,No internet service,Month-to-month,No,Bank transfer (automatic),51.82,2548.36,No
4238-BSIR,Male,0,Yes,No,31,Yes,Yes,DSL,No,No,Yes,No,No,No,One year,No,Electronic check,82.67,2551.23,No
2836-WASM,Male,0,Yes,No,67,Yes,No,Fiber optic,No,Yes,No,Yes,No,No,Two year,No,Credit card (automatic),97.49,6557.71,No
5720-VTAE,Female,0,No,Yes,17,Yes,No,Fiber optic,No,No,No,No,No,No,Two year,No,Credit card (automatic),76.33,1311.69,No
7525-TNZZ,Male,0,No,No,64,Yes,No,Fiber optic,Yes,No,Yes,Yes,No,No,Two year,No,Credit card (automatic),101.88,6518.02,No
7737-MWLO,Male,0,No,No,24,No,No phone service,No,No internet service,No internet service,No internet service,No internet service,No internet service,No internet service,Month-to-month,No,Credit card (automatic),22.68,523.44,No
9023-DICV,Male,0,No,No,30,Yes,Yes,Fiber optic,No,No,No,Yes,Yes,No,Month-to-month,No,Bank transfer (automatic),111.41,3299.73,Yes
3986-OPGG,Female,0,No,No,18,Yes,No,DSL,No,Yes,Yes,Yes,No,No,Month-to-month,Yes,Electronic check,82.78,1472.91,No
7485-IQMI,Female,0,Yes,No,17,Yes,No,DSL,No,No,Yes,Yes,No,No,Month-to-month,Yes,Bank transfer (automatic),81.22,1373.21,No
9412-LUSW,Female,0,No,Yes,67,Yes,Yes,DSL,No,Yes,Yes,No,No,Yes,One year,No,Mailed check,97.94,6560.99,No
3414-RHYF,Female,0,No,Yes,32,Yes,No,No,No internet service,No internet service,No internet service,No internet service,No internet service,No internet service,Month-to-month,No,Bank transfer (automatic),38.59,1249.97,No
6240-FCZC,Male,0,Yes,No,69,Yes,No,DSL,Yes,No,Yes,Yes,No,Yes,Month-to-month,No,Electronic check,93.24,6416.06,No
5993-ETLF,Female,0,Yes,No,6,Yes,Yes,Fiber optic,Yes,No,No,No,No,Yes,Two year,Yes,Mailed check,111.26,647.08,No
3175-FDNC,Female,0,No,No,0,Yes,No,Fiber optic,Yes,No,No,No,No,No,Month-to-month,No,Electronic check,85.83, ,Yes
2605-TDMH,Female,0,Yes,Yes,58,No,No phone service,Fiber optic,Yes,Yes,Yes,No,No,No,Two year,No,Bank transfer (automatic),87.34,5067.99,No
1778-XSWE,Female,0,Yes,No,33,Yes,No,Fiber optic,No,No,No,Yes,No,No,Month-to-month,Yes,Credit card (automatic),90.09,2989.7,Yes
1420-CBCO,Male,1,No,Yes,51,No,No phone service,Fiber optic,No,Yes,No,Yes,No,No,Month-to-month,Yes,Electronic check,78.05,3962.74,No
4910-COKP,Male,0,No,No,10,Yes,Yes,DSL,No,No,Yes,No,No,No,Month-to-month,Yes,Credit card (automatic),74.29,745.48,Yes
6932-BTLU,Female,0,Yes,No,7,Yes,Yes,DSL,Yes,No,No,Yes,Yes,No,Month-to-month,No,Mailed check,91.08,655.24,Yes
5064-NXJC,Male,0,Yes,No,52,No,No phone service,No,No internet service,No internet service,No internet service,No internet service,No internet service,No internet service,Month-to-month,Yes,Credit card (automatic),18.25,917.06,No
5989-KVTU,Female,0,No,Yes,14,Yes,Yes,Fiber optic,No,No,Yes,No,No,No,Month-to-month,Yes,Electronic check,94.77,1331.83,Yes
6689-OFRM,Female,0,No,Yes,27,Yes,No,DSL,No,Yes,Yes,Yes,No,No,One year,Yes,Electronic check,79.69,2130.13,No
8790-COXX,Male,0,No,Yes,13,Yes,No,Fiber optic,Yes,No,Yes,Yes,No,No,Month-to-month,Yes,Credit card (automatic),108.01,1404.27,Yes
1602-RZZH,Male,0,No,No,57,Yes,Yes,DSL,No,No,Yes,No,No,No,Month-to-month,No,Credit card (automatic),75.08,4255.24,No
2067-ZEAH,Male,1,No,Yes,56,Yes,No,DSL,Yes,No,Yes,No,No,No,Month-to-month,Yes,Electronic check,74.91,4162.66,No
1379-EQOD,Male,0,No,No,51,No,No phone service,DSL,No,No,No,No,Yes,No,Month-to-month,No,Mailed check,53.47,2718.46,No
6196-QMYZ,Male,0,Yes,Yes,36,Yes,Yes,DSL,No,No,Yes,No,Yes,No,Two year,No,Bank transfer (automatic),90.82,3300.1,No
5120-BLSR,Male,1,Yes,No,1,Yes,No,No,No internet service,No internet service,No internet service,No internet service,No internet service,No internet service,Two year,No,Mailed check,31.2,31.2,No
3922-ACQZ,Female,0,No,No,33,Yes,No,DSL,Yes,Yes,No,Yes,No,No,Month-to-month,Yes,Mailed check,81.8,2682.24,No
5013-XOPD,Male,0,Yes,No,33,Yes,Yes,No,No internet service,No internet service,No internet service,No internet service,No internet service,No internet service,Two year,Yes,Mailed check,44.96,1450.98,No
7290-XYHF,Female,1,Yes,Yes,57,Yes,Yes,Fiber optic,No,No,Yes,No,No,Yes,Month-to-month,No,Electronic check,103.84,5943.05,Yes
7607-CHEE,Female,0,Yes,No,72,Yes,Yes,DSL,No,Yes,Yes,No,No,No,One year,Yes,Bank transfer (automatic),86.2,6215.11,No
8384-AGXK,Female,0,No,No,60,No,No phone service,DSL,No,No,No,No,No,No,One year,No,Mailed check,49.95,2976.87,No
3665-CHAH,Female,0,No,Yes,53,Yes,No,DSL,No,No,Yes,No,No,No,Month-to-month,Yes,Bank transfer (automatic),73.83,3901.86,No
3646-TKGZ,Female,0,Yes,Yes,66,Yes,Yes,Fiber optic,Yes,Yes,No,No,No,No,Month-to-month,Yes,Electronic check,107.28,7047.75,Yes
4421-PGMJ,Male,0,No,No,29,Yes,Yes,No,No internet service,No internet service,No internet service,No internet service,No internet service,No internet service,One year,Yes,Credit card (automatic),45.27,1343.64,No
1450-GKME,Male,0,Yes,No,58,Yes,No,DSL,Yes,No,No,No,No,Yes,Two year,No,Electronic check,72.69,4215.76,No
6528-WSOA,Female,0,No,Yes,57,Yes,Yes,Fiber optic,No,No,Yes,No,Yes,No,One year,No,Electronic check,109.9,6260.15,No
2757-MJEW,Female,0,No,No,23,Yes,No,No,No internet service,No internet service,No internet service,No internet service,No internet service,No internet service,One year,Yes,Mailed check,34.78,823.99,No
3365-AJRV,Male,0,No,No,14,No,No phone service,No,No internet service,No internet service,No internet service,No internet service,No internet service,No internet service,Two year,Yes,Electronic check,18.49,267.74,No
2223-TCSS,Female,1,Yes,No,21,Yes,No,Fiber optic,No,Yes,No,Yes,Yes,No,Two year,No,Electronic check,104.51,2206.98,No
7448-PUJU,Male,0,Yes,No,31,Yes,No,Fiber optic,No,Yes,Yes,Yes,No,No,Month-to-month,No,Electronic check,105.76,3273.71,Yes
2231-ETCC,Male,1,Yes,No,41,Yes,No,Fiber optic,Yes,No,No,Yes,No,No,Month-to-month,Yes,Credit card (automatic),95.29,3907.66,Yes
1737-UDVR,Male,0,No,Yes,58,Yes,Yes,Fiber optic,Yes,Yes,Yes,No,No,Yes,One year,Yes,Mailed check,118.75,6891.0,No
8141-CUCB,Female,0,No,No,54,Yes,No,No,No internet service,No internet service,No internet service,No internet service,No internet service,No internet service,Month-to-month,Yes,Bank transfer (automatic),45.06,2429.72,No
2215-CQNG,Female,0,No,Yes,4,Yes,Yes,Fiber optic,No,No,Yes,No,No,No,Month-to-month,No,Bank transfer (automatic),95.12,414.16,Yes
1244-FHSS,Female,1,Yes,Yes,40,Yes,No,No,No internet service,No internet service,No internet service,No internet service,No internet service,No internet service,Month-to-month,No,Bank transfer (automatic),31.59,1273.28,No
1132-ENQP,Female,0,No,Yes,56,Yes,No,Fiber optic,No,No,Yes,Yes,Yes,Yes,Two year,Yes,Credit card (automatic),118.75,6690.06,No
5002-UEWX,Female,0,Yes,No,52,Yes,No,Fiber optic,No,Yes,No,Yes,Yes,No,Month-to-month,No,Electronic check,105.8,5529.16,No
7822-RXHK,Female,0,Yes,No,37,Yes,Yes,Fiber optic,No,No,No,Yes,Yes,No,Month-to-month,No,Electronic check,108.06,3962.81,Yes
8164-NRMF,Female,0,No,No,0,No,No phone service,DSL,Yes,No,No,Yes,No,No,One year,No,Mailed check,59.32, ,No
9505-AKGJ,Female,1,Yes,Yes,59,Yes,No,Fiber optic,No,Yes,No,No,Yes,No,Month-to-month,Yes,Mailed check,97.63,5734.89,No
7913-PEPW,Male,0,Yes,No,45,Yes,Yes,No,No internet service,No internet service,No internet service,No internet service,No internet service,No internet service,Two year,No,Credit card (automatic),44.11,1975.99,No
3393-POIA,Female,1,Yes,No,3,Yes,Yes,Fiber optic,Yes,No,Yes,No,No,No,Two year,Yes,Credit card (automatic),104.61,310.26,No
7410-EFHO,Male,0,Yes,No,14,Yes,No,Fiber optic,No,No,No,No,No,No,Month-to-month,Yes,Mailed check,80.32,1140.16,Yes
7586-PRLW,Male,1,Yes,No,11,Yes,No,Fiber optic,Yes,No,No,No,Yes,No,Month-to-month,No,Credit card (automatic),96.95,1057.56,Yes
2851-DYVP,Male,0,No,No,0,Yes,Yes,No,No internet service,No internet service,No internet service,No internet service,No internet service,No internet service,Month-to-month,Yes,Mailed check,48.21, ,No
5026-XVGX,Female,0,Yes,Yes,29,Yes,No,Fiber optic,Yes,No,No,Yes,No,Yes,Month-to-month,Yes,Credit card (automatic),105.94,3057.52,Yes
3446-QOJD,Female,0,No,Yes,5,Yes,No,No,No internet service,No internet service,No internet service,No internet service,No internet service,No internet service,Month-to-month,Yes,Electronic check,32.21,176.96,Yes
4216-DVWV,Female,0,Yes,No,72,Yes,Yes,No,No internet service,No internet service,No internet service,No internet service,No internet service,No internet service,Month-to-month,Yes,Credit card (automatic),46.89,3389.6,No
8498-DLWJ,Male,0,No,No,49,Yes,No,DSL,Yes,Yes,No,No,No,No,Two year,Yes,Electronic check,77.74,3844.05,No
7303-NRFE,Female,0,No,No,1,Yes,No,Fiber optic,Yes,Yes,Yes,No,No,Yes,Two year,Yes,Electronic check,111.68,117.78,No
4448-MWNC,Female,0,No,No,5,Yes,No,Fiber optic,Yes,No,Yes,Yes,Yes,Yes,One year,Yes,Electronic check,118.75,602.99,No
2214-WKVW,Male,0,No,No,37,Yes,No,Fiber optic,No,No,No,No,Yes,Yes,Month-to-month,Yes,Electronic check,93.31,3471.23,Yes
8875-MZHH,Female,0,Yes,Yes,17,No,No phone service,DSL,No,Yes,No,No,No,No,Month-to-month,No,Bank transfer (automatic),50.97,883.26,No
9694-MWJM,Male,0,No,No,18,Yes,No,DSL,No,No,Yes,Yes,No,No,One year,Yes,Bank transfer (automatic),77.88,1444.29,No
7263-QFBQ,Male,0,Yes,No,27,Yes,No,Fiber optic,No,No,Yes,No,Yes,Yes,Month-to-month,Yes,Credit card (automatic),108.68,2908.71,Yes
5953-WFEE,Male,1,Yes,No,11,No,No phone service,DSL,No,Yes,Yes,No,Yes,No,One year,Yes,Credit card (automatic),75.18,871.17,No
4352-IVCW,Female,0,No,Yes,51,Yes,No,Fiber optic,No,No,No,Yes,No,Yes,Month-to-month,Yes,Electronic check,98.86,5012.32,No
1531-EGLG,Male,0,Yes,Yes,57,Yes,No,DSL,Yes,Yes,No,No,Yes,No,One year,No,Credit card (automatic),79.51,4551.3,No
5286-JHQE,Male,0,Yes,No,21,Yes,Yes,DSL,No,No,Yes,No,No,Yes,Month-to-month,No,Mailed check,87.2,1820.77,No
8758-IWKM,Female,0,No,No,44,Yes,Yes,No,No internet service,No internet service,No internet service,No internet service,No internet service,No internet service,One year,Yes,Mailed check,44.73,1952.08,No
8889-QXIJ,Male,0,No,No,61,Yes,No,DSL,Yes,No,No,Yes,No,Yes,One year,No,Credit card (automatic),91.68,5569.66,No
5287-KVOB,Female,0,Yes,Yes,41,Yes,Yes,DSL,No,No,No,No,No,No,Month-to-month,Yes,Electronic check,73.68,3040.08,Yes
1084-TXXN,Female,0,No,No,66,No,No phone service,Fiber optic,Yes,No,Yes,Yes,Yes,Yes,Month-to-month,Yes,Electronic check,108.41,7151.91,No
6156-XFZV,Male,0,No,No,8,Yes,Yes,Fiber optic,No,Yes,Yes,No,Yes,No,One year,No,Electronic check,115.8,911.24,No
7414-DJSI,Female,0,No,No,63,Yes,No,DSL,No,Yes,No,Yes,No,No,Month-to-month,No,Electronic check,77.35,4881.62,No
9340-ZJDV,Female,0,No,No,14,Yes,Yes,Fiber optic,No,No,Yes,No,No,Yes,Two year,No,Credit card (automatic),107.29,1528.44,No
6507-FZHP,Female,1,No,No,29,No,No phone service,Fiber optic,Yes,No,No,Yes,No,No,Month-to-month,Yes,Mailed check,79.84,2297.12,No
4655-PFQA,Female,1,No,No,25,Yes,No,Fiber optic,No,No,Yes,No,No,Yes,Month-to-month,Yes,Credit card (automatic),99.93,2492.05,Yes
7512-LLFG,Male,0,No,Yes,68,Yes,Yes,No,No internet service,No internet service,No internet service,No internet service,No internet service,No internet service,One year,Yes,Electronic check,42.64,2903.15,No
5350-HCQU,Female,0,No,No,21,Yes,Yes,DSL,No,No,Yes,No,Yes,Yes,Two year,Yes,Electronic check,95.15,1978.05,No
9511-KTRP,Female,0,No,No,53,Yes,No,No,No internet service,No internet service,No internet service,No internet service,No internet service,No internet service,Month-to-month,Yes,Credit card (automatic),37.27,1970.63,No
1408-MISG,Female,0,Yes,Yes,57,Yes,No,No,No internet service,No internet service,No internet service,No internet service,No internet service,No internet service,One year,Yes,Credit card (automatic),36.2,2070.11,No
8740-QHHC,Female,0,No,Yes,52,Yes,No,No,No internet service,No internet service,No internet service,No internet service,No internet service,No internet service,Month-to-month,Yes,Mailed check,34.1,1772.31,No
1782-UDWG,Male,0,Yes,No,18,Yes,No,No,No internet service,No internet service,No internet service,No internet service,No internet service,No internet service,One year,Yes,Electronic check,37.32,688.96,No
3807-EMKE,Male,0,Yes,Yes,33,Yes,Yes,DSL,No,No,Yes,No,No,No,Month-to-month,Yes,Bank transfer (automatic),75.82,2540.93,No
3535-UQKS,Female,0,No,Yes,13,No,No phone service,No,No internet service,No internet service,No internet service,No internet service,No internet service,No internet service,Month-to-month,Yes,Credit card (automatic),21.32,255.49,No
2201-JEXY,Male,1,Yes,No,21,Yes,Yes,Fiber optic,No,Yes,No,No,Yes,No,Two year,Yes,Mailed check,109.82,2305.14,No
5320-QQAY,Female,1,No,Yes,12,Yes,No,DSL,Yes,No,Yes,Yes,No,Yes,Two year,No,Electronic check,99.47,1208.8,No
4382-VIYD,Male,0,Yes,No,63,Yes,Yes,Fiber optic,No,Yes,Yes,No,No,No,Month-to-month,Yes,Mailed check,107.16,6761.22,No
3248-NOPP,Female,0,No,No,55,Yes,Yes,Fiber optic,No,No,Yes,No,No,Yes,Month-to-month,No,Bank transfer (automatic),107.18,5897.32,No
6644-NVUI,Female,0,No,No,71,Yes,Yes,Fiber optic,No,Yes,Yes,No,No,No,Two year,No,Credit card (automatic),111.18,7881.37,No
9310-IUDJ,Male,1,No,No,41,Yes,No,No,No internet service,No internet service,No internet service,No internet service,No internet service,No internet service,Two year,Yes,Credit card (automatic),37.88,1568.45,No
3914-UISP,Male,1,Yes,No,65,Yes,Yes,Fiber optic,Yes,No,No,No,No,No,Month-to-month,Yes,Bank transfer (automatic),95.5,6191.98,No
7545-JUSV,Male,0,No,No,62,Yes,No,DSL,No,No,No,Yes,Yes,Yes,Two year,No,Electronic check,86.99,5390.99,No
4978-HVPJ,Male,0,Yes,No,41,Yes,Yes,DSL,Yes,Yes,No,Yes,Yes,No,Month-to-month,Yes,Credit card (automatic),110.6,4534.93,No
4176-OVET,Male,0,Yes,No,33,Yes,Yes,Fiber optic,Yes,Yes,No,Yes,Yes,Yes,Month-to-month,Yes,Bank transfer (automatic),118.75,3919.78,Yes
6985-VPRP,Female,0,No,No,28,Yes,No,Fiber optic,Yes,No,Yes,Yes,Yes,No,Two year,No,Mailed check,109.25,3048.16,No
1900-ASJU,Female,0,No,Yes,25,Yes,No,Fiber optic,No,No,Yes,No,No,No,One year,No,Electronic check,87.76,2193.44,No
6180-MWXW,Female,0,Yes,No,22,Yes,No,DSL,No,No,No,Yes,Yes,No,One year,Yes,Mailed check,81.23,1767.85,No
6038-BFUK,Female,1,No,Yes,35,Yes,Yes,Fiber optic,No,Yes,No,Yes,Yes,No,One year,Yes,Mailed check,118.75,4165.39,No
3425-DWXN,Male,0,Yes,No,8,Yes,No,DSL,No,No,No,No,No,Yes,Month-to-month,Yes,Bank transfer (automatic),68.98,556.17,Yes
6301-CUQM,Male,0,Yes,No,41,No,No phone service,DSL,No,No,No,No,Yes,Yes,Two year,No,Electronic check,73.8,3036.03,No
6099-LBJW,Female,0,No,No,66,Yes,Yes,Fiber optic,No,No,Yes,No,Yes,Yes,Month-to-month,No,Bank transfer (automatic),116.78,7698.59,No
1712-ADWN,Female,0,No,Yes,6,Yes,Yes,DSL,No,Yes,No,No,No,Yes,Month-to-month,No,Mailed check,84.3,502.0,Yes
8649-FCTS,Male,0,No,No,22,No,No phone service,No,No internet service,No internet service,No internet service,No internet service,No internet service,No internet service,One year,No,Mailed check,20.35,456.98,No
5112-NVKP,Male,1,Yes,Yes,31,Yes,Yes,Fiber optic,No,Yes,No,Yes,Yes,No,Month-to-month,No,Credit card (automatic),118.75,3696.01,Yes
9746-RBWU,Male,0,No,No,22,No,No phone service,Fiber optic,No,No,No,No,Yes,No,Two year,Yes,Mailed check,71.44,1598.36,No
9775-NBMJ,Male,0,No,No,15,Yes,No,Fiber optic,No,No,Yes,No,No,No,One year,Yes,Credit card (automatic),81.25,1232.75,No
5038-MZXS,Male,0,Yes,Yes,68,Yes,Yes,Fiber optic,No,Yes,Yes,No,No,No,One year,Yes,Mailed check,106.77,7250.91,No
8118-VBVE,Female,0,No,No,12,Yes,No,Fiber optic,Yes,No,No,No,Yes,No,Month-to-month,Yes,Credit card (automatic),100.23,1200.09,Yes
7240-GRAA,Female,0,No,No,9,Yes,Yes,No,No internet service,No internet service,No internet service,No internet service,No internet service,No internet service,One year,No,Electronic check,42.15,361.99,No
1127-GQYF,Female,0,No,Yes,58,Yes,No,DSL,No,No,No,Yes,Yes,No,Month-to-month,Yes,Bank transfer (automatic),76.33,4407.49,No
7867-OMLU,Female,0,Yes,No,1,Yes,Yes,No,No internet service,No internet service,No internet service,No internet service,No internet service,No internet service,One year,Yes,Electronic check,47.25,53.99,No
9513-URDJ,Male,0,No,Yes,51,Yes,No,No,No internet service,No internet service,No internet service,No internet service,No internet service,No internet service,Month-to-month,Yes,Mailed check,38.06,1962.54,No
7277-FITM,Female,0,No,No,0,Yes,No,No,No internet service,No internet service,No internet service,No internet service,No internet service,No internet service,Month-to-month,No,Mailed check,42.99, ,No
5324-FDFR,Female,0,Yes,No,69,Yes,No,DSL,No,No,Yes,No,No,No,Two year,Yes,Credit card (automatic),67.49,4653.92,No
9310-CJDY,Female,0,No,No,53,Yes,No,DSL,No,Yes,Yes,Yes,Yes,No,Month-to-month,Yes,Credit card (automatic),90.71,4788.76,No
7302-OLOU,Female,0,No,No,18,Yes,Yes,Fiber optic,Yes,No,No,No,Yes,No,Month-to-month,No,Credit card (automatic),105.92,1870.4,Yes
7392-ZZJL,Female,0,No,No,27,Yes,Yes,No,No internet service,No internet service,No internet service,No internet service,No internet service,No internet service,Month-to-month,No,Electronic check,43.87,1180.78,No
2017-VHUU,Male,0,No,No,4,Yes,Yes,DSL,No,Yes,No,No,No,No,Month-to-month,No,Mailed check,75.95,306.67,Yes
6794-GRCO,Female,0,Yes,Yes,29,Yes,No,Fiber optic,No,No,Yes,Yes,No,Yes,Month-to-month,No,Mailed check,105.76,3080.99,Yes
9385-OMXT,Female,0,No,No,18,Yes,Yes,DSL,No,No,Yes,Yes,Yes,Yes,Month-to-month,Yes,Electronic check,102.1,1848.87,No
2399-XXXH,Male,0,No,No,41,Yes,Yes,No,No internet service,No internet service,No internet service,No internet service,No internet service,No internet service,Month-to-month,No,Mailed check,44.9,1847.8,No
8864-PBIH,Male,0,Yes,Yes,24,Yes,No,No,No internet service,No internet service,No internet service,No internet service,No internet service,No internet service,Two year,No,Mailed check,36.19,861.05,No
9921-AUKR,Male,1,No,No,34,Yes,No,DSL,Yes,Yes,No,No,No,No,Month-to-month,Yes,Credit card (automatic),73.24,2519.03,No
9985-UOXI,Male,0,No,No,8,Yes,No,DSL,No,Yes,Yes,Yes,Yes,Yes,Month-to-month,No,Electronic check,103.29,827.37,Yes
4456-GLXJ,Female,0,Yes,No,38,Yes,No,Fiber optic,No,No,No,No,Yes,Yes,Month-to-month,Yes,Credit card (automatic),105.19,3980.2,Yes
2660-PFKS,Male,0,No,No,55,Yes,No,Fiber optic,No,No,No,No,No,No,Month-to-month,Yes,Electronic check,78.64,4320.8,No
6586-RYOP,Female,1,No,No,37,Yes,Yes,Fiber optic,Yes,No,No,Yes,No,Yes,Two year,Yes,Electronic check,118.75,4392.0,No
7125-HHBF,Male,1,Yes,No,14,Yes,No,No,No internet service,No internet service,No internet service,No internet service,No internet service,No internet service,One year,No,Mailed check,30.0,428.84,No
3923-BUTY,Female,1,No,No,45,Yes,Yes,No,No internet service,No internet service,No internet service,No internet service,No internet service,No internet service,Month-to-month,No,Electronic check,44.19,1984.5,No
5171-QFGF,Male,0,No,No,36,Yes,Yes,Fiber optic,No,Yes,No,No,Yes,No,Month-to-month,No,Bank transfer (automatic),108.05,3890.83,Yes
8476-DUIE,Male,1,Yes,No,59,Yes,No,DSL,No,No,No,No,No,No,Month-to-month,Yes,Credit card (automatic),62.26,3652.28,No
1841-OHWD,Female,0,Yes,No,61,Yes,Yes,Fiber optic,No,Yes,Yes,No,No,Yes,Month-to-month,Yes,Mailed check,118.75,7239.12,No
7405-MSJO,Female,0,Yes,Yes,30,Yes,Yes,Fiber optic,Yes,Yes,Yes,No,Yes,No,Month-to-month,Yes,Electronic check,118.75,3557.06,Yes
8857-NCKJ,Male,0,Yes,Yes,29,Yes,Yes,Fiber optic,No,No,Yes,Yes,Yes,No,Month-to-month,Yes,Mailed check,114.99,3363.64,Yes
4960-BMSE,Female,0,No,No,65,Yes,No,DSL,No,No,Yes,No,Yes,No,Month-to-month,No,Mailed check,72.5,4707.49,No
1201-LTMU,Female,0,Yes,Yes,6,Yes,Yes,DSL,No,Yes,No,No,No,Yes,Month-to-month,Yes,Electronic check,92.48,553.74,Yes
1751-VUZA,Female,0,No,No,29,Yes,No,Fiber optic,No,No,No,Yes,No,Yes,Month-to-month,Yes,Electronic check,99.64,2862.99,Yes
2205-IPSO,Female,1,No,No,32,Yes,No,Fiber optic,No,No,No,No,No,No,One year,No,Mailed check,79.8,2576.35,No
8519-LNCD,Male,0,Yes,No,37,Yes,No,Fiber optic,Yes,No,Yes,Yes,Yes,No,One year,Yes,Credit card (automatic),111.49,4088.69,No
4365-PMLV,Female,1,No,No,18,Yes,Yes,DSL,Yes,No,No,No,No,No,Two year,Yes,Credit card (automatic),76.18,1339.59,No
2665-MCMY,Male,0,No,Yes,8,Yes,No,DSL,No,No,Yes,No,Yes,No,Month-to-month,Yes,Credit card (automatic),81.16,669.32,Yes
1136-TAMB,Female,0,No,Yes,31,Yes,Yes,DSL,Yes,Yes,No,No,No,No,One year,No,Electronic check,88.35,2732.91,No
9760-YPKO,Male,0,Yes,No,29,Yes,No,No,No internet service,No internet service,No internet service,No internet service,No internet service,No internet service,One year,Yes,Credit card (automatic),30.26,890.48,No
9325-NFSE,Male,0,Yes,Yes,5,Yes,Yes,Fiber optic,No,No,Yes,Yes,Yes,No,One year,Yes,Mailed check,118.75,587.56,No
9318-KDZZ,Male,0,Yes,No,60,Yes,No,Fiber optic,Yes,Yes,Yes,No,Yes,Yes,Month-to-month,Yes,Credit card (automatic),118.75,7111.31,No
9187-IIQH,Male,0,Yes,Yes,36,Yes,Yes,DSL,Yes,Yes,Yes,No,Yes,No,Two year,No,Electronic check,101.44,3645.81,No
4726-IEDZ,Female,0,No,No,70,Yes,Yes,Fiber optic,Yes,No,Yes,Yes,No,Yes,Month-to-month,No,Mailed check,118.75,8267.76,No
2843-RIUC,Female,0,Yes,Yes,19,Yes,No,Fiber optic,No,No,No,No,No,Yes,Month-to-month,Yes,Electronic check,93.68,1777.75,Yes
3280-UXDU,Male,0,Yes,No,29,Yes,No,No,No internet service,No internet service,No internet service,No internet service,No internet service,No internet service,One year,Yes,Electronic check,37.57,1098.29,No
9572-WHUA,Female,0,No,No,17,Yes,Yes,No,No internet service,No internet service,No internet service,No internet service,No internet service,No internet service,Month-to-month,Yes,Mailed check,44.66,751.56,No
2658-IYWL,Female,0,Yes,Yes,62,Yes,Yes,No,No internet service,No internet service,No internet service,No internet service,No internet service,No internet service,One year,No,Electronic check,39.93,2469.1,No
4429-MEUS,Male,0,Yes,No,60,Yes,Yes,Fiber optic,Yes,Yes,Yes,Yes,No,Yes,Month-to-month,No,Bank transfer (automatic),118.75,7089.4,No
7649-AVXR,Female,0,No,No,56,No,No phone service,Fiber optic,No,No,No,No,No,No,One year,Yes,Mailed check,69.45,3900.8,No
5983-ZHZO,Female,0,No,Yes,21,Yes,Yes,No,No internet service,No internet service,No internet service,No internet service,No internet service,No internet service,Month-to-month,Yes,Bank transfer (automatic),43.07,923.87,No
1018-JXPK,Female,1,Yes,Yes,48,Yes,Yes,DSL,No,Yes,Yes,Yes,No,No,Month-to-month,Yes,Bank transfer (automatic),88.91,4239.46,No
1414-LPPT,Female,1,Yes,No,17,Yes,Yes,Fiber optic,Yes,No,Yes,Yes,Yes,No,Month-to-month,Yes,Bank transfer (automatic),118.75,2027.47,Yes
9634-IHJM,Male,0,Yes,No,60,Yes,Yes,Fiber optic,Yes,No,No,No,No,No,Month-to-month,No,Credit card (automatic),90.47,5430.89,No
5561-MMOM,Male,0,No,Yes,67,Yes,Yes,Fiber optic,Yes,No,No,Yes,No,No,Month-to-month,Yes,Electronic check,107.15,7173.52,No
3589-PHSJ,Female,0,No,Yes,6,No,No phone service,Fiber optic,No,No,Yes,No,Yes,Yes,Month-to-month,No,Credit card (automatic),93.07,538.25,Yes
3347-NFUX,Male,0,Yes,Yes,6,Yes,No,Fiber optic,No,No,No,No,Yes,Yes,Month-to-month,Yes,Bank transfer (automatic),101.42,635.07,Yes
4272-GFVA,Male,0,Yes,Yes,64,Yes,No,Fiber optic,Yes,Yes,No,Yes,No,No,Month-to-month,No,Mailed check,103.48,6638.55,No
6630-EKEL,Male,1,No,Yes,39,No,No phone service,DSL,No,Yes,No,No,No,No,One year,Yes,Electronic check,49.57,1920.59,No
5661-BZBV,Male,0,No,No,23,Yes,Yes,Fiber optic,No,Yes,No,Yes,No,No,Two year,Yes,Electronic check,104.59,2411.43,No
2163-HBIP,Female,1,No,No,31,Yes,No,Fiber optic,No,No,Yes,No,Yes,Yes,Month-to-month,Yes,Electronic check,103.5,3210.36,Yes
9187-YONT,Female,1,Yes,No,9,Yes,Yes,DSL,Yes,No,No,No,No,No,Month-to-month,Yes,Mailed check,76.34,685.52,Yes
5259-DKUX,Female,1,No,Yes,8,Yes,No,Fiber optic,No,Yes,Yes,No,No,Yes,Month-to-month,No,Bank transfer (automatic),102.63,816.41,Yes
6978-EBOK,Male,0,No,No,38,Yes,No,DSL,No,No,No,No,No,Yes,Two year,No,Credit card (automatic),68.94,2589.97,No
9154-XQPO,Female,0,No,Yes,2,Yes,No,DSL,Yes,No,Yes,No,Yes,No,Two year,Yes,Bank transfer (automatic),87.52,157.77,No
4362-TOXS,Female,0,No,Yes,68,Yes,Yes,No,No internet service,No internet service,No internet service,No internet service,No internet service,No internet service,Two year,Yes,Bank transfer (automatic),43.59,2995.82,No
3012-MPWL,Female,0,Yes,No,6,No,No phone service,Fiber optic,No,No,No,No,No,No,Month-to-month,No,Credit card (automatic),71.31,419.6,Yes
6104-PIFS,Male,0,Yes,Yes,11,Yes,Yes,Fiber optic,Yes,Yes,Yes,Yes,No,Yes,Month-to-month,Yes,Credit card (automatic),118.75,1281.08,Yes
5502-MUXH,Female,0,Yes,No,22,Yes,No,No,No internet service,No internet service,No internet service,No internet service,No internet service,No internet service,Month-to-month,No,Credit card (automatic),27.99,606.75,No
5587-IVDM,Male,0,Yes,Yes,62,Yes,Yes,Fiber optic,No,Yes,No,No,Yes,Yes,Month-to-month,No,Mailed check,118.21,7321.76,No
1996-XZRU,Male,0,No,No,16,Yes,No,DSL,No,Yes,Yes,No,Yes,No,Two year,Yes,Electronic check,85.91,1408.89,No
7765-YBOH,Male,0,Yes,No,63,Yes,Yes,Fiber optic,Yes,Yes,No,No,No,No,One year,Yes,Credit card (automatic),105.06,6625.84,No
9930-XTTW,Male,1,Yes,No,64,Yes,No,No,No internet service,No internet service,No internet service,No internet service,No internet service,No internet service,Two year,Yes,Electronic check,36.65,2371.64,No
3084-DWLS,Male,0,No,No,27,Yes,Yes,Fiber optic,No,No,No,Yes,Yes,No,Month-to-month,Yes,Electronic check,109.2,2902.89,Yes
1462-YMEL,Female,0,Yes,Yes,57,No,No phone service,Fiber optic,No,No,No,No,Yes,Yes,Month-to-month,Yes,Mailed check,83.72,4784.92,No
6330-BGWE,Male,0,Yes,Yes,17,Yes,No,DSL,No,No,Yes,No,Yes,Yes,Month-to-month,Yes,Electronic check,87.22,1494.84,Yes
1211-KRRG,Male,0,Yes,No,43,Yes,Yes,DSL,No,No,No,Yes,No,Yes,Month-to-month,No,Mailed check,89.13,3836.63,No
4222-TNTT,Male,1,No,No,63,No,No phone service,Fiber optic,Yes,Yes,No,Yes,No,Yes,Month-to-month,Yes,Electronic check,97.43,6138.51,No
9970-BMMI,Female,0,Yes,No,36,Yes,No,DSL,No,Yes,No,Yes,Yes,Yes,Two year,No,Credit card (automatic),102.3,3734.58,No
5272-OXVZ,Female,0,No,No,2,Yes,No,DSL,Yes,Yes,No,No,Yes,No,Month-to-month,Yes,Credit card (automatic),93.31,202.31,Yes
2494-UVVP,Female,0,Yes,Yes,13,Yes,Yes,No,No internet service,No internet service,No internet service,No internet service,No internet service,No internet service,Month-to-month,Yes,Electronic check,46.8,597.36,No
8160-JTLE,Female,1,No,No,6,Yes,No,DSL,No,No,No,Yes,No,Yes,One year,No,Electronic check,77.23,423.26,No
2459-QJFU,Male,0,Yes,Yes,16,Yes,No,DSL,Yes,No,No,Yes,No,No,One year,Yes,Mailed check,82.35,1324.77,No
7579-FLUS,Male,0,No,Yes,69,Yes,Yes,DSL,Yes,No,No,Yes,No,Yes,Two year,No,Mailed check,97.65,6732.79,No
2921-MVTK,Female,0,Yes,No,38,Yes,Yes,Fiber optic,No,No,No,No,No,No,Two year,Yes,Electronic check,91.57,3513.84,No
2996-ZCNH,Male,0,Yes,Yes,4,Yes,No,Fiber optic,No,Yes,Yes,No,No,No,Month-to-month,Yes,Credit card (automatic),94.2,363.56,Yes
1104-OWRH,Female,0,No,No,51,Yes,No,Fiber optic,No,No,No,No,Yes,No,Month-to-month,No,Mailed check,92.9,4744.18,No
3698-EOOZ,Female,1,Yes,Yes,25,Yes,Yes,No,No internet service,No internet service,No internet service,No internet service,No internet service,No internet service,One year,No,Credit card (automatic),50.05,1292.51,No
3822-URLL,Female,0,Yes,Yes,38,No,No phone service,DSL,No,Yes,Yes,No,No,No,Month-to-month,Yes,Bank transfer (automatic),57.26,2181.02,No
3076-KUFU,Male,0,No,Yes,44,Yes,No,Fiber optic,Yes,No,Yes,No,No,No,Month-to-month,Yes,Mailed check,96.4,4252.55,Yes
4657-OAQC,Female,1,Yes,No,30,Yes,No,Fiber optic,Yes,Yes,Yes,No,No,Yes,Month-to-month,No,Mailed check,117.9,3552.13,Yes
5728-KRJU,Female,0,No,No,22,Yes,No,Fiber optic,Yes,No,Yes,Yes,No,No,Month-to-month,Yes,Mailed check,105.73,2328.79,Yes
2830-KHBE,Male,0,Yes,Yes,39,Yes,No,No,No internet service,No internet service,No internet service,No internet service,No internet service,No internet service,One year,Yes,Electronic check,36.35,1413.66,No
1895-JHRY,Male,0,No,Yes,31,Yes,Yes,Fiber optic,No,No,Yes,No,No,No,Two year,No,Mailed check,98.35,3062.1,No
8273-IDBS,Male,0,No,Yes,3,Yes,Yes,Fiber optic,No,No,Yes,No,Yes,Yes,Two year,No,Electronic check,118.75,381.69,No
4273-QCUS,Male,0,Yes,Yes,45,Yes,Yes,DSL,No,No,No,No,Yes,No,Two year,No,Bank transfer (automatic),84.22,3794.95,No
2522-ZVSS,Male,0,No,No,41,Yes,Yes,DSL,Yes,No,Yes,Yes,No,Yes,Two year,Yes,Electronic check,101.21,4150.74,No
3456-RQJX,Male,0,Yes,No,38,Yes,No,DSL,No,No,No,Yes,No,Yes,Month-to-month,Yes,Credit card (automatic),77.57,2980.63,No
9237-SWRK,Female,0,No,No,69,Yes,Yes,Fiber optic,No,No,Yes,No,Yes,No,Month-to-month,No,Mailed check,108.66,7494.53,No
8591-PYXH,Male,1,Yes,Yes,55,Yes,No,DSL,No,Yes,No,Yes,Yes,No,Month-to-month,Yes,Bank transfer (automatic),80.85,4460.42,No
4597-WRXU,Male,0,No,Yes,46,Yes,No,Fiber optic,No,No,No,Yes,No,Yes,Month-to-month,Yes,Bank transfer (automatic),100.35,4620.25,Yes
1565-DQME,Male,1,No,No,37,Yes,No,Fiber optic,No,No,Yes,No,No,No,Month-to-month,No,Electronic check,92.52,3450.53,Yes
3771-ZRTS,Female,0,Yes,No,17,Yes,Yes,No,No internet service,No internet service,No internet service,No internet service,No internet service,No internet service,One year,Yes,Bank transfer (automatic),48.61,826.79,No
4410-UPAE,Male,1,Yes,No,1,Yes,No,Fiber optic,Yes,Yes,No,Yes,No,No,Month-to-month,Yes,Bank transfer (automatic),103.78,109.34,Yes
2726-OZLY,Female,0,Yes,No,53,Yes,No,No,No internet service,No internet service,No internet service,No internet service,No internet service,No internet service,Two year,No,Credit card (automatic),37.47,1960.96,No
3065-RFAQ,Female,0,No,Yes,29,No,No phone service,Fiber optic,Yes,No,No,No,Yes,No,Month-to-month,No,Bank transfer (automatic),84.2,2446.6,Yes
7030-LMTB,Female,0,Yes,Yes,3,Yes,No,Fiber optic,No,Yes,No,No,Yes,No,Month-to-month,No,Bank transfer (automatic),97.89,287.14,Yes
7467-CSYH,Female,0,No,No,6,Yes,No,Fiber optic,Yes,No,No,No,Yes,Yes,Month-to-month,Yes,Credit card (automatic),105.56,615.94,Yes
6963-LJYA,Male,0,Yes,Yes,56,Yes,Yes,DSL,No,Yes,Yes,Yes,Yes,No,Month-to-month,Yes,Bank transfer (automatic),107.24,6004.67,No
2060-TKIN,Male,0,Yes,No,29,Yes,No,No,No internet service,No internet service,No internet service,No internet service,No internet service,No internet service,Month-to-month,Yes,Bank transfer (automatic),29.05,870.63,No
8492-XZUI,Male,1,No,No,43,Yes,Yes,Fiber optic,Yes,No,No,Yes,No,Yes,Two year,Yes,Electronic check,116.83,5012.73,No
6969-FUYG,Male,0,No,No,28,Yes,Yes,Fiber optic,No,No,Yes,No,No,Yes,Two year,Yes,Electronic check,112.23,3158.53,No
6327-HWJZ,Male,1,No,No,35,Yes,No,Fiber optic,No,Yes,Yes,Yes,Yes,No,One year,No,Bank transfer (automatic),115.12,4017.49,No
1068-KUMT,Male,1,No,No,47,Yes,Yes,Fiber optic,No,Yes,No,No,Yes,No,Month-to-month,Yes,Credit card (automatic),105.75,4947.65,Yes
7797-IJJJ,Female,0,No,Yes,18,Yes,No,Fiber optic,No,Yes,No,Yes,No,No,Month-to-month,Yes,Credit card (automatic),93.24,1688.39,Yes
5018-KKCS,Female,0,No,No,62,Yes,No,Fiber optic,No,Yes,No,No,No,Yes,Month-to-month,No,Credit card (automatic),96.52,6000.89,No
2239-VALO,Male,0,Yes,Yes,1,Yes,No,No,No internet service,No internet service,No internet service,No internet service,No internet service,No internet service,Month-to-month,No,Electronic check,33.8,53.39,Yes
3626-TMRP,Male,0,No,No,13,Yes,No,Fiber optic,Yes,Yes,No,No,Yes,No,Month-to-month,Yes,Credit card (automatic),106.8,1415.19,Yes
1997-JQQH,Male,0,No,No,34,Yes,Yes,No,No internet service,No internet service,No internet service,No internet service,No internet service,No internet service,Two year,Yes,Mailed check,41.88,1435.98,No
2678-AGYJ,Male,0,No,No,20,Yes,No,Fiber optic,No,No,No,No,Yes,No,Month-to-month,Yes,Bank transfer (automatic),90.71,1806.78,Yes
3926-XPWN,Male,0,No,No,16,Yes,No,Fiber optic,No,No,No,No,Yes,No,One year,Yes,Electronic check,87.63,1369.51,No
8410-LSRN,Male,0,Yes,No,31,Yes,No,DSL,No,No,Yes,No,Yes,No,One year,Yes,Electronic check,79.4,2455.28,No
6814-ICZW,Female,0,Yes,Yes,22,Yes,Yes,DSL,No,No,No,No,Yes,No,Two year,No,Electronic check,84.98,1901.88,No
7219-TQEH,Female,1,Yes,No,5,No,No phone service,DSL,No,Yes,No,No,Yes,Yes,Month-to-month,Yes,Electronic check,74.37,356.36,Yes
5547-OSOZ,Male,0,No,Yes,28,Yes,No,No,No internet service,No internet service,No internet service,No internet service,No internet service,No internet service,Month-to-month,Yes,Electronic check,32.7,902.2,No
4661-PXJX,Male,0,Yes,No,62,Yes,No,Fiber optic,No,Yes,No,No,No,No,One year,No,Bank transfer (automatic),88.28,5451.1,No
1051-KBSC,Male,1,Yes,No,69,Yes,Yes,DSL,Yes,No,No,No,No,Yes,Month-to-month,No,Credit card (automatic),89.09,6146.99,No
8491-KMRR,Female,0,No,No,3,Yes,No,Fiber optic,Yes,Yes,No,Yes,Yes,Yes,One year,No,Electronic check,118.71,376.74,No
9978-LAXF,Female,0,No,No,57,Yes,No,No,No internet service,No internet service,No internet service,No internet service,No internet service,No internet service,Month-to-month,Yes,Credit card (automatic),33.87,1983.94,No
8792-CACD,Female,0,Yes,No,30,Yes,No,Fiber optic,Yes,No,No,No,No,No,Two year,Yes,Electronic check,91.42,2705.95,No
2701-GWYH,Female,0,No,No,21,Yes,Yes,No,No internet service,No internet service,No internet service,No internet service,No internet service,No internet service,Two year,No,Mailed check,47.76,977.54,No
3316-DFKA,Female,0,Yes,No,26,Yes,Yes,No,No internet service,No internet service,No internet service,No internet service,No internet service,No internet service,Month-to-month,Yes,Electronic check,40.0,1073.93,No
7343-VBHT,Male,0,No,Yes,15,Yes,No,Fiber optic,Yes,No,No,Yes,Yes,No,Month-to-month,No,Mailed check,107.29,1609.43,Yes
9355-QGJE,Male,1,No,No,5,Yes,Yes,DSL,Yes,Yes,No,No,No,Yes,Month-to-month,Yes,Bank transfer (automatic),97.87,482.02,Yes
1105-LUTF,Female,0,Yes,Yes,6,Yes,No,Fiber optic,No,No,No,No,No,No,Month-to-month,Yes,Credit card (automatic),75.9,415.08,Yes
1698-GKXL,Male,0,Yes,No,13,Yes,Yes,Fiber optic,No,Yes,Yes,No,No,Yes,Two year,Yes,Mailed check,118.75,1560.5,No
4491-BBQU,Female,0,Yes,Yes,2,Yes,No,No,No internet service,No internet service,No internet service,No internet service,No internet service,No internet service,One year,Yes,Electronic check,38.56,71.56,No
6407-BDYK,Female,0,Yes,Yes,48,Yes,No,DSL,Yes,Yes,Yes,No,No,Yes,Month-to-month,No,Electronic check,92.84,4467.32,Yes
4506-XZMV,Female,0,Yes,No,35,Yes,Yes,DSL,No,Yes,No,Yes,Yes,Yes,Month-to-month,No,Bank transfer (automatic),106.6,3719.25,No
5761-URSX,Male,0,No,No,28,Yes,No,Fiber optic,No,Yes,No,No,No,Yes,Month-to-month,Yes,Electronic check,101.9,2842.54,Yes
2646-LYKW,Male,1,Yes,No,3,Yes,No,DSL,Yes,No,No,No,No,No,Month-to-month,Yes,Bank transfer (automatic),70.56,213.43,Yes
2440-PMFW,Male,0,No,No,39,Yes,No,DSL,No,No,Yes,No,No,No,Month-to-month,No,Bank transfer (automatic),69.59,2714.99,No
8713-YCFP,Male,0,No,Yes,40,Yes,No,No,No internet service,No internet service,No internet service,No internet service,No internet service,No internet service,Month-to-month,No,Electronic check,37.92,1510.14,No
2637-XMDO,Male,0,No,Yes,21,Yes,Yes,No,No internet service,No internet service,No internet service,No internet service,No internet service,No internet service,Month-to-month,No,Credit card (automatic),48.99,1031.12,No
2093-AILY,Female,0,Yes,Yes,3,Yes,Yes,DSL,No,Yes,No,No,No,No,Month-to-month,Yes,Electronic check,75.96,246.49,Yes
4126-KMAS,Female,0,Yes,No,22,Yes,Yes,Fiber optic,Yes,No,No,No,No,No,Two year,No,Bank transfer (automatic),96.79,2097.33,No
9027-UDEW,Female,0,No,No,3,Yes,Yes,DSL,Yes,Yes,No,No,No,No,Month-to-month,Yes,Mailed check,85.14,237.87,Yes
6156-SCKB,Male,0,No,No,67,Yes,No,Fiber optic,Yes,No,No,No,No,No,One year,No,Bank transfer (automatic),79.81,5347.25,No
2845-NFSA,Male,0,Yes,Yes,17,Yes,No,Fiber optic,No,Yes,Yes,Yes,Yes,No,Two year,Yes,Mailed check,112.35,1916.81,No
5294-BXSA,Male,0,No,Yes,0,Yes,Yes,Fiber optic,No,Yes,Yes,No,No,No,Two year,Yes,Mailed check,109.74, ,No
5072-UQJF,Female,0,Yes,No,31,Yes,No,Fiber optic,No,Yes,No,Yes,Yes,Yes,One year,Yes,Bank transfer (automatic),118.75,3684.14,No
6858-TXOU,Female,0,Yes,Yes,20,Yes,No,No,No internet service,No internet service,No internet service,No internet service,No internet service,No internet service,Month-to-month,No,Mailed check,35.54,707.27,No
6209-TFCJ,Female,0,No,No,37,Yes,No,DSL,No,Yes,Yes,Yes,No,No,Month-to-month,No,Bank transfer (automatic),82.27,3045.16,No
6728-VPQJ,Male,1,No,Yes,25,No,No phone service,Fiber optic,No,No,Yes,Yes,No,Yes,Month-to-month,Yes,Electronic check,94.1,2344.17,Yes
7795-SHWH,Male,0,Yes,No,40,Yes,No,DSL,No,No,Yes,Yes,No,No,Month-to-month,No,Bank transfer (automatic),73.32,2967.26,No
8241-RJGD,Female,1,Yes,No,48,Yes,Yes,Fiber optic,No,Yes,No,Yes,No,No,Month-to-month,No,Mailed check,113.23,5450.71,Yes
1298-SEZH,Female,0,Yes,No,40,Yes,Yes,DSL,No,Yes,No,Yes,No,No,Month-to-month,No,Bank transfer (automatic),84.38,3350.08,No
6057-XNIJ,Female,0,No,No,58,Yes,Yes,DSL,No,Yes,No,Yes,Yes,No,Month-to-month,No,Mailed check,91.37,5301.69,No
5108-ANBD,Female,0,Yes,Yes,3,Yes,No,Fiber optic,No,No,Yes,No,No,No,One year,No,Bank transfer (automatic),92.43,314.96,No
4611-SADK,Male,0,Yes,Yes,12,Yes,Yes,DSL,No,Yes,Yes,Yes,No,No,One year,Yes,Credit card (automatic),101.34,1203.35,No
3316-RJEA,Female,0,Yes,No,60,Yes,No,DSL,Yes,No,Yes,Yes,No,Yes,Two year,No,Electronic check,102.68,6175.27,No
5983-ZRCC,Male,0,Yes,No,50,Yes,No,No,No internet service,No internet service,No internet service,No internet service,No internet service,No internet service,Month-to-month,No,Mailed check,33.1,1679.25,No
1259-GMIC,Male,0,No,Yes,34,Yes,No,No,No internet service,No internet service,No internet service,No internet service,No internet service,No internet service,Two year,Yes,Electronic check,39.49,1315.64,No
6178-JOAV,Male,0,Yes,Yes,64,Yes,No,No,No internet service,No internet service,No internet service,No internet service,No internet service,No internet service,Two year,No,Electronic check,39.56,2515.27,No
4508-JGGC,Male,0,No,No,48,Yes,No,No,No internet service,No internet service,No internet service,No internet service,No internet service,No internet service,Month-to-month,No,Bank transfer (automatic),42.15,2022.24,No
9423-CZEM,Male,0,Yes,No,48,Yes,No,DSL,No,Yes,No,Yes,Yes,No,Month-to-month,Yes,Credit card (automatic),85.21,4096.32,No
6868-HRGJ,Female,0,No,No,13,Yes,Yes,DSL,Yes,No,No,No,Yes,Yes,Two year,No,Electronic check,95.75,1236.33,No
8913-WKLM,Male,1,Yes,No,36,Yes,Yes,Fiber optic,Yes,Yes,No,Yes,Yes,No,Two year,Yes,Electronic check,118.75,4290.61,No
8527-QXNQ,Female,1,No,Yes,29,Yes,No,No,No internet service,No internet service,No internet service,No internet service,No internet service,No internet service,Month-to-month,Yes,Credit card (automatic),36.08,1058.26,No
6192-TJIA,Female,0,Yes,No,13,Yes,Yes,DSL,Yes,No,Yes,No,No,No,One year,Yes,Electronic check,82.95,1071.48,No
4671-CKGR,Male,0,No,No,26,Yes,No,Fiber optic,No,Yes,Yes,Yes,No,No,Month-to-month,Yes,Electronic check,102.88,2659.57,Yes
2944-RPXP,Female,0,No,No,61,Yes,Yes,No,No internet service,No internet service,No internet service,No internet service,No internet service,No internet service,Month-to-month,Yes,Credit card (automatic),49.6,3011.05,No
4540-JIHS,Female,0,No,No,2,Yes,No,DSL,Yes,No,Yes,No,No,No,Month-to-month,No,Bank transfer (automatic),78.49,175.32,Yes
8010-ZXIB,Female,0,Yes,Yes,69,No,No phone service,Fiber optic,Yes,No,Yes,Yes,No,Yes,Month-to-month,Yes,Electronic check,99.64,6877.96,No
5669-HRHE,Female,0,No,Yes,38,No,No phone service,Fiber optic,Yes,Yes,No,Yes,No,No,Month-to-month,Yes,Electronic check,86.87,3257.32,Yes
4261-JODC,Male,0,Yes,Yes,18,Yes,Yes,Fiber optic,Yes,No,No,Yes,Yes,No,Two year,Yes,Mailed check,113.73,2043.75,No
4351-IPPO,Female,0,No,No,38,Yes,No,Fiber optic,No,No,No,No,Yes,No,Month-to-month,Yes,Electronic check,86.34,3273.89,Yes
8863-IQUL,Female,0,Yes,No,9,Yes,No,DSL,No,Yes,No,No,No,No,Two year,No,Bank transfer (automatic),66.63,580.0,No
3311-NRLN,Male,0,Yes,Yes,46,Yes,Yes,DSL,No,Yes,Yes,No,No,No,Month-to-month,Yes,Electronic check,82.82,3838.1,Yes
2363-WEAM,Male,0,Yes,No,22,Yes,Yes,Fiber optic,No,No,No,No,No,Yes,Two year,No,Credit card (automatic),102.4,2231.28,No
1577-PEVA,Male,0,Yes,No,58,Yes,Yes,No,No internet service,No internet service,No internet service,No internet service,No internet service,No internet service,Month-to-month,No,Electronic check,43.43,2510.68,No
2931-SVVW,Male,0,Yes,Yes,19,Yes,Yes,Fiber optic,Yes,No,Yes,No,No,No,Month-to-month,Yes,Credit card (automatic),105.27,1999.64,Yes
9427-SPQM,Male,0,Yes,No,44,Yes,Yes,No,No internet service,No internet service,No internet service,No internet service,No internet service,No internet service,Two year,No,Mailed check,41.65,1825.53,No
6659-CEDO,Female,0,No,No,43,Yes,No,No,No internet service,No internet service,No internet service,No internet service,No internet service,No internet service,Month-to-month,Yes,Bank transfer (automatic),31.58,1405.05,No
5432-LWND,Male,0,No,Yes,17,Yes,No,Fiber optic,No,No,Yes,No,No,Yes,Month-to-month,No,Credit card (automatic),96.46,1626.63,Yes
8850-FDMT,Female,0,Yes,No,47,Yes,No,Fiber optic,No,No,No,Yes,No,Yes,Month-to-month,Yes,Bank transfer (automatic),101.39,4782.96,Yes
5718-RQSJ,Male,0,Yes,No,0,Yes,No,DSL,Yes,No,Yes,Yes,Yes,No,Month-to-month,No,Bank transfer (automatic),91.43, ,Yes
2252-LYOW,Female,0,No,Yes,31,Yes,Yes,Fiber optic,No,No,Yes,No,No,No,Month-to-month,No,Electronic check,96.39,2994.84,Yes
9227-HTVQ,Female,0,Yes,No,63,Yes,Yes,DSL,Yes,Yes,No,No,Yes,No,Two year,No,Mailed check,99.35,6273.59,No
7909-FPZE,Male,0,No,Yes,6,Yes,No,Fiber optic,No,Yes,Yes,Yes,No,No,Month-to-month,No,Mailed check,108.66,654.87,Yes
5653-BQFK,Female,0,No,No,70,Yes,Yes,No,No internet service,No internet service,No internet service,No internet service,No internet service,No internet service,Two year,No,Bank transfer (automatic),41.42,2881.05,No
1256-EHDS,Male,0,No,No,45,Yes,Yes,DSL,No,Yes,No,No,Yes,No,Two year,No,Credit card (automatic),87.03,3927.17,No
6700-EXPV,Female,1,No,No,23,Yes,No,No,No internet service,No internet service,No internet service,No internet service,No internet service,No internet service,Two year,Yes,Credit card (automatic),44.17,980.43,No
9674-RDSI,Male,0,No,No,68,Yes,No,Fiber optic,No,Yes,Yes,Yes,No,Yes,Month-to-month,No,Bank transfer (automatic),114.21,7770.18,No
8044-DPJI,Female,1,Yes,Yes,35,Yes,Yes,Fiber optic,Yes,No,No,Yes,No,No,One year,Yes,Mailed check,106.16,3688.57,No
8413-ZQRO,Female,0,Yes,No,66,Yes,Yes,Fiber optic,No,No,No,No,No,Yes,Month-to-month,Yes,Credit card (automatic),99.41,6587.89,No
5659-IFFK,Male,0,Yes,No,49,Yes,No,Fiber optic,Yes,No,No,Yes,No,Yes,Two year,No,Bank transfer (automatic),105.8,5184.05,No
1443-TCWL,Male,0,No,No,58,Yes,Yes,Fiber optic,No,No,Yes,No,No,Yes,One year,Yes,Electronic check,103.49,6023.5,No
9302-GYVR,Male,1,Yes,Yes,57,Yes,Yes,Fiber optic,Yes,Yes,Yes,Yes,Yes,No,Month-to-month,No,Electronic check,118.75,6799.05,No
2941-OHVI,Male,0,No,No,45,Yes,No,Fiber optic,No,No,Yes,Yes,Yes,No,One year,Yes,Electronic check,109.32,4893.9,No
1815-TCEC,Male,0,Yes,No,69,Yes,Yes,No,No internet service,No internet service,No internet service,No internet service,No internet service,No internet service,Month-to-month,Yes,Credit card (automatic),46.79,3238.24,No
6691-BBDC,Male,0,Yes,Yes,22,Yes,Yes,DSL,Yes,Yes,No,No,No,Yes,One year,No,Credit card (automatic),94.39,2080.89,No
8752-WVZL,Male,1,Yes,No,11,Yes,No,Fiber optic,Yes,No,No,No,Yes,No,Month-to-month,Yes,Bank transfer (automatic),97.29,1083.41,Yes
2111-ISLP,Male,0,No,No,27,Yes,Yes,Fiber optic,No,No,No,Yes,No,No,Two year,No,Electronic check,97.3,2629.12,No
2561-WYAJ,Male,1,No,No,57,Yes,No,Fiber optic,Yes,No,Yes,Yes,No,No,One year,No,Bank transfer (automatic),97.1,5532.27,No
6560-WJDK,Male,0,No,No,60,Yes,No,DSL,No,No,No,No,No,Yes,Month-to-month,No,Electronic check,67.39,4080.25,No
6243-VKKV,Female,0,No,Yes,54,Yes,Yes,Fiber optic,No,Yes,No,No,Yes,Yes,One year,No,Mailed check,114.09,6136.52,No
7117-OBUW,Female,0,No,Yes,33,Yes,No,No,No internet service,No internet service,No internet service,No internet service,No internet service,No internet service,Month-to-month,No,Electronic check,39.98,1322.26,No
3876-XKUL,Male,0,No,No,17,Yes,No,Fiber optic,No,No,No,Yes,Yes,Yes,Two year,Yes,Bank transfer (automatic),109.11,1851.97,No
6241-CICB,Male,1,Yes,No,34,Yes,No,Fiber optic,No,Yes,No,No,No,Yes,Two year,Yes,Bank transfer (automatic),91.48,3126.78,No
6669-XFQH,Female,0,Yes,Yes,47,Yes,Yes,DSL,No,No,No,No,No,Yes,Two year,No,Credit card (automatic),83.61,3951.59,No
4008-YHVO,Male,1,Yes,No,36,Yes,Yes,Fiber optic,No,No,No,No,No,Yes,Month-to-month,No,Electronic check,100.99,3674.29,Yes
6420-YHTR,Female,0,No,Yes,40,Yes,No,No,No internet service,No internet service,No internet service,No internet service,No internet service,No internet service,Month-to-month,No,Credit card (automatic),36.7,1444.19,No
6485-OFAG,Female,0,Yes,Yes,5,Yes,No,DSL,Yes,No,Yes,No,Yes,No,One year,No,Credit card (automatic),87.3,415.02,No
6980-FELZ,Female,0,Yes,No,38,Yes,Yes,Fiber optic,No,No,No,Yes,Yes,Yes,One year,No,Electronic check,118.75,4505.4,No
7397-CVTN,Female,0,No,Yes,3,No,No phone service,Fiber optic,No,No,No,No,No,No,Month-to-month,No,Mailed check,65.58,163.75,Yes
4237-DOQE,Female,0,Yes,No,15,Yes,No,Fiber optic,No,No,Yes,No,Yes,No,Two year,No,Credit card (automatic),91.56,1344.58,No
2897-IDZI,Male,0,No,No,51,Yes,Yes,DSL,Yes,Yes,No,No,No,No,Month-to-month,No,Electronic check,87.4,4458.69,No
3567-CVTA,Female,0,No,No,18,Yes,No,DSL,No,No,No,Yes,No,Yes,Month-to-month,Yes,Electronic check,78.88,1414.04,No
3559-YTEC,Male,1,No,No,16,No,No phone service,DSL,No,No,No,No,No,Yes,One year,No,Bank transfer (automatic),60.11,963.29,No
2884-YWXS,Female,1,No,No,44,Yes,No,DSL,Yes,No,Yes,No,No,Yes,Two year,Yes,Mailed check,89.08,3925.36,No
3610-PWHN,Female,0,No,Yes,1,Yes,No,DSL,No,No,Yes,Yes,No,No,One year,Yes,Bank transfer (automatic),75.24,76.99,No
3660-ASEC,Female,0,No,No,1,Yes,Yes,Fiber optic,No,Yes,No,No,No,Yes,Two year,Yes,Bank transfer (automatic),111.32,113.15,No
8102-QGQZ,Male,0,Yes,Yes,54,Yes,No,DSL,Yes,Yes,No,No,Yes,Yes,Two year,Yes,Electronic check,98.23,5306.93,No
6237-VNWL,Female,0,No,No,3,No,No phone service,No,No internet service,No internet service,No internet service,No internet service,No internet service,No internet service,Month-to-month,Yes,Credit card (automatic),19.63,48.08,No
9416-CLIB,Female,0,No,No,11,Yes,No,Fiber optic,Yes,No,No,Yes,No,No,One year,No,Credit card (automatic),96.6,1041.26,No
6348-CLLU,Male,0,Yes,No,53,Yes,Yes,Fiber optic,Yes,No,No,No,No,Yes,Month-to-month,Yes,Electronic check,111.22,5867.08,Yes
5223-ACKM,Male,0,Yes,No,59,Yes,No,DSL,Yes,Yes,Yes,No,Yes,No,Two year,Yes,Bank transfer (automatic),89.13,5254.87,No
6023-VWJS,Female,0,Yes,No,28,Yes,Yes,DSL,No,No,No,Yes,No,No,Two year,Yes,Electronic check,80.86,2257.2,No
9612-KIMQ,Female,0,No,Yes,60,Yes,Yes,No,No internet service,No internet service,No internet service,No internet service,No internet service,No internet service,Month-to-month,No,Electronic check,44.33,2720.22,No
5238-MUKA,Female,0,Yes,No,45,Yes,Yes,Fiber optic,No,No,No,No,No,No,Two year,Yes,Electronic check,86.45,3920.15,No
6919-EVPD,Male,0,No,No,48,Yes,Yes,DSL,Yes,No,No,No,No,No,Month-to-month,Yes,Mailed check,76.12,3664.74,No
8352-SRWB,Female,0,Yes,Yes,17,Yes,Yes,Fiber optic,No,Yes,Yes,Yes,Yes,Yes,One year,Yes,Bank transfer (automatic),118.75,1979.95,No
5940-PVHS,Male,0,Yes,Yes,23,No,No phone service,DSL,No,No,No,No,No,No,Month-to-month,Yes,Electronic check,48.01,1087.45,Yes
3975-CSQI,Female,0,Yes,Yes,16,Yes,Yes,Fiber optic,Yes,No,No,Yes,Yes,No,Month-to-month,No,Mailed check,112.55,1816.18,Yes
1980-YUWQ,Male,0,No,No,55,Yes,No,No,No internet service,No internet service,No internet service,No internet service,No internet service,No internet service,Two year,Yes,Bank transfer (automatic),39.93,2196.4,No
9990-DWOL,Male,0,Yes,No,51,Yes,Yes,Fiber optic,No,No,No,Yes,No,Yes,Month-to-month,Yes,Bank transfer (automatic),111.6,5711.6,No
7187-PMKO,Female,0,Yes,No,70,Yes,No,No,No internet service,No internet service,No internet service,No internet service,No internet service,No internet service,Month-to-month,Yes,Credit card (automatic),34.78,2434.6,No
